,model,base_model,ifeval,bbh,math,mmlu-pro,gpqa,musr
0,0-hero/Matter-0.2-7B-DPO,0-hero/Matter-0.2-7B-DPO,0.3302792147058693,0.10055525080241035,0.008308157099697885,0.01817375886524822,0.01230425055928408,0.05871874999999999
1,01-ai/Yi-1.5-34B,01-ai/Yi-1.5-34B,0.28411725333226945,0.42749362688396525,0.15181268882175228,0.4073212174940897,0.15436241610738258,0.11217187500000003
2,01-ai/Yi-1.5-34B-32K,01-ai/Yi-1.5-34B-32K,0.3118691737922047,0.43381846667625723,0.15105740181268884,0.4121232269503546,0.15100671140939595,0.1407786458333333
3,01-ai/Yi-1.5-34B-Chat,01-ai/Yi-1.5-34B-Chat,0.6066758423205982,0.44262825981005655,0.24924471299093656,0.3911606087470449,0.15324384787472037,0.13058072916666666
4,01-ai/Yi-1.5-34B-Chat-16K,01-ai/Yi-1.5-34B-Chat-16K,0.456449997118756,0.44536156546710337,0.20392749244712996,0.3938386524822695,0.1174496644295302,0.13736718750000002
5,01-ai/Yi-1.5-6B,01-ai/Yi-1.5-6B,0.2616601727859857,0.22027904536694773,0.06344410876132932,0.23823507683215125,0.08501118568232664,0.13309114583333334
6,01-ai/Yi-1.5-6B-Chat,01-ai/Yi-1.5-6B-Chat,0.5145270105542183,0.23678723132357843,0.054380664652567974,0.24368351063829788,0.06935123042505593,0.14030468750000002
7,01-ai/Yi-1.5-9B,01-ai/Yi-1.5-9B,0.29358435617494916,0.3050071699492122,0.11329305135951664,0.32402482269503546,0.17225950782997765,0.12030989583333332
8,01-ai/Yi-1.5-9B-32K,01-ai/Yi-1.5-9B-32K,0.23031113002389214,0.28937011582169664,0.10649546827794562,0.30721778959810875,0.145413870246085,0.1082682291666667
9,01-ai/Yi-1.5-9B-Chat,01-ai/Yi-1.5-9B-Chat,0.6045525871354672,0.36952931384178933,0.12764350453172205,0.3305814125295508,0.11297539149888143,0.12838281249999997
10,01-ai/Yi-1.5-9B-Chat-16K,01-ai/Yi-1.5-9B-Chat-16K,0.4214040966856828,0.3149760894701832,0.13444108761329307,0.33261303191489355,0.07829977628635347,0.1003828125
11,01-ai/Yi-34B,01-ai/Yi-34B,0.3045751938190668,0.35542431259008794,0.052114803625377654,0.37906323877068554,0.15548098434004473,0.09648437500000004
12,01-ai/Yi-34B-200K,01-ai/Yi-34B-200K,0.15424850507763843,0.3602211028900003,0.04984894259818731,0.39273049645390073,0.14205816554809844,0.09414843749999997
13,01-ai/Yi-34B-Chat,01-ai/Yi-34B-Chat,0.4698887839820566,0.37623987597243486,0.04682779456193354,0.34369459219858167,0.1174496644295302,0.08363802083333338
14,01-ai/Yi-6B,01-ai/Yi-6B,0.28933784580468713,0.19408504737915055,0.015861027190332326,0.22124335106382978,0.02572706935123044,0.07044270833333335
15,01-ai/Yi-6B-200K,01-ai/Yi-6B-200K,0.08433068702154728,0.20148020103768047,0.01435045317220544,0.20489804964539007,0.04250559284116329,0.16842447916666667
16,01-ai/Yi-6B-Chat,01-ai/Yi-6B-Chat,0.3395213588833185,0.1700016656742376,0.0067975830815709985,0.22900044326241129,0.059284116331096204,0.03565625
17,01-ai/Yi-9B,01-ai/Yi-9B,0.2708779372066118,0.27626956112077933,0.053625377643504536,0.2859781323877068,0.09060402684563762,0.08909114583333334
18,01-ai/Yi-9B-200K,01-ai/Yi-9B-200K,0.2327092115586643,0.2649249509714754,0.06722054380664653,0.291334219858156,0.08724832214765099,0.12109114583333332
19,01-ai/Yi-Coder-9B-Chat,01-ai/Yi-Coder-9B,0.4817041006750976,0.2594315294491389,0.03323262839879154,0.1583554964539007,0.0,0.07963802083333334
20,152334H/miqu-1-70b-sf,152334H/miqu-1-70b-sf,0.5181740005407873,0.43807147003691965,0.12235649546827795,0.35865469858156024,0.13422818791946312,0.17209375
21,1TuanPham/T-VisStar-7B-v0.1,1TuanPham/T-VisStar-7B-v0.1,0.3607040430502179,0.30243834478825987,0.0513595166163142,0.24562278368794324,0.04697986577181204,0.1355416666666667
22,1TuanPham/T-VisStar-v0.1,1TuanPham/T-VisStar-v0.1,0.3607040430502179,0.30243834478825987,0.0513595166163142,0.24562278368794324,0.04697986577181204,0.1355416666666667
23,3rd-Degree-Burn/L-3.1-Science-Writer-8B,Removed,0.4262501274396379,0.2919930078641656,0.1027190332326284,0.2943816489361702,0.03243847874720355,0.11693489583333332
24,3rd-Degree-Burn/Llama-3.1-8B-Squareroot,3rd-Degree-Burn/Llama-3.1-8B-Squareroot (Merge),0.22134381219608415,0.08618063681935198,0.2273413897280967,0.08327792553191489,0.008948545861297527,0.007812499999999996
25,3rd-Degree-Burn/Llama-3.1-8B-Squareroot-v1,Removed,0.2892381104358657,0.06515144725982737,0.06193353474320242,0.014110520094562635,0.007829977628635318,0.017578124999999993
26,3rd-Degree-Burn/Llama-Squared-8B,Removed,0.2755244972229241,0.21277103190106816,0.04531722054380666,0.15179890661938533,0.029082774049216997,0.01951822916666667
27,4season/final_model_test_v2,4season/final_model_test_v2,0.3191132860809319,0.47410670136906424,0.013595166163141997,0.2808990839243498,0.10290827740492169,0.12430989583333334
28,AALF/FuseChat-Llama-3.1-8B-Instruct-preview,AALF/FuseChat-Llama-3.1-8B-Instruct-preview,0.7189579205397234,0.3084806521622957,0.0702416918429003,0.30361628250591016,0.0738255033557047,0.061500000000000055
29,AALF/FuseChat-Llama-3.1-8B-SFT-preview,AALF/FuseChat-Llama-3.1-8B-SFT-preview,0.7280504616639405,0.3253678156315301,0.11404833836858005,0.3048167848699764,0.0727069351230425,0.09749999999999998
30,AALF/gemma-2-27b-it-SimPO-37K,google/gemma-2-27b,0.24065257959990605,0.15307880971954302,0.0,0.10793439716312056,0.04026845637583895,0.01595052083333333
31,AALF/gemma-2-27b-it-SimPO-37K-100steps,google/gemma-2-27b,0.2567642743476199,0.15261078322847055,0.0,0.12501846926713947,0.05145413870246088,0.007812499999999996
32,AELLM/gemma-2-aeria-infinity-9b,AELLM/gemma-2-aeria-infinity-9b (Merge),0.7593995044260342,0.42090214231377504,0.0,0.3180223108747045,0.11185682326621922,0.09046093750000005
33,AELLM/gemma-2-lyco-infinity-9b,AELLM/gemma-2-lyco-infinity-9b (Merge),0.731647583966099,0.3978753882674737,0.0,0.3096187943262411,0.10402684563758392,0.08912760416666671
34,AGI-0/Artificium-llama3.1-8B-001,Removed,0.5247687247614108,0.19348898073239648,0.11027190332326281,0.2423906619385342,0.021252796420581685,0.051656250000000015
35,AGI-0/smartllama3.1-8B-001,Removed,0.35178659290682057,0.248577369132814,0.11858006042296072,0.2762817671394799,0.07494407158836691,0.14397395833333332
36,AI-MO/NuminaMath-7B-CoT,deepseek-ai/deepseek-math-7b-base,0.2688544173903022,0.19152364282090306,0.08836858006042297,0.2075760933806146,0.021252796420581685,0.008263020833333334
37,AI-MO/NuminaMath-7B-TIR,deepseek-ai/deepseek-math-7b-base,0.27562423259174545,0.1687354725795866,0.0188821752265861,0.19252364066193853,0.011185682326621947,0.04199218749999999
38,AI-Sweden-Models/Llama-3-8B-instruct,meta-llama/Meta-Llama-3-8B,0.24012841482821137,0.18388095615027525,0.004531722054380665,0.17747118794326236,0.021252796420581685,0.19936718749999996
39,AI-Sweden-Models/gpt-sw3-40b,AI-Sweden-Models/gpt-sw3-40b,0.1470298807164989,0.06894934050796576,0.00906344410876133,0.03064051418439715,0.0,0.028382812499999997
40,Aashraf995/Creative-7B-nerd,Aashraf995/Creative-7B-nerd (Merge),0.4721871301480073,0.37080153817355194,0.2854984894259819,0.38802083333333337,0.1017897091722595,0.14942708333333335
41,Aashraf995/Gemma-Evo-10B,Aashraf995/Gemma-Evo-10B (Merge),0.7332211864519474,0.4342455936867185,0.20090634441087613,0.363918439716312,0.13870246085011187,0.1666822916666666
42,Aashraf995/Qwen-Evo-7B,Aashraf995/Qwen-Evo-7B (Merge),0.4757343847657549,0.38585326990506125,0.2998489425981873,0.3846963652482269,0.10067114093959727,0.15534895833333334
43,Aashraf995/QwenStock-14B,Aashraf995/QwenStock-14B (Merge),0.5008632650256873,0.5043389870716875,0.33383685800604224,0.4869237588652482,0.18568232662192394,0.19274218750000002
44,AbacusResearch/Jallabi-34B,AbacusResearch/Jallabi-34B,0.35286041037779753,0.43615764987195055,0.03927492447129909,0.40907579787234044,0.11856823266219241,0.2023880208333333
45,Ahdoot/StructuredThinker-v0.3-MoreStructure,Ahdoot/StructuredThinker-v0.3-MoreStructure (Merge),0.41928084150055184,0.2725854177780241,0.2348942598187311,0.2900413711583924,0.06263982102908276,0.10011197916666667
46,Ahdoot/Test_StealthThinker,Ahdoot/Test_StealthThinker (Merge),0.42200361706937595,0.25366571749083094,0.14577039274924472,0.28856382978723405,0.06152125279642054,0.11938541666666666
47,Alepach/notHumpback-M0,meta-llama/Llama-3.2-3B,0.2541667220752049,0.015279159239453353,0.015105740181268883,0.015865100472813233,0.0,0.026166666666666668
48,Alepach/notHumpback-M1,meta-llama/Llama-3.2-3B,0.2420765790325226,0.02233131279750579,0.011329305135951661,0.009862588652482256,0.0,0.027794270833333332
49,Alibaba-NLP/gte-Qwen2-7B-instruct,Alibaba-NLP/gte-Qwen2-7B-instruct,0.22554045488193553,0.21925482485662362,0.038519637462235655,0.2579048463356974,0.0,0.06315104166666666
50,Alsebay/Qwen2.5-7B-test-novelist,Qwen/Qwen2.5-7B,0.5351600420218354,0.30417500036352996,0.1608761329305136,0.31839169621749414,0.05480984340044745,0.1829401041666667
51,ArliAI/ArliAI-RPMax-12B-v1.1,ArliAI/ArliAI-RPMax-12B-v1.1,0.5348852156721943,0.24809063317932772,0.1027190332326284,0.2649231678486998,0.04250559284116329,0.05563802083333336
52,ArliAI/Llama-3.1-8B-ArliAI-RPMax-v1.1,ArliAI/Llama-3.1-8B-ArliAI-RPMax-v1.1,0.6359016298975607,0.28787014099442826,0.1299093655589124,0.2834847813238771,0.044742729306487705,0.05310937500000001
53,Artples/L-MChat-7b,Artples/L-MChat-7b (Merge),0.5296646231997766,0.24201557388813272,0.09138972809667674,0.2554114952718676,0.0738255033557047,0.08124739583333333
54,Artples/L-MChat-Small,Artples/L-MChat-Small (Merge),0.32870561222002065,0.2685651550003135,0.017371601208459216,0.16269577423167847,0.02348993288590602,0.09265885416666662
55,Aryanne/SHBA,Aryanne/SHBA (Merge),0.7816560060639105,0.3247770265291174,0.17371601208459214,0.32134677895981084,0.0738255033557047,0.1111692708333333
56,Aryanne/SuperHeart,Aryanne/SuperHeart (Merge),0.5192234382549414,0.318935542126593,0.13897280966767372,0.32356309101654834,0.06823266219239373,0.14713281249999996
57,AtAndDev/Qwen2.5-1.5B-continuous-learnt,Removed,0.45105431366551857,0.19766408804078656,0.08534743202416918,0.2006501182033097,0.026845637583892648,0.02551822916666667
58,AuraIndustries/Aura-4B,AuraIndustries/Aura-4B (Merge),0.38156203318306536,0.22640856727740608,0.04305135951661631,0.18956855791962168,0.05033557046979867,0.07363802083333336
59,AuraIndustries/Aura-8B,AuraIndustries/Aura-8B (Merge),0.7205315230255721,0.3098134841070972,0.15030211480362538,0.3193151595744681,0.04809843400447425,0.0922265625
60,AuraIndustries/Aura-MoE-2x4B,AuraIndustries/Aura-MoE-2x4B (Merge),0.4600969871053249,0.2061384808360901,0.02945619335347432,0.18328900709219859,0.029082774049216997,0.09830468750000002
61,AuraIndustries/Aura-MoE-2x4B-v2,AuraIndustries/Aura-MoE-2x4B-v2 (Merge),0.4777822843388875,0.20801181076748462,0.023413897280966767,0.17885638297872342,0.05033557046979867,0.1042447916666667
62,Aurel9/testmerge-7b,Aurel9/testmerge-7b (Merge),0.39799842196483115,0.32792793327636355,0.06722054380664652,0.22807697990543732,0.06711409395973152,0.17133072916666667
63,Azure99/blossom-v5-32b,Azure99/blossom-v5-32b,0.523544196066437,0.4288305588471398,0.10422960725075531,0.3593934692671394,0.08165548098434001,0.08350000000000002
64,Azure99/blossom-v5-llama3-8b,Azure99/blossom-v5-llama3-8b,0.434293230849701,0.18306535405618443,0.04380664652567976,0.13397606382978722,0.020134228187919476,0.05310937500000001
65,Azure99/blossom-v5.1-34b,Azure99/blossom-v5.1-34b,0.5696562897556262,0.4414770458838461,0.15709969788519637,0.39531619385342787,0.07941834451901568,0.07298958333333334
66,Azure99/blossom-v5.1-9b,Azure99/blossom-v5.1-9b,0.5085816744016985,0.3420124449031171,0.1163141993957704,0.3310431442080379,0.11409395973154364,0.08024479166666668
67,BAAI/Gemma2-9B-IT-Simpo-Infinity-Preference,google/gemma-2-9b,0.31763831079314,0.42190844059066157,0.0,0.3187610815602837,0.11968680089485462,0.08104947916666669
68,BAAI/Infinity-Instruct-3M-0613-Llama3-70B,BAAI/Infinity-Instruct-3M-0613-Llama3-70B,0.6821134589555712,0.5132716098252211,0.1623867069486405,0.4144318853427896,0.14429530201342286,0.1653255208333333
69,BAAI/Infinity-Instruct-3M-0613-Mistral-7B,BAAI/Infinity-Instruct-3M-0613-Mistral-7B,0.5319873491225504,0.28992936470320585,0.07477341389728098,0.2400820035460993,0.06152125279642054,0.13252083333333334
70,BAAI/Infinity-Instruct-3M-0625-Llama3-70B,BAAI/Infinity-Instruct-3M-0625-Llama3-70B,0.7442120240960651,0.5202816164280523,0.17900302114803626,0.3984559692671394,0.14317673378076065,0.1834036458333333
71,BAAI/Infinity-Instruct-3M-0625-Llama3-8B,BAAI/Infinity-Instruct-3M-0625-Llama3-8B,0.6050268842227513,0.289882222457564,0.06117824773413898,0.2502401004728132,0.03355704697986576,0.05667708333333334
72,BAAI/Infinity-Instruct-3M-0625-Mistral-7B,BAAI/Infinity-Instruct-3M-0625-Mistral-7B,0.5867420666054955,0.2882328942958971,0.07628398791540786,0.24774674940898345,0.04921700223713646,0.1223828125
73,BAAI/Infinity-Instruct-3M-0625-Qwen2-7B,BAAI/Infinity-Instruct-3M-0625-Qwen2-7B,0.5553930238434022,0.3465682860864863,0.06873111782477341,0.32891917848699764,0.08389261744966443,0.06461718749999999
74,BAAI/Infinity-Instruct-3M-0625-Yi-1.5-9B,BAAI/Infinity-Instruct-3M-0625-Yi-1.5-9B,0.5185984299436606,0.3537870748220464,0.15181268882175225,0.34646498226950356,0.13870246085011187,0.16724739583333334
75,BAAI/Infinity-Instruct-7M-0729-Llama3_1-8B,BAAI/Infinity-Instruct-7M-0729-Llama3_1-8B,0.6131952109292232,0.30888804607565573,0.10649546827794562,0.24710032505910168,0.057046979865771785,0.05297135416666668
76,BAAI/Infinity-Instruct-7M-0729-mistral-7B,BAAI/Infinity-Instruct-7M-0729-mistral-7B,0.6161928128476886,0.28697915491520026,0.0649546827794562,0.2526411052009456,0.05369127516778524,0.10040104166666669
77,BAAI/Infinity-Instruct-7M-Gen-Llama3_1-70B,BAAI/Infinity-Instruct-7M-Gen-Llama3_1-70B,0.7335458804859993,0.5249894685232329,0.22960725075528704,0.40076462765957444,0.16778523489932887,0.1697161458333333
78,BAAI/Infinity-Instruct-7M-Gen-Llama3_1-8B,BAAI/Infinity-Instruct-7M-Gen-Llama3_1-8B,0.6131952109292232,0.30888804607565573,0.10649546827794562,0.24710032505910168,0.057046979865771785,0.05297135416666668
79,BAAI/Infinity-Instruct-7M-Gen-mistral-7B,BAAI/Infinity-Instruct-7M-Gen-mistral-7B,0.6146690780462506,0.28697915491520026,0.0649546827794562,0.2526411052009456,0.05369127516778524,0.10040104166666669
80,BAAI/OPI-Llama-3.1-8B-Instruct,meta-llama/Meta-Llama-3.1-8B,0.20745510800232275,0.09768711714241529,0.0,0.12492612293144206,0.03243847874720355,0.035794270833333336
81,BEE-spoke-data/Meta-Llama-3-8Bee,meta-llama/Meta-Llama-3-8B,0.19506575885317623,0.24199032699797488,0.04154078549848943,0.2466385933806146,0.08501118568232664,0.062424479166666665
82,BEE-spoke-data/smol_llama-101M-GQA,BEE-spoke-data/smol_llama-101M-GQA,0.13843712460715346,0.03198004094352794,0.0,0.011894208037825047,0.010067114093959738,0.04275520833333334
83,BEE-spoke-data/smol_llama-220M-GQA,BEE-spoke-data/smol_llama-220M-GQA,0.23860468002677343,0.030378427577205297,0.0,0.016603871158392434,0.007829977628635318,0.09067708333333334
84,BEE-spoke-data/smol_llama-220M-GQA-fineweb_edu,BEE-spoke-data/smol_llama-220M-GQA,0.19881248420856662,0.02314902449149024,0.0,0.014110520094562635,0.01230425055928408,0.14261718750000002
85,BEE-spoke-data/smol_llama-220M-openhermes,BEE-spoke-data/smol_llama-220M-GQA,0.1555229014570229,0.03107692077087363,0.0,0.013371749408983452,0.02348993288590602,0.06224479166666669
86,BEE-spoke-data/tFINE-900m-e16-d32-flan,pszemraj/tFINE-900m-e16-d32-1024ctx,0.15057713533424646,0.04411893932611097,0.0,0.03414967494089834,0.0,0.03718750000000001
87,BEE-spoke-data/tFINE-900m-e16-d32-flan-infinity-instruct-7m-T2T_en-1024,pszemraj/tFINE-900m-e16-d32-1024ctx,0.13206735905176042,0.04737018282627999,0.0,0.026300236406619385,0.0055928411633109736,0.13808854166666668
88,BEE-spoke-data/tFINE-900m-e16-d32-instruct_2e,pszemraj/tFINE-900m-e16-d32-1024ctx,0.1402855534426433,0.05013070335904381,0.0,0.026300236406619385,0.01230425055928408,0.11187239583333336
89,BEE-spoke-data/tFINE-900m-instruct-orpo,BEE-spoke-data/tFINE-900m-instruct-orpo,0.13299157346950535,0.03267300577931774,0.0,0.01688091016548463,0.01230425055928408,0.011067708333333329
90,BSC-LT/salamandra-7b,BSC-LT/salamandra-7b,0.13673829882489574,0.10157421990520298,0.0,0.05474290780141842,0.026845637583892648,0.018617187499999997
91,BSC-LT/salamandra-7b-instruct,BSC-LT/salamandra-7b-instruct (Merge),0.24507418095098785,0.14688128545731285,0.0022658610271903325,0.08946513002364063,0.019015659955257263,0.10213020833333336
92,Ba2han/Llama-Phi-3_DoRA,Ba2han/Llama-Phi-3_DoRA,0.5130531434371911,0.3724916418079274,0.11253776435045318,0.32393247635933803,0.1017897091722595,0.09532552083333336
93,BenevolenceMessiah/Qwen2.5-72B-2x-Instruct-TIES-v1.0,BenevolenceMessiah/Qwen2.5-72B-2x-Instruct-TIES-v1.0 (Merge),0.5473499204333391,0.6191149453060484,0.09365558912386707,0.5142582742316785,0.15659955257270694,0.12016666666666671
94,BenevolenceMessiah/Yi-Coder-9B-Chat-Instruct-TIES-MoE-v1.0,BenevolenceMessiah/Yi-Coder-9B-Chat-Instruct-TIES-MoE-v1.0 (Merge),0.3011531624977282,0.2687799147872171,0.04305135951661631,0.18670582151300238,0.016778523489932917,0.08930729166666668
95,BlackBeenie/Bloslain-8B-v0.2,BlackBeenie/Bloslain-8B-v0.2 (Merge),0.5023371321427148,0.3066290179734066,0.14501510574018128,0.29484338061465726,0.07494407158836691,0.10446614583333334
96,BlackBeenie/Llama-3.1-8B-OpenO1-SFT-v0.1,BlackBeenie/Llama-3.1-8B-OpenO1-SFT-v0.1 (Merge),0.5124037553690873,0.26034289552808826,0.13066465256797583,0.2768358451536643,0.02460850111856823,0.05726562500000003
97,BlackBeenie/Llama-3.1-8B-pythonic-passthrough-merge,BlackBeenie/Llama-3.1-8B-pythonic-passthrough-merge (Merge),0.23158552640327662,0.09359904687487282,0.006042296072507553,0.03692006501182032,0.02460850111856823,0.04593229166666666
98,BlackBeenie/Neos-Gemma-2-9b,BlackBeenie/Neos-Gemma-2-9b (Merge),0.5875665456544192,0.3563885131376662,0.0823262839879154,0.33122783687943264,0.09731543624161071,0.05785416666666667
99,BlackBeenie/Neos-Llama-3.1-8B,BlackBeenie/Neos-Llama-3.1-8B (Merge),0.4943937641014729,0.21080122945815932,0.12915407854984895,0.25134825650118203,0.02460850111856823,0.05740364583333334
100,BlackBeenie/Neos-Llama-3.1-base,BlackBeenie/Neos-Llama-3.1-base,0.17508211545366292,0.022214471263806473,0.0,0.012448286052009452,0.0,0.028382812499999997
101,BlackBeenie/Neos-Phi-3-14B-v0.1,BlackBeenie/Neos-Phi-3-14B-v0.1 (Merge),0.40224493233509306,0.4663138689861978,0.16691842900302112,0.39596261820330964,0.0738255033557047,0.10534375000000003
102,BlackBeenie/llama-3-luminous-merged,BlackBeenie/llama-3-luminous-merged (Merge),0.43234506664538974,0.30643687228787253,0.07854984894259819,0.3081412529550827,0.057046979865771785,0.10628645833333335
103,BlackBeenie/llama-3.1-8B-Galore-openassistant-guanaco,BlackBeenie/llama-3.1-8B-Galore-openassistant-guanaco,0.2634842218646525,0.3144470475906838,0.04833836858006042,0.24516105200945623,0.06711409395973152,0.14578124999999995
104,Bllossom/llama-3.2-Korean-Bllossom-AICA-5B,Bllossom/llama-3.2-Korean-Bllossom-AICA-5B,0.5172497861230424,0.18650222512085887,0.07326283987915408,0.19003028959810872,0.06487695749440718,0.05824479166666667
105,BoltMonkey/DreadMix,BoltMonkey/DreadMix (Merge),0.7094908176970438,0.3484501521605123,0.14954682779456197,0.3099881796690307,0.06599552572706939,0.13619010416666663
106,BoltMonkey/NeuralDaredevil-SuperNova-Lite-7B-DARETIES-abliterated,BoltMonkey/NeuralDaredevil-SuperNova-Lite-7B-DARETIES-abliterated (Merge),0.7998909559967552,0.3075990006920939,0.1163141993957704,0.3037086288416076,0.04138702460850116,0.09467708333333329
107,BoltMonkey/SuperNeuralDreadDevil-8b,BoltMonkey/SuperNeuralDreadDevil-8b (Merge),0.48580100799212755,0.3060671378966961,0.09063444108761329,0.27711288416075647,0.04697986577181204,0.10426822916666667
108,BrainWave-ML/llama3.2-3B-maths-orpo,meta-llama/Llama-3.2-3B-Instruct,0.20490742341431847,0.023470409575204094,0.0,0.018635490543735225,0.01230425055928408,0.04524739583333332
109,BramVanroy/GEITje-7B-ultra,mistralai/Mistral-7B-v0.1,0.37234426876243915,0.12879913010035898,0.00906344410876133,0.11236702127659573,0.016778523489932917,0.015223958333333336
110,BramVanroy/fietje-2,microsoft/phi-2,0.20980332185268424,0.15603676192567875,0.00906344410876133,0.10950428486997636,0.0055928411633109736,0.05161979166666666
111,BramVanroy/fietje-2-chat,microsoft/phi-2,0.2917359273394593,0.17718965848323495,0.005287009063444109,0.1171690307328605,0.0,0.03195052083333334
112,BramVanroy/fietje-2-instruct,microsoft/phi-2,0.2789963962286733,0.17572479808847588,0.005287009063444109,0.1226174645390071,0.0,0.029145833333333346
113,CarrotAI/Llama-3.2-Rabbit-Ko-3B-Instruct,CarrotAI/Llama-3.2-Rabbit-Ko-3B-Instruct (Merge),0.7198821349574684,0.2149731033280348,0.024924471299093656,0.20249704491725765,0.027964205816554788,0.03981250000000002
114,CarrotAI/Llama-3.2-Rabbit-Ko-3B-Instruct-2412,CarrotAI/Llama-3.2-Rabbit-Ko-3B-Instruct-2412 (Merge),0.47818233398493776,0.20175679614215045,0.17220543806646524,0.23712692080378248,0.057046979865771785,0.06801041666666673
115,Casual-Autopsy/L3-Umbral-Mind-RP-v2.0-8B,Casual-Autopsy/L3-Umbral-Mind-RP-v2.0-8B (Merge),0.7122634609502786,0.3248627762381486,0.11027190332326282,0.3026004728132387,0.04921700223713646,0.055500000000000015
116,CausalLM/14B,CausalLM/14B,0.2788213052478535,0.24780942674518666,0.04003021148036254,0.24682328605200943,0.07046979865771814,0.11468229166666669
117,CausalLM/34b-beta,CausalLM/34b-beta,0.3043247472262486,0.36677226262739054,0.04758308157099698,0.4805518617021277,0.12863534675615215,0.06924739583333334
118,Changgil/K2S3-14b-v0.2,Changgil/K2S3-14b-v0.2,0.3242840108689389,0.24283946726650169,0.05211480362537764,0.1826425827423168,0.04138702460850116,0.06799218750000001
119,Changgil/K2S3-v0.1,Changgil/K2S3-v0.1,0.3276561745058666,0.24559557672503785,0.04607250755287009,0.1735926418439716,0.019015659955257263,0.07842447916666667
120,ClaudioItaly/Albacus,ClaudioItaly/Albacus (Merge),0.4667415790103593,0.3163886474402479,0.0702416918429003,0.24054373522458625,0.029082774049216997,0.10658072916666664
121,ClaudioItaly/Book-Gut12B,ClaudioItaly/Book-Gut12B (Merge),0.39984685080032095,0.3463219258973313,0.09894259818731116,0.29669030732860524,0.07606263982102905,0.18276041666666668
122,ClaudioItaly/Evolutionstory-7B-v2.2,ClaudioItaly/Evolutionstory-7B-v2.2 (Merge),0.4813794066410458,0.3162386474402479,0.0702416918429003,0.2398973108747045,0.03355704697986576,0.10658072916666664
123,ClaudioItaly/intelligence-cod-rag-7b-v3,ClaudioItaly/intelligence-cod-rag-7b-v3 (Merge),0.6897820006471718,0.34776158539494423,0.09818731117824774,0.35505319148936165,0.030201342281879207,0.10675520833333335
124,CohereForAI/aya-23-35B,CohereForAI/aya-23-35B,0.6461932117891638,0.3485836046775463,0.03021148036253777,0.26178339243498816,0.059284116331096204,0.1347369791666666
125,CohereForAI/aya-23-8B,CohereForAI/aya-23-8B,0.4698887839820566,0.20203760646739372,0.015861027190332326,0.142010195035461,0.045861297539149914,0.08424479166666664
126,CohereForAI/aya-expanse-32b,CohereForAI/aya-expanse-32b,0.7301737168490715,0.3870961143301418,0.1336858006042296,0.3477578309692671,0.10067114093959727,0.06408854166666668
127,CohereForAI/aya-expanse-8b,CohereForAI/aya-expanse-8b,0.63585176221315,0.2852348250428851,0.0702416918429003,0.22262854609929078,0.07046979865771814,0.044106770833333336
128,CohereForAI/c4ai-command-r-plus,CohereForAI/c4ai-command-r-plus,0.7664186580495308,0.39919954231431765,0.08157099697885198,0.33242833924349874,0.0738255033557047,0.2042317708333333
129,CohereForAI/c4ai-command-r-plus-08-2024,CohereForAI/c4ai-command-r-plus-08-2024,0.7539539532883859,0.4283686540770696,0.1200906344410876,0.380079048463357,0.13422818791946312,0.19835156249999994
130,CohereForAI/c4ai-command-r-v01,CohereForAI/c4ai-command-r-v01,0.6748194789824333,0.34556659257058264,0.0,0.26326093380614657,0.07606263982102905,0.1612890625
131,CohereForAI/c4ai-command-r7b-12-2024,CohereForAI/c4ai-command-r7b-12-2024,0.7713145564878965,0.360245641700103,0.26661631419939574,0.285793439716312,0.07829977628635347,0.10230468750000002
132,Columbia-NLP/LION-Gemma-2b-dpo-v1.0,Columbia-NLP/LION-Gemma-2b-dpo-v1.0,0.3278312654866864,0.14585976093815775,0.04305135951661631,0.07395094562647753,0.0,0.09834635416666668
133,Columbia-NLP/LION-Gemma-2b-odpo-v1.0,Columbia-NLP/LION-Gemma-2b-odpo-v1.0,0.30664858131978706,0.1402392166541634,0.04305135951661631,0.07690602836879433,0.0,0.12056250000000004
134,Columbia-NLP/LION-Gemma-2b-sft-v1.0,Columbia-NLP/LION-Gemma-2b-sft-v1.0,0.3692469314751526,0.1411717086360044,0.06117824773413898,0.08687943262411346,0.007829977628635318,0.08309114583333335
135,Columbia-NLP/LION-LLaMA-3-8b-dpo-v1.0,Columbia-NLP/LION-LLaMA-3-8b-dpo-v1.0,0.4957424079220912,0.30356398875749074,0.09818731117824774,0.24654624704491723,0.04138702460850116,0.10281510416666664
136,Columbia-NLP/LION-LLaMA-3-8b-odpo-v1.0,Columbia-NLP/LION-LLaMA-3-8b-odpo-v1.0,0.396799381197445,0.304571730083507,0.08308157099697883,0.2391585401891253,0.04697986577181204,0.09718749999999998
137,Columbia-NLP/LION-LLaMA-3-8b-sft-v1.0,Columbia-NLP/LION-LLaMA-3-8b-sft-v1.0,0.3817116362362975,0.3088426036029,0.09667673716012085,0.24857786643026003,0.03691275167785232,0.15483854166666666
138,CombinHorizon/Josiefied-abliteratedV4-Qwen2.5-14B-Inst-BaseMerge-TIES,CombinHorizon/Josiefied-abliteratedV4-Qwen2.5-14B-Inst-BaseMerge-TIES (Merge),0.8239958864701216,0.4819594986631396,0.0,0.4421357860520094,0.09955257270693513,0.1265390625
139,CombinHorizon/Rombos-Qwen2.5-7B-Inst-BaseMerge-TIES,CombinHorizon/Rombos-Qwen2.5-7B-Inst-BaseMerge-TIES (Merge),0.7564019025075689,0.34954070231174234,0.0,0.37130614657210403,0.06375838926174497,0.08779427083333333
140,CombinHorizon/YiSM-blossom5.1-34B-SLERP,CombinHorizon/YiSM-blossom5.1-34B-SLERP (Merge),0.5033112142448702,0.4639761279639615,0.21601208459214502,0.41563238770685573,0.14093959731543623,0.14367968750000004
141,CombinHorizon/huihui-ai-abliterated-Qwen2.5-32B-Inst-BaseMerge-TIES,CombinHorizon/huihui-ai-abliterated-Qwen2.5-32B-Inst-BaseMerge-TIES (Merge),0.8206237228331937,0.5604478184089902,0.0,0.5245087174940899,0.11856823266219241,0.12091145833333337
142,CombinHorizon/huihui-ai-abliteratedV2-Qwen2.5-14B-Inst-BaseMerge-TIES,CombinHorizon/huihui-ai-abliteratedV2-Qwen2.5-14B-Inst-BaseMerge-TIES (Merge),0.8175762532303178,0.47767346005909816,0.0,0.43447104018912536,0.08612975391498878,0.1245390625
143,CombinHorizon/zetasepic-abliteratedV2-Qwen2.5-32B-Inst-BaseMerge-TIES,CombinHorizon/zetasepic-abliteratedV2-Qwen2.5-32B-Inst-BaseMerge-TIES (Merge),0.8328136012446973,0.5682740697772573,0.0,0.5205378250591017,0.15659955257270694,0.14224479166666662
144,ContactDoctor/Bio-Medical-3B-CoT-012025,Qwen/Qwen2.5-3B,0.360379349016166,0.22263528103895353,0.11706948640483382,0.21487145390070916,0.0727069351230425,0.03195052083333334
145,ContactDoctor/Bio-Medical-Llama-3-8B,meta-llama/Meta-Llama-3-8B-Instruct,0.44223659889094263,0.2619581129602818,0.07250755287009064,0.29419695626477543,0.11185682326621922,0.017578124999999993
146,CoolSpring/Qwen2-0.5B-Abyme,Qwen/Qwen2-0.5B,0.19151850423542868,0.022764835705971893,0.017371601208459216,0.03701241134751772,0.004474272930648763,0.0147734375
147,CoolSpring/Qwen2-0.5B-Abyme-merge2,CoolSpring/Qwen2-0.5B-Abyme-merge2 (Merge),0.2021846478454944,0.037090413943355126,0.021148036253776436,0.05437352245862883,0.01342281879194629,0.03891145833333334
148,CoolSpring/Qwen2-0.5B-Abyme-merge3,CoolSpring/Qwen2-0.5B-Abyme-merge3 (Merge),0.23860468002677343,0.04301149162861492,0.024924471299093656,0.055574024822695044,0.019015659955257263,0.021283854166666668
149,Corianas/Neural-Mistral-7B,Corianas/Neural-Mistral-7B,0.5489235229191878,0.22431162626805257,0.0188821752265861,0.19307771867612292,0.044742729306487705,0.062088541666666684
150,Corianas/Quokka_2.7b,Corianas/Quokka_2.7b,0.17490702447284318,0.031652676176883505,0.0037764350453172208,0.016142139479905428,0.007829977628635318,0.060874999999999985
151,Corianas/llama-3-reactor,Corianas/llama-3-reactor,0.23001192391742797,0.2188855981925079,0.04833836858006042,0.2000960401891253,0.06375838926174497,0.08014843750000003
152,CortexLM/btlm-7b-base-v0.2,CortexLM/btlm-7b-base-v0.2,0.14832865685270635,0.16193277097085168,0.012084592145015107,0.14995197990543732,0.004474272930648763,0.05542187500000001
153,Cran-May/T.E-8.1,Cran-May/T.E-8.1 (Merge),0.7076922565459647,0.3702437662584371,0.06797583081570997,0.38137189716312053,0.08389261744966443,0.1531510416666667
154,CultriX/Qwen2.5-14B-Broca,CultriX/Qwen2.5-14B-Broca (Merge),0.560414145578177,0.5003441178170109,0.3459214501510574,0.4848921394799055,0.18232662192393737,0.1894869791666667
155,CultriX/Qwen2.5-14B-BrocaV9,CultriX/Qwen2.5-14B-BrocaV9 (Merge),0.6762933460994606,0.4805322494738571,0.29682779456193353,0.4811982860520094,0.15212527964205816,0.1839557291666666
156,CultriX/Qwen2.5-14B-Brocav3,CultriX/Qwen2.5-14B-Brocav3 (Merge),0.6951776841004091,0.4904911178348141,0.32250755287009064,0.479720744680851,0.145413870246085,0.19254427083333325
157,CultriX/Qwen2.5-14B-Brocav6,CultriX/Qwen2.5-14B-Brocav6 (Merge),0.6995239298394925,0.4781922480607394,0.29607250755287007,0.4799054373522459,0.15659955257270694,0.18876041666666668
158,CultriX/Qwen2.5-14B-Brocav7,CultriX/Qwen2.5-14B-Brocav7 (Merge),0.6723715297632503,0.4890536078331687,0.3187311178247734,0.47307180851063824,0.15659955257270694,0.20150520833333327
159,CultriX/Qwen2.5-14B-Emerged,CultriX/Qwen2.5-14B-Emerged (Merge),0.7000237148543641,0.45932419368684657,0.3074018126888218,0.4651300236406619,0.14317673378076065,0.1847005208333333
160,CultriX/Qwen2.5-14B-Emergedv3,CultriX/Qwen2.5-14B-Emergedv3 (Merge),0.6388493641316153,0.44731608242608617,0.20694864048338368,0.46374482860520094,0.1476510067114094,0.18601562500000005
161,CultriX/Qwen2.5-14B-FinalMerge,CultriX/Qwen2.5-14B-FinalMerge (Merge),0.48909781601705693,0.3816247948342354,0.13066465256797583,0.39716312056737585,0.13982102908277402,0.14504947916666666
162,CultriX/Qwen2.5-14B-MegaMerge-pt2,CultriX/Qwen2.5-14B-MegaMerge-pt2 (Merge),0.568307645935008,0.509079030473653,0.27341389728096677,0.49117169030732855,0.17225950782997765,0.1874270833333333
163,CultriX/Qwen2.5-14B-MergeStock,CultriX/Qwen2.5-14B-MergeStock (Merge),0.5685326046002385,0.510093910133211,0.27341389728096677,0.4884013002364066,0.1644295302013422,0.17854427083333335
164,CultriX/Qwen2.5-14B-Unity,CultriX/Qwen2.5-14B-Unity (Merge),0.6738952645646884,0.42258616892913353,0.15332326283987915,0.45284796099290775,0.12975391498881436,0.18760156249999993
165,CultriX/Qwen2.5-14B-Wernicke,CultriX/Qwen2.5-14B-Wernicke (Merge),0.5234699486252034,0.5064287609242263,0.324773413897281,0.4915410756501182,0.1912751677852349,0.1824661458333333
166,CultriX/Qwen2.5-14B-Wernicke-SFT,CultriX/Qwen2.5-14B-Wernicke-SFT (Merge),0.49374437603336924,0.4933057176327372,0.3580060422960725,0.452201536643026,0.13870246085011187,0.07549999999999996
167,CultriX/Qwen2.5-14B-Wernicke-SLERP,Removed,0.5588904107767391,0.4937232709572402,0.09441087613293052,0.45487958037825066,0.12527964205816552,0.11120572916666661
168,CultriX/Qwen2.5-14B-Wernickev3,CultriX/Qwen2.5-14B-Wernickev3 (Merge),0.7048198779239087,0.44576274906181085,0.32779456193353473,0.4612514775413712,0.14988814317673374,0.1869166666666666
169,CultriX/Qwenfinity-2.5-14B,CultriX/Qwenfinity-2.5-14B (Merge),0.4813794066410458,0.37259942422120695,0.1487915407854985,0.3886672576832151,0.1319910514541387,0.15456250000000002
170,CultriX/Qwestion-14B,CultriX/Qwestion-14B (Merge),0.6317803428237078,0.4875703449690036,0.31722054380664655,0.4913563829787233,0.15771812080536915,0.17217187500000006
171,CultriX/SeQwence-14B,CultriX/SeQwence-14B,0.5351600420218354,0.5016357763465521,0.33987915407854985,0.4909869976359338,0.1476510067114094,0.18426822916666663
172,CultriX/SeQwence-14B-EvolMerge,CultriX/SeQwence-14B-EvolMerge (Merge),0.5381576439403006,0.5078035147717979,0.31797583081570996,0.4909869976359338,0.17449664429530198,0.2026041666666666
173,CultriX/SeQwence-14B-EvolMergev1,CultriX/SeQwence-14B-EvolMergev1 (Merge),0.5554683794554005,0.5030225894842213,0.324773413897281,0.48812426122931446,0.16890380313199105,0.17083854166666668
174,CultriX/SeQwence-14B-v5,Removed,0.5919881470055011,0.4999573116031767,0.3104229607250755,0.49052526595744683,0.15995525727069348,0.18327083333333336
175,CultriX/SeQwence-14Bv1,CultriX/SeQwence-14Bv1 (Merge),0.6678003253589365,0.47190897916289226,0.33534743202416917,0.4799977836879433,0.14876957494407161,0.1880338541666666
176,CultriX/SeQwence-14Bv2,CultriX/SeQwence-14Bv2 (Merge),0.5785992278266111,0.4652922387651957,0.21601208459214502,0.48156767139479906,0.1476510067114094,0.17546354166666664
177,CultriX/SeQwence-14Bv3,CultriX/SeQwence-14Bv3 (Merge),0.5719047682371663,0.46385367504504793,0.2212990936555891,0.4816600177304965,0.15324384787472037,0.17270052083333337
178,DRXD1000/Atlas-7B,DRXD1000/Atlas-7B,0.3704459722425387,0.07540207541436388,0.0022658610271903325,0.04458481087470449,0.010067114093959738,0.007812499999999996
179,DRXD1000/Phoenix-7B,DRXD1000/Phoenix-7B,0.32096171491642184,0.15620179664331876,0.0,0.14921320921985815,0.038031319910514526,0.06418489583333332
180,DUAL-GPO/zephyr-7b-ipo-0k-15k-i1,DUAL-GPO/zephyr-7b-ipo-qlora-v0-merged,0.27562423259174545,0.22658642660096362,0.030211480362537766,0.2366651891252955,0.05480984340044745,0.10567968750000002
181,DZgas/GIGABATEMAN-7B,DZgas/GIGABATEMAN-7B (Merge),0.4607463751734288,0.29827516654013997,0.053625377643504536,0.24183658392434984,0.05257270693512303,0.11972135416666667
182,Daemontatox/AetherDrake-SFT,Daemontatox/AetherDrake-SFT (Merge),0.48035545685447945,0.2713925232163005,0.14652567975830816,0.2776669621749409,0.09395973154362418,0.09972135416666666
183,Daemontatox/AetherSett,Qwen/Qwen2.5-7B,0.5369586031729146,0.34744145601899296,0.3074018126888218,0.36428782505910173,0.07718120805369126,0.1620572916666667
184,Daemontatox/AetherTOT,meta-llama/Llama-3.2-11B-Vision-Instruct,0.43976426991493683,0.29436391495634606,0.14954682779456194,0.31155806737588654,0.09843400447427292,0.09781770833333335
185,Daemontatox/AetherUncensored,cognitivecomputations/Dolphin3.0-Llama3.1-8B (Merge),0.40419309653940433,0.21678618361970498,0.06797583081570997,0.19003028959810872,0.05145413870246088,0.09501302083333335
186,Daemontatox/CogitoZ,Daemontatox/CogitoZ (Merge),0.3967240255854466,0.5388957124802151,0.46299093655589124,0.5102873817966903,0.19351230425055932,0.19940885416666665
187,Daemontatox/CogitoZ14,Daemontatox/CogitoZ14 (Merge),0.5241692043777177,0.4309626327962571,0.33610271903323263,0.32300901300236406,0.13534675615212524,0.14830989583333337
188,Daemontatox/DocumentCogito,meta-llama/Llama-3.2-11B-Vision-Instruct,0.5064340394597445,0.29793608595971877,0.1623867069486405,0.3113733747044917,0.0883668903803132,0.08597395833333335
189,Daemontatox/Llama3.3-70B-CogniLink,Daemontatox/Llama3.3-70B-CogniLink (Merge),0.6931042965996889,0.5212466257626164,0.39577039274924464,0.4636524822695035,0.2606263982102908,0.2139557291666666
190,Daemontatox/MawaredT1,arcee-ai/Meraj-Mini (Merge),0.4198803618842449,0.31900788297617017,0.14577039274924472,0.413139036643026,0.11297539149888143,0.18676041666666662
191,Daemontatox/NemoR,Removed,0.22873752753804347,0.31605520137148785,0.08081570996978851,0.2544880319148936,0.10290827740492169,0.0991692708333333
192,Daemontatox/PathFinderAI2.0,Qwen/Qwen2.5-32B,0.45410178326839457,0.5295651298557802,0.26132930513595165,0.5052083333333334,0.06935123042505593,0.10961979166666666
193,Daemontatox/PathFinderAi3.0,Daemontatox/PathFinderAI3.0,0.42709898624538445,0.5553835541644173,0.48338368580060426,0.5285719562647754,0.21140939597315436,0.20052604166666663
194,Daemontatox/PathfinderAI,Daemontatox/PathfinderAI (Merge),0.4855006937148987,0.5232216296509384,0.27794561933534745,0.504654255319149,0.07941834451901568,0.11599218750000001
195,Daemontatox/Phi-4-COT,microsoft/phi-4,0.17930313789633728,0.45342990430658114,0.18353474320241692,0.4449985224586289,0.11409395973154364,0.15158333333333338
196,Daemontatox/PixelParse_AI,meta-llama/Llama-3.2-11B-Vision-Instruct,0.43829040279790954,0.29031857314174564,0.14425981873111782,0.3086953309692671,0.09843400447427292,0.09248437500000001
197,Daemontatox/RA2.0,Qwen/Qwen2-Math-7B-Instruct,0.37838934028378035,0.28471838145021333,0.3391238670694864,0.1795951536643026,0.0738255033557047,0.09373958333333332
198,Daemontatox/RA_Reasoner,tiiuae/Falcon3-10B-Base,0.559215104810791,0.4307300777347365,0.20090634441087613,0.36668882978723405,0.10850111856823269,0.075109375
199,Daemontatox/RA_Reasoner2.0,tiiuae/Falcon3-10B-Base,0.5366339091388628,0.4307006895743249,0.22885196374622357,0.3725989952718675,0.09955257270693513,0.07177604166666668
200,Daemontatox/ReasonTest,Removed,0.4079653098223824,0.35375036813843386,0.15634441087613293,0.3635490543735224,0.09172259507829976,0.12076041666666669
201,Daemontatox/SphinX,Daemontatox/SphinX (Merge),0.5725042886208593,0.3471245082713039,0.24546827794561935,0.3739841903073286,0.06375838926174497,0.12695833333333334
202,Daemontatox/Sphinx2.0,Daemontatox/Sphinx2.0 (Merge),0.7123133286346893,0.4939675153748764,0.027190332326283987,0.4648529846335698,0.058165548098433995,0.13053906249999997
203,Daemontatox/TinySphinx,Removed,0.25669002690638615,0.06546575715522131,0.0,0.07755245271867611,0.031319910514541416,0.01595052083333333
204,Daemontatox/TinySphinx2.0,Removed,0.2535173340071012,0.05004028710418718,0.02643504531722054,0.0812463061465721,0.02460850111856823,0.013145833333333334
205,Dampfinchen/Llama-3.1-8B-Ultra-Instruct,Dampfinchen/Llama-3.1-8B-Ultra-Instruct (Merge),0.8081091503876381,0.3249458680420566,0.1586102719033233,0.31395907210401885,0.05592841163310966,0.08607031250000002
206,Danielbrdz/Barcenas-10b,Danielbrdz/Barcenas-10b (Merge),0.6607811717354397,0.4376969460560937,0.20166163141993956,0.3734301122931442,0.12192393736017897,0.10316927083333334
207,Danielbrdz/Barcenas-14b-Phi-3-medium-ORPO,Danielbrdz/Barcenas-14b-Phi-3-medium-ORPO,0.47990553952401854,0.5102941840328029,0.19335347432024172,0.4136931146572104,0.1017897091722595,0.20527083333333335
208,Danielbrdz/Barcenas-Llama3-8b-ORPO,Danielbrdz/Barcenas-Llama3-8b-ORPO,0.7372427381569789,0.2860062349998185,0.06570996978851965,0.3144208037825059,0.07606263982102905,0.11169791666666669
209,Dans-DiscountModels/Dans-Instruct-CoreCurriculum-12b-ChatML,mistralai/Mistral-Nemo-Base-2407,0.21110209798889168,0.26046417064819566,0.005287009063444109,0.20055777186761228,0.04026845637583895,0.057127604166666686
210,Dans-DiscountModels/Dans-Instruct-Mix-8b-ChatML,Removed,0.08250774611364513,0.26336393544053255,0.05362537764350453,0.2542109929078014,0.059284116331096204,0.09677864583333334
211,Dans-DiscountModels/Dans-Instruct-Mix-8b-ChatML-V0.1.0,Removed,0.06682048076880455,0.267376519507015,0.06117824773413897,0.2537492612293144,0.04809843400447425,0.08122916666666667
212,Dans-DiscountModels/Dans-Instruct-Mix-8b-ChatML-V0.1.1,Removed,0.09105063453857985,0.2641255063613467,0.05740181268882176,0.25319518321513,0.05480984340044745,0.07811197916666666
213,Dans-DiscountModels/Dans-Instruct-Mix-8b-ChatML-V0.2.0,Removed,0.5064085515321569,0.24734770612245033,0.04380664652567976,0.2221668144208038,0.058165548098433995,0.03755989583333333
214,Dans-DiscountModels/Mistral-7b-v0.3-Test-E0.7,Removed,0.5123538876846766,0.26820762256757713,0.0324773413897281,0.1938164893617021,0.06152125279642054,0.08030468749999999
215,Dans-DiscountModels/mistral-7b-test-merged,Dans-DiscountModels/mistral-7b-test-merged (Merge),0.6678003253589365,0.28941004994824765,0.05362537764350453,0.21976580969267137,0.059284116331096204,0.043578125
216,Darkknight535/OpenCrystal-12B-L3,Darkknight535/OpenCrystal-12B-L3,0.4070909630890482,0.3184449091545611,0.08912386706948641,0.29336583924349874,0.07494407158836691,0.05740364583333334
217,DavidAU/Gemma-The-Writer-9B,DavidAU/Gemma-The-Writer-9B (Merge),0.17403156956874427,0.41272318662592206,0.0,0.3310431442080379,0.12751677852348994,0.10134375000000001
218,DavidAU/Gemma-The-Writer-DEADLINE-10B,DavidAU/Gemma-The-Writer-DEADLINE-10B (Merge),0.23315802071836061,0.4101919903629973,0.01661631419939577,0.32734929078014185,0.12304250559284118,0.10791406249999999
219,DavidAU/Gemma-The-Writer-J.GutenBerg-10B,DavidAU/Gemma-The-Writer-J.GutenBerg-10B (Merge),0.28578948301617485,0.4115599097529756,0.0377643504531722,0.32744163711583923,0.1174496644295302,0.10665885416666666
220,DavidAU/Gemma-The-Writer-Mighty-Sword-9B,DavidAU/Gemma-The-Writer-Mighty-Sword-9B (Merge),0.7527549125209998,0.4139261007388482,0.0,0.3297502955082743,0.1308724832214765,0.10363802083333334
221,DavidAU/Gemma-The-Writer-N-Restless-Quill-10B-Uncensored,DavidAU/Gemma-The-Writer-N-Restless-Quill-10B-Uncensored (Merge),0.7070927361622716,0.40850090817774026,0.0007552870090634441,0.32956560283687947,0.12192393736017897,0.10407031250000001
222,DavidAU/L3-DARKEST-PLANET-16.5B,DavidAU/L3-DARKEST-PLANET-16.5B (Merge),0.6230623634179532,0.31776241491685314,0.09138972809667674,0.29225768321512996,0.06040268456375841,0.07253906249999997
223,DavidAU/L3-Dark-Planet-8B,DavidAU/L3-Dark-Planet-8B (Merge),0.41341086096003055,0.2978962694499553,0.0853474320241692,0.3040780141843972,0.06711409395973152,0.06332552083333334
224,DavidAU/L3-Jamet-12.2B-MK.V-Blackroot-Instruct,DavidAU/L3-Jamet-12.2B-MK.V-Blackroot-Instruct (Merge),0.39619986081375197,0.2586979314469774,0.04078549848942599,0.254580378250591,0.038031319910514526,0.08312760416666669
225,DavidAU/L3-Lumimaid-12.2B-v0.1-OAS-Instruct,DavidAU/L3-Lumimaid-12.2B-v0.1-OAS-Instruct (Merge),0.3924032677739509,0.24504815583181394,0.04078549848942599,0.23795803782505906,0.03579418344519018,0.1126171875
226,DavidAU/L3-SMB-Instruct-12.2B-F32,DavidAU/L3-SMB-Instruct-12.2B-F32 (Merge),0.43032154682908014,0.2613095708844154,0.044561933534743206,0.256889036643026,0.04250559284116329,0.09624479166666669
227,DavidAU/L3-Stheno-Maid-Blackroot-Grand-HORROR-16B,DavidAU/L3-Stheno-Maid-Blackroot-Grand-HORROR-16B (Merge),0.34389309254998957,0.26692021341537864,0.015861027190332326,0.2856087470449172,0.027964205816554788,0.08555989583333334
228,DavidAU/L3-Stheno-v3.2-12.2B-Instruct,DavidAU/L3-Stheno-v3.2-12.2B-Instruct (Merge),0.4027945850343755,0.2736962320894452,0.05362537764350453,0.260582890070922,0.03355704697986576,0.10314583333333333
229,DavidAU/L3.1-Dark-Planet-SpinFire-Uncensored-8B,DavidAU/L3.1-Dark-Planet-SpinFire-Uncensored-8B (Merge),0.7042702252246261,0.32461783000506084,0.09290030211480364,0.29669030732860524,0.039149888143176735,0.02498958333333334
230,DavieLion/Llama-3.2-1B-SPIN-iter0,DavieLion/Llama-3.2-1B-SPIN-iter0 (Merge),0.15067687070306784,0.021008283750749496,0.0,0.013925827423167841,0.004474272930648763,0.027343749999999997
231,DavieLion/Llama-3.2-1B-SPIN-iter1,DavieLion/Llama-3.2-1B-SPIN-iter1 (Merge),0.15754642127333252,0.02433772217660189,0.0,0.013094710401891241,0.0011185682326622093,0.026755208333333332
232,DavieLion/Llama-3.2-1B-SPIN-iter2,DavieLion/Llama-3.2-1B-SPIN-iter2 (Merge),0.13761264555822994,0.03157342978322979,0.0,0.014295212765957445,0.0055928411633109736,0.02512760416666666
233,DavieLion/Llama-3.2-1B-SPIN-iter3,DavieLion/Llama-3.2-1B-SPIN-iter3 (Merge),0.1335910938531984,0.03139501543485509,0.0,0.014202866430260036,0.004474272930648763,0.02512760416666666
234,DavieLion/Lllma-3.2-1B,DavieLion/Lllma-3.2-1B,0.1601439735457475,0.02438122895622895,0.0,0.014018173758865236,0.0,0.030598958333333325
235,DebateLabKIT/Llama-3.1-Argunaut-1-8B-SFT,DebateLabKIT/Llama-3.1-Argunaut-1-8B-SFT (Merge),0.551921124837653,0.27187826826803346,0.11178247734138973,0.2747118794326241,0.044742729306487705,0.15854427083333333
236,Deci/DeciLM-7B,Deci/DeciLM-7B,0.28129474239462404,0.21252729791067396,0.024924471299093653,0.18799867021276595,0.06040268456375841,0.130484375
237,Deci/DeciLM-7B-instruct,Deci/DeciLM-7B-instruct,0.48802399854608,0.23887149044184597,0.02945619335347432,0.1786716903073286,0.05257270693512303,0.05985416666666667
238,DeepAutoAI/Explore_Llama-3.1-8B-Inst,DeepAutoAI/Explore_Llama-3.1-8B-Inst (Merge),0.7794828831943686,0.3039326290204236,0.19259818731117825,0.3101728723404255,0.044742729306487705,0.0963645833333333
239,DeepAutoAI/Explore_Llama-3.2-1B-Inst,DeepAutoAI/Explore_Llama-3.2-1B-Inst (Merge),0.5648856146136695,0.08292273657131942,0.06344410876132932,0.08983451536643025,0.007829977628635318,0.013596354166666672
240,DeepAutoAI/Explore_Llama-3.2-1B-Inst_v0,DeepAutoAI/Explore_Llama-3.2-1B-Inst_v0,0.5597148898256625,0.07042771972349901,0.049093655589123875,0.08928043735224583,0.017897091722595054,0.004557291666666663
241,DeepAutoAI/Explore_Llama-3.2-1B-Inst_v1,DeepAutoAI/Explore_Llama-3.2-1B-Inst_v1 (Merge),0.49988918292353185,0.04257780193079653,0.01283987915407855,0.02990174349881796,0.0,0.05195052083333335
242,DeepAutoAI/Explore_Llama-3.2-1B-Inst_v1.1,DeepAutoAI/Explore_Llama-3.2-1B-Inst_v1.1 (Merge),0.5844193406827218,0.08818154144791239,0.06570996978851965,0.09094267139479903,0.016778523489932917,0.006635416666666667
243,DeepAutoAI/causal_gpt2,DeepAutoAI/causal_gpt2,0.18127679002823618,0.026333438399574586,0.0022658610271903325,0.01457225177304964,0.01342281879194629,0.12103125
244,DeepAutoAI/d2nwg_Llama-3.1-8B-Instruct-v0.0,DeepAutoAI/d2nwg_Llama-3.1-8B-Instruct-v0.0,0.7892746800711004,0.3051007603826353,0.08383685800604229,0.3196845449172577,0.05592841163310966,0.10983593749999997
245,DeepAutoAI/d2nwg_causal_gpt2,DeepAutoAI/d2nwg_causal_gpt2,0.19161823960425006,0.028505735576786918,0.003776435045317221,0.016788563829787228,0.010067114093959738,0.1268151041666667
246,DeepAutoAI/d2nwg_causal_gpt2_v1,DeepAutoAI/d2nwg_causal_gpt2_v1,0.19886235189297732,0.023872783507070148,0.0015105740181268884,0.015033983451536632,0.011185682326621947,0.13244270833333333
247,DeepAutoAI/ldm_soup_Llama-3.1-8B-Inst,DeepAutoAI/ldm_soup_Llama-3.1-8B-Inst (Merge),0.8032631196336831,0.31101628224178784,0.12311178247734139,0.3207003546099291,0.05257270693512303,0.11516927083333331
248,DeepAutoAI/ldm_soup_Llama-3.1-8B-Instruct-v0.0,DeepAutoAI/ldm_soup_Llama-3.1-8B-Instruct-v0.0,0.7889499860370484,0.31162649496607864,0.11027190332326285,0.32171616430260047,0.05480984340044745,0.11516927083333331
249,DeepAutoAI/ldm_soup_Llama-3.1-8B-Instruct-v0.1,DeepAutoAI/ldm_soup_Llama-3.1-8B-Instruct-v0.1,0.7889499860370484,0.31162649496607864,0.11027190332326285,0.32171616430260047,0.05480984340044745,0.11516927083333331
250,DeepMount00/Lexora-Lite-3B,DeepMount00/Lexora-Lite-3B,0.5721042389748091,0.27199848445980507,0.05362537764350453,0.2803450059101654,0.04026845637583895,0.07877343750000002
251,DeepMount00/Lexora-Medium-7B,DeepMount00/Lexora-Medium-7B,0.41033790342956694,0.32695331180855197,0.1510574018126888,0.369459219858156,0.0738255033557047,0.1476015625
252,DeepMount00/Llama-3-8b-Ita,meta-llama/Meta-Llama-3-8B,0.753029738870641,0.28077745566893725,0.06268882175226587,0.3169141548463357,0.0738255033557047,0.116796875
253,DeepMount00/Llama-3.1-8b-ITA,meta-llama/Meta-Llama-3.1-8B,0.7916727616058725,0.30933181176860175,0.10876132930513595,0.31959219858156024,0.05033557046979867,0.11399218749999998
254,DeepMount00/Llama-3.1-Distilled,meta-llama/Meta-Llama-3-8B,0.7843787816327343,0.3084142128641545,0.1555891238670695,0.30906471631205673,0.07158836689038028,0.10126562499999997
255,DeepMount00/Qwen2.5-7B-Instruct-MathCoder,Removed,0.15302508455342934,0.02636670587150039,0.0,0.013094710401891241,0.016778523489932917,0.05379427083333334
256,DeepMount00/mergekit-ties-okvgjfz,Removed,0.15302508455342934,0.02636670587150039,0.0,0.013094710401891241,0.016778523489932917,0.05379427083333334
257,Delta-Vector/Baldur-8B,Delta-Vector/Baldur-8B (Merge),0.47818233398493776,0.32541834095816363,0.13972809667673716,0.2949357269503546,0.06935123042505593,0.14011197916666665
258,Delta-Vector/Control-8B,Delta-Vector/Control-8B,0.5489733906035985,0.2915507782169402,0.13746223564954682,0.30352393617021284,0.0883668903803132,0.13209374999999995
259,Delta-Vector/Control-8B-V1.1,Delta-Vector/Control-8B-V1.1,0.5696562897556262,0.28725850265520114,0.12462235649546828,0.3050014775413712,0.07606263982102905,0.11232812500000001
260,Delta-Vector/Darkens-8B,Delta-Vector/Darkens-8B (Merge),0.25476624245889795,0.3288379503743108,0.05513595166163143,0.30398566784869974,0.09955257270693513,0.09019010416666667
261,Delta-Vector/Henbane-7b-attempt2,Qwen/Qwen2-7B,0.4157335868828044,0.3086584945112166,0.2265861027190333,0.33639923167848695,0.05369127516778524,0.08701302083333334
262,Delta-Vector/Odin-9B,Delta-Vector/Odin-9B,0.3691970637907419,0.3483242280758616,0.14123867069486407,0.3385231973995272,0.12192393736017897,0.1756432291666666
263,Delta-Vector/Tor-8B,Delta-Vector/Tor-8B (Merge),0.23815476269631244,0.3173822449849867,0.05966767371601209,0.3033392434988179,0.09843400447427292,0.08819010416666666
264,DreadPoor/Again-8B-Model_Stock,Removed,0.672421397447661,0.332594612268752,0.11480362537764349,0.27979092789598103,0.06823266219239373,0.08701302083333334
265,DreadPoor/Alita99-8B-LINEAR,DreadPoor/Alita99-8B-LINEAR (Merge),0.7190077882241341,0.3500891825379863,0.1646525679758308,0.3121121453900709,0.0883668903803132,0.12930729166666668
266,DreadPoor/Aspire-8B-model_stock,DreadPoor/Aspire-8B-model_stock (Merge),0.7140620221013577,0.32534270073092836,0.14425981873111784,0.30703309692671393,0.08612975391498878,0.13456249999999997
267,DreadPoor/Aspire_1.3-8B_model-stock,Removed,0.7061685217445267,0.3266185070730422,0.1691842900302115,0.3017693557919622,0.07718120805369126,0.12240624999999997
268,DreadPoor/Asymmetric_Linearity-8B-Model_Stock,Removed,0.7174341857382857,0.354412470409656,0.16389728096676737,0.31599069148936165,0.08612975391498878,0.12226822916666663
269,DreadPoor/Aurora_faustus-8B-LINEAR,DreadPoor/Aurora_faustus-8B-LINEAR (Merge),0.7281003293483513,0.3626348248348271,0.16767371601208458,0.31580599881796684,0.07606263982102905,0.12389583333333329
270,DreadPoor/Aurora_faustus-8B-LORABLATED,Removed,0.7527050448365891,0.34199935313701013,0.14501510574018128,0.2969673463356974,0.06935123042505593,0.13781770833333332
271,DreadPoor/Aurora_faustus-8B-LORABLATED_ALT,Removed,0.7377923908562615,0.3421152011815682,0.15407854984894262,0.2993683510638298,0.06487695749440718,0.13781770833333332
272,DreadPoor/BaeZel-8B-LINEAR,DreadPoor/BaeZel-8B-LINEAR (Merge),0.7377923908562615,0.35535376069863955,0.1782477341389728,0.31792996453900707,0.09507829977628639,0.13338541666666667
273,DreadPoor/BaeZel-8B-Model_Stock,DreadPoor/BaeZel-8B-Model_Stock (Merge),0.7713145564878965,0.34643632940053415,0.1608761329305136,0.3200539302600473,0.08501118568232664,0.11456249999999997
274,DreadPoor/BaeZel_V3-8B-Model_Stock,DreadPoor/BaeZel_V3-8B-Model_Stock (Merge),0.7831797408653484,0.34408658796480346,0.1797583081570997,0.32088504728132394,0.09395973154362418,0.11146354166666664
275,DreadPoor/Caelid-8B-Model_Stock,Removed,0.7247281657114235,0.3523706805025389,0.14954682779456194,0.31294326241134757,0.0805369127516779,0.08213020833333334
276,DreadPoor/Casuar-9B-Model_Stock,DreadPoor/Casuar-9B-Model_Stock (Merge),0.7764852812759035,0.4392726768312374,0.00906344410876133,0.35071291371158386,0.12639821029082773,0.11201041666666668
277,DreadPoor/Condensed_Milk-8B-Model_Stock,Removed,0.753629259254334,0.3512062025244797,0.17371601208459214,0.31959219858156024,0.09507829977628639,0.1110130208333333
278,DreadPoor/CoolerCoder-8B-LINEAR,Removed,0.4519286603988529,0.26365382993394,0.06193353474320242,0.2398973108747045,0.05369127516778524,0.07777604166666667
279,DreadPoor/Damasteel-8B-LINEAR,Removed,0.7384417789243652,0.34106137776220613,0.1661631419939577,0.3087876773049646,0.06487695749440718,0.11856249999999997
280,DreadPoor/Dearly_Beloved-8B-TIES,Removed,0.8266687943545348,0.16671812993247975,0.19637462235649547,0.20295877659574466,0.06487695749440718,0.10450260416666665
281,DreadPoor/Derivative-8B-Model_Stock,DreadPoor/Derivative-8B-Model_Stock (Merge),0.7667433520835827,0.34248821021284015,0.17522658610271905,0.3122968380614657,0.08948545861297541,0.11605208333333328
282,DreadPoor/Derivative_V2-8B-Model_Stock,Removed,0.7536791269387447,0.3449028104908971,0.17371601208459214,0.3173758865248227,0.07606263982102905,0.10503124999999995
283,DreadPoor/Derivative_V2_ALT-8B-Model_Stock,Removed,0.7719639445560003,0.34093353819501315,0.18126888217522658,0.32023862293144206,0.08165548098434001,0.10783593749999999
284,DreadPoor/Derivative_V3-8B-Model_Stock,Removed,0.6963767248677953,0.3242070195179438,0.13670694864048338,0.27803634751773054,0.059284116331096204,0.11140364583333331
285,DreadPoor/Elusive_Dragon_Heart-8B-LINEAR,Removed,0.7131378076836128,0.3531017141761393,0.14652567975830816,0.3126662234042553,0.07494407158836691,0.11752343749999997
286,DreadPoor/Emu_Eggs-9B-Model_Stock,Removed,0.7606982805622415,0.42783674159620205,0.0256797583081571,0.3585623522458629,0.11073825503355701,0.09318750000000003
287,DreadPoor/Eunoia_Vespera-8B-LINEAR,Removed,0.7235291249440374,0.3421610348917685,0.15256797583081572,0.31543661347517726,0.07606263982102905,0.12611197916666664
288,DreadPoor/Happy_New_Year-8B-Model_Stock,DreadPoor/Happy_New_Year-8B-Model_Stock (Merge),0.7615726272955757,0.34000064940693714,0.15709969788519637,0.3198692375886525,0.08501118568232664,0.11752343749999997
289,DreadPoor/Heart_Stolen-8B-Model_Stock,DreadPoor/Heart_Stolen-8B-Model_Stock (Merge),0.7244533393617822,0.3444482164620488,0.1623867069486405,0.31044991134751776,0.08948545861297541,0.12361979166666666
290,DreadPoor/Heart_Stolen-ALT-8B-Model_Stock,Removed,0.7183584001560306,0.32354424456472486,0.14954682779456194,0.3080489066193854,0.06823266219239373,0.09754166666666662
291,DreadPoor/Here_We_Go_Again-8B-SLERP,Removed,0.7442120240960651,0.3553148620432186,0.17447129909365558,0.3192228132387706,0.09172259507829976,0.12434635416666666
292,DreadPoor/Howdy-8B-LINEAR,DreadPoor/Howdy-8B-LINEAR,0.7377923908562615,0.3422706196535763,0.17371601208459214,0.3118351063829787,0.08612975391498878,0.12316927083333332
293,DreadPoor/Incidental-8B-Model_Stock,DreadPoor/Incidental-8B-Model_Stock (Merge),0.7481837081166859,0.3515766080254052,0.16012084592145015,0.3192228132387706,0.07046979865771814,0.1230130208333333
294,DreadPoor/Irina-8B-model_stock,Removed,0.6799403360860294,0.3208833034979686,0.10045317220543808,0.2859781323877068,0.045861297539149914,0.08636458333333331
295,DreadPoor/L3.1-BaeZel-8B-Della,Removed,0.5180243974875552,0.3515745504522053,0.1691842900302115,0.3224549349881796,0.09284116331096197,0.11597395833333332
296,DreadPoor/Matryoshka-8B-LINEAR,Removed,0.7262519005128616,0.35110911704209014,0.17522658610271905,0.31839169621749414,0.09395973154362418,0.12456249999999999
297,DreadPoor/Mercury_In_Retrograde-8b-Model-Stock,Removed,0.7296240641497892,0.34384864772588947,0.16314199395770396,0.3143284574468085,0.0883668903803132,0.11485677083333329
298,DreadPoor/Morphing-8B-Model_Stock,Removed,0.7445367181301171,0.3445242092050773,0.18353474320241692,0.3169141548463357,0.058165548098433995,0.10391406249999997
299,DreadPoor/Not_Even_My_Final_Form-8B-Model_Stock,DreadPoor/Not_Even_My_Final_Form-8B-Model_Stock (Merge),0.7721889032212307,0.3371901446820086,0.17371601208459214,0.3155289598108747,0.06040268456375841,0.10709114583333329
300,DreadPoor/ONeil-model_stock-8B,DreadPoor/ONeil-model_stock-8B (Merge),0.6785662043378236,0.364126125295027,0.10120845921450151,0.28874852245862886,0.0738255033557047,0.10967968749999996
301,DreadPoor/Promissum_Mane-8B-LINEAR,Removed,0.7150361042035134,0.35253190231117537,0.15256797583081572,0.31672946217494097,0.0727069351230425,0.13338541666666667
302,DreadPoor/Promissum_Mane-8B-LINEAR-lorablated,Removed,0.7156356245872064,0.3460910725048443,0.15256797583081574,0.3043550531914893,0.07158836689038028,0.13840624999999998
303,DreadPoor/Sellen-8B-model_stock,Removed,0.711289378848123,0.31360979314370696,0.13217522658610273,0.28551640070921985,0.03243847874720355,0.10671874999999995
304,DreadPoor/Something-8B-Model_Stock,Removed,0.5043107842746136,0.34539896807500137,0.1782477341389728,0.32060800827423175,0.08948545861297541,0.11642447916666666
305,DreadPoor/Sweetened_Condensed_Milk-8B-Model_Stock,Removed,0.7417142071924715,0.34670888066076666,0.18504531722054382,0.31645242316784866,0.07046979865771814,0.1110130208333333
306,DreadPoor/Trinas_Nectar-8B-model_stock,DreadPoor/Trinas_Nectar-8B-model_stock (Merge),0.7259272064788095,0.3197509368554489,0.15332326283987915,0.2908724881796691,0.04809843400447425,0.11413020833333329
307,DreadPoor/UNTESTED-VENN_1.2-8B-Model_Stock,Removed,0.47176270074513404,0.3542709875648993,0.15256797583081572,0.3096187943262411,0.08724832214765099,0.1515052083333333
308,DreadPoor/VENN_1.2-8B-Model_Stock,Removed,0.7226049105262925,0.35125368642117166,0.1623867069486405,0.30232343380614657,0.06263982102908276,0.12167968749999998
309,DreadPoor/WIP-Acacia-8B-Model_Stock,Removed,0.6246359659038019,0.3116235292242838,0.15709969788519634,0.3040780141843972,0.07494407158836691,0.12122916666666664
310,DreadPoor/WIP_Damascus-8B-TIES,Removed,0.47763268128565545,0.3452230581565854,0.1510574018126888,0.3067560579196217,0.07606263982102905,0.12715104166666663
311,DreadPoor/Zelus-8B-Model_Stock,DreadPoor/Zelus-8B-Model_Stock (Merge),0.778833495126265,0.3305816146454601,0.1646525679758308,0.3157136524822695,0.07494407158836691,0.11975781249999998
312,DreadPoor/Zelus_V2-8B-Model_Stock,Removed,0.7898243327703826,0.33664076449669644,0.20241691842900303,0.3147901891252955,0.07941834451901568,0.08375781250000001
313,DreadPoor/felix_dies-mistral-7B-model_stock,Removed,0.30077860077926566,0.2889079805096449,0.0513595166163142,0.2343565307328605,0.05592841163310966,0.15477864583333337
314,DreadPoor/remember_to_breathe-8b-Model-Stock,Removed,0.7104150321147887,0.3467899076231628,0.14350453172205438,0.3067560579196217,0.06823266219239373,0.11440624999999997
315,EVA-UNIT-01/EVA-Qwen2.5-14B-v0.2,Qwen/Qwen2.5-14B,0.4038429145777648,0.43607849257970677,0.338368580060423,0.45949689716312053,0.1923937360178971,0.19630989583333328
316,EVA-UNIT-01/EVA-Qwen2.5-72B-v0.2,Qwen/Qwen2.5-72B,0.6878837041272712,0.590667326828602,0.3904833836858006,0.5347591607565011,0.21140939597315436,0.19730729166666666
317,EleutherAI/gpt-j-6b,EleutherAI/gpt-j-6b,0.2522185578708937,0.04912818068323685,0.01283987915407855,0.026761968085106377,0.0,0.05252083333333334
318,EleutherAI/gpt-neo-1.3B,EleutherAI/gpt-neo-1.3B,0.20790502533278368,0.03024569180930987,0.0075528700906344415,0.01817375886524822,0.007829977628635318,0.04873697916666666
319,EleutherAI/gpt-neo-125m,EleutherAI/gpt-neo-125m,0.19054442213327305,0.034367389514267044,0.004531722054380664,0.0028442671394798987,0.004474272930648763,0.026166666666666654
320,EleutherAI/gpt-neo-2.7B,EleutherAI/gpt-neo-2.7B,0.25896288514474924,0.04178602667081014,0.006042296072507554,0.01808141252955082,0.021252796420581685,0.03520572916666667
321,EleutherAI/gpt-neox-20b,EleutherAI/gpt-neox-20b,0.2586880587951081,0.04929114201526899,0.006797583081570996,0.01725029550827422,0.0,0.02816666666666666
322,EleutherAI/pythia-12b,EleutherAI/pythia-12b,0.2471475684517081,0.049875310382905075,0.00906344410876133,0.012078900709219858,0.0,0.03787239583333334
323,EleutherAI/pythia-160m,EleutherAI/pythia-160m,0.18155161637787734,0.021988322795081353,0.0022658610271903325,0.013279403073286051,0.011185682326621947,0.10675520833333332
324,EleutherAI/pythia-2.8b,EleutherAI/pythia-2.8b,0.2173222604910526,0.05077786161905462,0.0075528700906344415,0.01521867612293143,0.0,0.0363828125
325,EleutherAI/pythia-410m,EleutherAI/pythia-410m,0.21954525104500505,0.027154281203357472,0.0030211480362537764,0.014202866430260036,0.01230425055928408,0.030598958333333325
326,EleutherAI/pythia-6.9b,EleutherAI/pythia-6.9b,0.22811362739752744,0.0588163197981621,0.008308157099697885,0.016326832151300222,0.0022371364653244186,0.03814843749999999
327,Enno-Ai/EnnoAi-Pro-French-Llama-3-8B-v0.4,Enno-Ai/EnnoAi-Pro-French-Llama-3-8B-v0.4,0.4188807918545016,0.16875928374989596,0.006042296072507553,0.18162677304964536,0.027964205816554788,0.10758333333333335
328,Enno-Ai/EnnoAi-Pro-Llama-3-8B,Enno-Ai/EnnoAi-Pro-Llama-3-8B,0.3195377154838052,0.1750754508685438,0.0015105740181268884,0.12788120567375885,0.015659955257270708,0.09081510416666667
329,Enno-Ai/EnnoAi-Pro-Llama-3-8B-v0.3,Enno-Ai/EnnoAi-Pro-Llama-3-8B-v0.3,0.5082569803676467,0.16668385554519383,0.012084592145015106,0.2211510047281324,0.020134228187919476,0.12313281249999995
330,Enno-Ai/EnnoAi-Pro-Llama-3.1-8B-v0.9,Enno-Ai/EnnoAi-Pro-Llama-3.1-8B-v0.9,0.4689147018799009,0.1749829637438283,0.0,0.17728649527186757,0.021252796420581685,0.054304687500000004
331,EnnoAi/EnnoAi-Pro-Llama-3.1-8B-v1.0,EnnoAi/EnnoAi-Pro-Llama-3.1-8B-v1.0,0.4704384366813389,0.1749829637438283,0.0,0.17728649527186757,0.021252796420581685,0.054304687500000004
332,Epiculous/Azure_Dusk-v0.2,Epiculous/Azure_Dusk-v0.2,0.3467156034876351,0.1739641439237934,0.01812688821752266,0.22604536052009458,0.014541387024608499,0.06365625000000003
333,Epiculous/Crimson_Dawn-v0.2,Epiculous/Crimson_Dawn-v0.2,0.3103454389907667,0.2168824851395527,0.030966767371601214,0.19123079196217496,0.03467561521252797,0.10897135416666666
334,Epiculous/NovaSpark,Epiculous/NovaSpark (Merge),0.6408473960203372,0.2952691068844395,0.15030211480362538,0.29428930260047276,0.06375838926174497,0.06924739583333334
335,Epiculous/Violet_Twilight-v0.2,Epiculous/Violet_Twilight-v0.2,0.45317756885064964,0.2394053725590186,0.02870090634441088,0.23454122340425532,0.021252796420581685,0.13608854166666665
336,EpistemeAI/Alpaca-Llama3.1-8B,meta-llama/Meta-Llama-3.1-8B,0.15986914719610634,0.2593522655511771,0.04682779456193354,0.24959367612293143,0.05369127516778524,0.06599218750000001
337,EpistemeAI/Athena-gemma-2-2b-it,google/gemma-2-9b,0.3134172883504657,0.19417817674461513,0.033987915407854986,0.1579861111111111,0.02460850111856823,0.13348177083333332
338,EpistemeAI/Athena-gemma-2-2b-it-Philos,unsloth/gemma-2-2b-it-bnb-4bit,0.4620950189940469,0.13212088152695856,0.004531722054380665,0.1386857269503546,0.04138702460850116,0.12853906250000002
339,EpistemeAI/Athene-codegemma-2-7b-it-alpaca-v1.3,Removed,0.40299405577201824,0.20873794566671278,0.06193353474320242,0.17636303191489358,0.04026845637583895,0.14854427083333335
340,EpistemeAI/FineLlama3.1-8B-Instruct,Removed,0.08000992921005155,0.23506618815003452,0.026435045317220546,0.23472591607565016,0.04026845637583895,0.04954166666666666
341,EpistemeAI/Fireball-12B,Removed,0.18335017752895652,0.3066671150263206,0.0392749244712991,0.2603981973995272,0.015659955257270708,0.12521093749999998
342,EpistemeAI/Fireball-12B-v1.13a-philosophers,Removed,0.08755324760524298,0.30336232640303573,0.044561933534743206,0.2629838947990544,0.06823266219239373,0.09975781249999996
343,EpistemeAI/Fireball-Alpaca-Llama-3.1-8B-Philos-DPO-200,meta-llama/Meta-Llama-3.1-8B,0.4577243934981405,0.2637777402755139,0.11933534743202419,0.2869939420803782,0.06711409395973152,0.06907291666666665
344,EpistemeAI/Fireball-Alpaca-Llama3.1.07-8B-Philos-Math-KTO-beta,meta-llama/Meta-Llama-3.1-8B,0.7274010735958367,0.26897964171299804,0.1487915407854985,0.2825613179669031,0.04026845637583895,0.04275520833333334
345,EpistemeAI/Fireball-Alpaca-Llama3.1.08-8B-Philos-C-R2,meta-llama/Meta-Llama-3.1-8B,0.46731561146646455,0.2824700927539328,0.12311178247734139,0.2613216607565012,0.04809843400447425,0.16995572916666668
346,EpistemeAI/Fireball-Meta-Llama-3.1-8B-Instruct-0.001-128K-auto,meta-llama/Meta-Llama-3.1-8B,0.4431863012362753,0.26832966985874884,0.1336858006042296,0.2795138888888889,0.08277404921700222,0.08730729166666668
347,EpistemeAI/Fireball-Meta-Llama-3.1-8B-Instruct-Agent-0.003-128K,Removed,0.44573398582427953,0.2802516078188715,0.12084592145015106,0.2825613179669031,0.059284116331096204,0.04895312499999999
348,EpistemeAI/Fireball-Meta-Llama-3.1-8B-Instruct-Agent-0.003-128K-code,Removed,0.5975334335119704,0.28171887782172755,0.13141993957703926,0.26917109929078015,0.06935123042505593,0.08462239583333334
349,EpistemeAI/Fireball-Meta-Llama-3.1-8B-Instruct-Agent-0.003-128K-code-ds,Removed,0.6690991014951441,0.24462654168996079,0.12462235649546831,0.2654772458628842,0.030201342281879207,0.045559895833333336
350,EpistemeAI/Fireball-Meta-Llama-3.1-8B-Instruct-Agent-0.003-128K-code-ds-auto,EpistemeAI/Fireball-Meta-Llama-3.1-8B-Instruct-Agent-0.003-128K-code-ds-auto (Merge),0.7207066140063919,0.23544253406580115,0.12311178247734139,0.26150635342789597,0.026845637583892648,0.04171614583333334
351,EpistemeAI/Fireball-Meta-Llama-3.1-8B-Instruct-Agent-0.004-128K-code-COT,Removed,0.45782412886696194,0.2582086537586569,0.13670694864048338,0.27452718676122934,0.058165548098433995,0.06450260416666667
352,EpistemeAI/Fireball-Meta-Llama-3.1-8B-Instruct-Agent-0.004-128K-code-ds-auto,EpistemeAI/Fireball-Meta-Llama-3.1-8B-Instruct-Agent-0.004-128K-code-ds-auto (Merge),0.7204816553411615,0.2645205960447092,0.13670694864048338,0.2831153959810875,0.0,0.020833333333333325
353,EpistemeAI/Fireball-Meta-Llama-3.1-8B-Instruct-Math,meta-llama/Meta-Llama-3.1-8B,0.46229559790245434,0.2895934409387967,0.10725075528700907,0.25901300236406616,0.05480984340044745,0.0597578125
354,EpistemeAI/Fireball-Meta-Llama-3.2-8B-Instruct-agent-003-128k-code-DPO,Removed,0.46109655713506825,0.26317877757648733,0.12009063444108761,0.2800679669030733,0.06711409395973152,0.08077864583333333
355,EpistemeAI/Fireball-Mistral-Nemo-Base-2407-v1-DPO2,Removed,0.18607295309778057,0.28567824892702276,0.0324773413897281,0.2614140070921986,0.05592841163310966,0.09501302083333335
356,EpistemeAI/Llama-3.2-3B-Agent007-Coder,meta-llama/Llama-3.2-3B-Instruct,0.5399562050913798,0.1902580948500905,0.11027190332326285,0.20572916666666663,0.010067114093959738,0.07783593750000001
357,EpistemeAI/Mistral-Nemo-Instruct-12B-Philosophy-Math,unsloth/Mistral-Nemo-Instruct-2407-bnb-4bit,0.06946790072563022,0.33835810999564586,0.09365558912386707,0.2551344562647754,0.10850111856823269,0.1288567708333333
358,EpistemeAI/Polypsyche-Llama-3.1-8B-Instruct-Agent-0.003-128K-code-ds-auto-Empathy,EpistemeAI/Fireball-Meta-Llama-3.1-8B-Instruct-Agent-0.003-128K-code-ds-auto (Merge),0.710090338080737,0.24419414132832704,0.13066465256797583,0.2567966903073286,0.03579418344519018,0.012695312499999995
359,EpistemeAI/Polypsyche-Llama-3.1-8B-Instruct-Agent-0.003-128K-code-ds-auto-Logic,EpistemeAI/Fireball-Meta-Llama-3.1-8B-Instruct-Agent-0.003-128K-code-ds-auto (Merge),0.712213593265868,0.2357645057305575,0.11858006042296072,0.2611369680851064,0.045861297539149914,0.012695312499999995
360,EpistemeAI/Polypsyche-Llama-3.1-8B-Instruct-Agent-0.003-128K-code-ds-auto-divergent,EpistemeAI/Fireball-Meta-Llama-3.1-8B-Instruct-Agent-0.003-128K-code-ds-auto (Merge),0.6915306941138403,0.2289036811976203,0.1027190332326284,0.2544880319148936,0.02237136465324381,0.055187500000000014
361,EpistemeAI2/Athene-codegemma-2-7b-it-alpaca-v1.2,Removed,0.4351177098986245,0.18971369774912947,0.04078549848942599,0.14413416075650118,0.027964205816554788,0.10387760416666668
362,EpistemeAI2/Fireball-12B-v1.2,Removed,0.13553925805750963,0.29776014226579217,0.03927492447129909,0.2596594267139479,0.06487695749440718,0.11264062499999997
363,EpistemeAI2/Fireball-Alpaca-Llama3.1-8B-Philos,meta-llama/Meta-Llama-3.1-8B,0.498640274471735,0.2925922607126472,0.11782477341389729,0.2673241725768321,0.057046979865771785,0.11891666666666667
364,EpistemeAI2/Fireball-Alpaca-Llama3.1.01-8B-Philos,meta-llama/Meta-Llama-3.1-8B,0.42117913802045237,0.2862847532590648,0.13595166163141995,0.26483082151300236,0.05145413870246088,0.13432812500000002
365,EpistemeAI2/Fireball-Alpaca-Llama3.1.03-8B-Philos,meta-llama/Meta-Llama-3.1-8B,0.38808140179169043,0.2799254879661235,0.12990936555891236,0.2616910460992908,0.038031319910514526,0.12034635416666667
366,EpistemeAI2/Fireball-Alpaca-Llama3.1.04-8B-Philos,meta-llama/Meta-Llama-3.1-8B,0.4084396069096664,0.27963797525362727,0.1163141993957704,0.26695478723404253,0.05369127516778524,0.13685677083333336
367,EpistemeAI2/Fireball-Alpaca-Llama3.1.06-8B-Philos-dpo,meta-llama/Meta-Llama-3.1-8B,0.48657561935664034,0.2720717661507041,0.1283987915407855,0.29050310283687947,0.06375838926174497,0.06848437499999999
368,EpistemeAI2/Fireball-Alpaca-Llama3.1.07-8B-Philos-Math,meta-llama/Meta-Llama-3.1-8B,0.5079079065767719,0.2690120145202839,0.11404833836858007,0.28117612293144206,0.06152125279642054,0.07854427083333335
369,EpistemeAI2/Fireball-Alpaca-Llama3.1.08-8B-C-R1-KTO-Reflection,meta-llama/Meta-Llama-3.1-8B,0.3952257787115964,0.2757161120457717,0.12386706948640484,0.288102098108747,0.06599552572706939,0.104015625
370,EpistemeAI2/Fireball-Alpaca-Llama3.1.08-8B-Philos-C-R1,meta-llama/Meta-Llama-3.1-8B,0.5316382753316755,0.2676368521382555,0.11782477341389726,0.2803450059101654,0.06263982102908276,0.08454427083333332
371,EpistemeAI2/Fireball-Llama-3.1-8B-Philos-Reflection,meta-llama/Meta-Llama-3.1-8B,0.3596047376516532,0.2776979570236311,0.12915407854984895,0.2833924349881796,0.07718120805369126,0.09632812500000001
372,EpistemeAI2/Fireball-MathMistral-Nemo-Base-2407-v2dpo,unsloth/Mistral-Nemo-Base-2407-bnb-4bit,0.30972043067948596,0.21145528378150857,0.03474320241691843,0.016419178486997636,0.017897091722595054,0.0896979166666667
373,EpistemeAI2/Fireball-Meta-Llama-3.1-8B-Instruct-Agent-0.003-128K-code-math,Removed,0.5515465631191904,0.26743767165585175,0.13217522658610273,0.26889406028368795,0.0727069351230425,0.06789583333333332
374,EpistemeAI2/Fireball-Meta-Llama-3.1-8B-Instruct-Agent-0.005-128K-code-COT,Removed,0.46331954768902067,0.26400991557555104,0.11480362537764352,0.28496232269503546,0.08277404921700222,0.05013020833333332
375,EpistemeAI2/Fireball-Phi-3-medium-4k-inst-Philos,unsloth/phi-3-medium-4k-instruct-bnb-4bit,0.5312880933700359,0.4620887281141656,0.1404833836858006,0.39984116430260047,0.1096196868008949,0.10704947916666668
376,Eric111/CatunaMayo,Eric111/CatunaMayo,0.4074156571231001,0.33299425909067887,0.08610271903323262,0.24202127659574466,0.05592841163310966,0.15348697916666668
377,Eric111/CatunaMayo-DPO,Eric111/CatunaMayo-DPO,0.4214539643700936,0.3308995159999345,0.07930513595166164,0.24109781323877066,0.05592841163310966,0.14662239583333336
378,Etherll/Chocolatine-3B-Instruct-DPO-Revised-Ties,Removed,0.37246949205884833,0.3558334267696659,0.1283987915407855,0.33085845153664306,0.09843400447427292,0.17817187499999995
379,Etherll/Chocolatine-3B-Instruct-DPO-Revised-Ties-v2,Removed,0.37399322686028624,0.3558334267696659,0.1283987915407855,0.33085845153664306,0.09843400447427292,0.17817187499999995
380,Etherll/Herplete-LLM-Llama-3.1-8b,Etherll/Herplete-LLM-Llama-3.1-8b (Merge),0.6105976586568083,0.33206608363709045,0.15483383685800603,0.3058325945626477,0.08612975391498878,0.08614843749999995
381,Etherll/Herplete-LLM-Llama-3.1-8b-Ties,Etherll/Herplete-LLM-Llama-3.1-8b-Ties (Merge),0.6163679038285084,0.3307089034564546,0.1623867069486405,0.3058325945626477,0.08948545861297541,0.0894817708333333
382,Etherll/Qwen2.5-7B-della-test,Etherll/Qwen2.5-7B-della-test (Merge),0.7624968417133207,0.35546893908451976,0.0,0.3734301122931442,0.07829977628635347,0.08987239583333334
383,Etherll/Qwen2.5-Coder-7B-Instruct-Ties,Etherll/Qwen2.5-Coder-7B-Instruct-Ties (Merge),0.5005385709916355,0.28008294264156475,0.1691842900302115,0.27812869385342787,0.10626398210290827,0.13426822916666667
384,Etherll/Replete-LLM-V3-Llama-3.1-8b,Etherll/Replete-LLM-V3-Llama-3.1-8b (Merge),0.5262924595628488,0.22902455222412782,0.0007552870090634441,0.2744348404255319,0.02460850111856823,0.020557291666666675
385,Etherll/SuperHermes,Etherll/SuperHermes (Merge),0.5459015412438996,0.3284031674117277,0.14652567975830816,0.32762632978723405,0.09843400447427292,0.14938541666666666
386,Eurdem/Defne-llama3.1-8B,Eurdem/Defne-llama3.1-8B,0.5036115285220991,0.32822381370434905,0.15861027190332327,0.31839169621749414,0.06152125279642054,0.13536718749999999
387,FallenMerick/Chewy-Lemon-Cookie-11B,FallenMerick/Chewy-Lemon-Cookie-11B (Merge),0.48752421353120823,0.3301430008846961,0.05287009063444109,0.2519023345153664,0.039149888143176735,0.15952343750000003
388,Felladrin/Llama-160M-Chat-v1,JackFram/llama-160m,0.15754642127333252,0.03166755569392556,0.0,0.015126329787234029,0.010067114093959738,0.03165625
389,Felladrin/Minueza-32M-UltraChat,Felladrin/Minueza-32M-Base,0.13756277787381924,0.024372895622895623,0.0,0.014756944444444437,0.007829977628635318,0.04640104166666668
390,FlofloB/100k_fineweb_continued_pretraining_Qwen2.5-0.5B-Instruct_Unsloth_merged_16bit,Qwen/Qwen2.5-0.5B,0.30832191917445706,0.07347825006715016,0.0,0.05529698581560284,0.02572706935123044,0.009440104166666663
391,FlofloB/10k_continued_pretraining_Phi-3-mini-4k-instruct_Unsloth_merged_16bit,unsloth/phi-3-mini-4k-instruct-bnb-4bit,0.509730847484674,0.3260779983085876,0.08761329305135952,0.30767952127659565,0.06599552572706939,0.1356979166666666
392,FlofloB/10k_continued_pretraining_Qwen2.5-0.5B-Instruct_Unsloth_merged_16bit,Qwen/Qwen2.5-0.5B,0.28154408081667753,0.07530228683558658,0.0,0.06009899527186761,0.039149888143176735,0.0147734375
393,FlofloB/40k_continued_pretraining_Qwen2.5-0.5B-Instruct_Unsloth_merged_16bit,Qwen/Qwen2.5-0.5B,0.30157759190060157,0.07532089563374818,0.0,0.053911790780141834,0.02348993288590602,0.015361979166666664
394,FlofloB/83k_continued_pretraining_Qwen2.5-0.5B-Instruct_Unsloth_merged_16bit,Qwen/Qwen2.5-0.5B,0.28693976426991497,0.08132273330945772,0.0,0.06166888297872341,0.031319910514541416,0.014184895833333336
395,FlofloB/smollm2-135M_pretrained_1000k_fineweb,HuggingFaceTB/SmolLM2-135M,0.14845388014911545,0.027087439942496114,0.0,0.01817375886524822,0.016778523489932917,0.03291145833333333
396,FlofloB/smollm2-135M_pretrained_1000k_fineweb_uncovai_selected,HuggingFaceTB/SmolLM2-135M,0.1467805422944454,0.02113413506540018,0.0,0.017434988179669018,0.021252796420581685,0.08995052083333334
397,FlofloB/smollm2-135M_pretrained_1200k_fineweb,HuggingFaceTB/SmolLM2-135M,0.15809607397261488,0.022372961213751538,0.0,0.008477393617021267,0.019015659955257263,0.0365390625
398,FlofloB/smollm2-135M_pretrained_1200k_fineweb_uncovai_selected,HuggingFaceTB/SmolLM2-135M,0.15847063569107747,0.022065453148188842,0.0,0.018266105200945616,0.017897091722595054,0.017578124999999993
399,FlofloB/smollm2-135M_pretrained_1400k_fineweb,HuggingFaceTB/SmolLM2-135M,0.17638089158987044,0.021601002436397274,0.0,0.008846778959810874,0.021252796420581685,0.06016666666666666
400,FlofloB/smollm2-135M_pretrained_1400k_fineweb_uncovai_selected,HuggingFaceTB/SmolLM2-135M,0.15384956360235286,0.026316160058394038,0.0,0.01521867612293143,0.02460850111856823,0.04691145833333334
401,FlofloB/smollm2-135M_pretrained_200k_fineweb_uncovai_selected,HuggingFaceTB/SmolLM2-135M,0.1345153082709433,0.023223515642593,0.0,0.01457225177304964,0.0011185682326622093,0.028539062499999993
402,FlofloB/smollm2-135M_pretrained_400k_fineweb,HuggingFaceTB/SmolLM2-135M,0.15112678803352883,0.018897660733797558,0.0,0.01808141252955082,0.0033557046979865533,0.049950520833333345
403,FlofloB/smollm2-135M_pretrained_400k_fineweb_uncovai_selected,HuggingFaceTB/SmolLM2-135M,0.15842076800666677,0.02073466032877798,0.0,0.017527334515366432,0.0055928411633109736,0.054166666666666675
404,FlofloB/smollm2-135M_pretrained_600k_fineweb,HuggingFaceTB/SmolLM2-135M,0.16391618682872555,0.03424052932713921,0.0,0.014018173758865236,0.021252796420581685,0.05373437499999999
405,FlofloB/smollm2-135M_pretrained_600k_fineweb_uncovai_selected,HuggingFaceTB/SmolLM2-135M,0.16059389087620846,0.021651564259299955,0.0,0.01798906619385342,0.014541387024608499,0.057127604166666686
406,FlofloB/smollm2-135M_pretrained_800k_fineweb,HuggingFaceTB/SmolLM2-135M,0.16414114549395603,0.023483884103250058,0.0,0.01688091016548463,0.0,0.03765625
407,FlofloB/smollm2-135M_pretrained_800k_fineweb_uncovai_selected,HuggingFaceTB/SmolLM2-135M,0.14742993036254914,0.019228579509844617,0.0,0.014479905437352242,0.015659955257270708,0.04579427083333333
408,FlofloB/smollm2_pretrained_200k_fineweb,HuggingFaceTB/SmolLM2-135M,0.15270039051937748,0.02872523000621309,0.0,0.017712027186761226,0.0,0.03742187499999999
409,FlofloB/test_continued_pretraining_Phi-3-mini-4k-instruct_Unsloth_merged_16bit,unsloth/phi-3-mini-4k-instruct-bnb-4bit,0.521546164177715,0.3288243317032256,0.10876132930513595,0.30232343380614657,0.08165548098434001,0.12452083333333329
410,FuJhen/ft-openhermes-25-mistral-7b-irca-dpo-pairs,FuJhen/ft-openhermes-25-mistral-7b-irca-dpo-pairs (Merge),0.5420041046645124,0.26596860970431896,0.0015105740181268884,0.21736480496453903,0.038031319910514526,0.1120520833333333
411,FuJhen/mistral-instruct-7B-DPO,FuJhen/mistral-instruct-7B-DPO (Merge),0.4968417133206558,0.24925827194936442,0.0377643504531722,0.22595301418439717,0.03691275167785232,0.0942864583333333
412,FuJhen/mistral_7b_v0.1_structedData_e2e,FuJhen/mistral_7b_v0.1_structedData_e2e (Merge),0.17268403391889076,0.18062423923935458,0.0022658610271903325,0.20120419621749408,0.039149888143176735,0.05636458333333334
413,FuJhen/mistral_7b_v0.1_structedData_viggo,FuJhen/mistral_7b_v0.1_structedData_viggo (Merge),0.17832905579418168,0.23960171694414897,0.023413897280966767,0.21579491725768318,0.044742729306487705,0.03926562500000001
414,FuseAI/FuseChat-7B-v2.0,openchat/openchat_3.5,0.3423194900641409,0.29341638180782925,0.0634441087613293,0.24026669621749408,0.06935123042505593,0.20224999999999993
415,FuseAI/FuseChat-Llama-3.1-8B-Instruct,FuseAI/FuseChat-Llama-3.1-8B-Instruct,0.7204816553411615,0.3084806521622957,0.0702416918429003,0.3037086288416076,0.0738255033557047,0.061500000000000055
416,FuseAI/FuseChat-Qwen-2.5-7B-Instruct,FuseAI/FuseChat-Qwen-2.5-7B-Instruct,0.5905641475728843,0.3625134763068275,0.0,0.34646498226950356,0.06152125279642054,0.06720572916666669
417,GalrionSoftworks/MN-LooseCannon-12B-v1,GalrionSoftworks/MN-LooseCannon-12B-v1 (Merge),0.5417791459992819,0.29976062092951294,0.07099697885196375,0.24396054964539007,0.04697986577181204,0.1096380208333333
418,GalrionSoftworks/MagnusIntellectus-12B-v1,GalrionSoftworks/MagnusIntellectus-12B-v1 (Merge),0.4421368635221213,0.33262254396143587,0.055891238670694864,0.26898640661938533,0.045861297539149914,0.15183593749999993
419,GoToCompany/gemma2-9b-cpt-sahabatai-v1-instruct,GoToCompany/gemma2-9b-cpt-sahabatai-v1-instruct (Merge),0.6550607942481504,0.4186650373118869,0.19788519637462232,0.36262559101654834,0.11297539149888143,0.19333072916666663
420,GoToCompany/llama3-8b-cpt-sahabatai-v1-instruct,GoToCompany/llama3-8b-cpt-sahabatai-v1-instruct (Merge),0.523844510343666,0.2853952939391592,0.11858006042296072,0.27258791371158386,0.02237136465324381,0.15172135416666663
421,Goekdeniz-Guelmez/Josiefied-Qwen2.5-0.5B-Instruct-abliterated-v1,Qwen/Qwen2.5-0.5B,0.3416944817528602,0.07221169084071985,0.002265861027190332,0.07090351654846336,0.010067114093959738,0.007812499999999996
422,Goekdeniz-Guelmez/Josiefied-Qwen2.5-1.5B-Instruct-abliterated-v1,Qwen/Qwen2.5-1.5B,0.4768580699211426,0.18306013289403678,0.01963746223564955,0.19806442080378248,0.0,0.040028645833333334
423,Goekdeniz-Guelmez/Josiefied-Qwen2.5-1.5B-Instruct-abliterated-v2,Qwen/Qwen2.5-1.5B,0.42155369973891493,0.16499503211302824,0.01283987915407855,0.17350029550827425,0.0,0.04706770833333335
424,Goekdeniz-Guelmez/Josiefied-Qwen2.5-1.5B-Instruct-abliterated-v3,Qwen/Qwen2.5-1.5B,0.4252505574098946,0.16439711885397812,0.0075528700906344415,0.17285387115839237,0.0,0.042401041666666674
425,Goekdeniz-Guelmez/Josiefied-Qwen2.5-14B-Instruct-abliterated-v4,Qwen/Qwen2.5-14B,0.8291666112581285,0.48052269929692865,0.0,0.4464760638297872,0.12304250559284118,0.1315
426,Goekdeniz-Guelmez/Josiefied-Qwen2.5-7B-Instruct-abliterated-v2,Qwen/Qwen2.5-7B,0.7813811797142693,0.3333398601463088,0.0,0.34664967494089827,0.06487695749440718,0.13957812500000003
427,Goekdeniz-Guelmez/j.o.s.i.e.v4o-1.5b-dpo-stage1-v1,Qwen/Qwen2.5-1.5B,0.41883092417009093,0.17748016873381814,0.02945619335347432,0.172761524822695,0.0011185682326622093,0.014401041666666685
428,Goekdeniz-Guelmez/josie-3b-v6.0,Removed,0.600955464833309,0.2287108835512943,0.0,0.2466385933806146,0.05369127516778524,0.06098958333333333
429,Goekdeniz-Guelmez/josie-7b-v6.0,Qwen/Qwen2.5-7B,0.7411645544931892,0.3044475330982171,0.0,0.3118351063829787,0.043624161073825496,0.105578125
430,Goekdeniz-Guelmez/josie-7b-v6.0-step2000,Qwen/Qwen2.5-7B,0.7597740661444966,0.30395812905314895,0.0,0.33464465130023646,0.03579418344519018,0.17208854166666665
431,GreenNode/GreenNode-small-9B-it,Removed,0.7436125037123722,0.4189992563519345,0.0,0.32522532505910173,0.09284116331096197,0.11652083333333337
432,GritLM/GritLM-7B-KTO,GritLM/GritLM-7B-KTO,0.5310132670203948,0.2790431762303384,0.023413897280966767,0.18670582151300238,0.06375838926174497,0.06644270833333335
433,GritLM/GritLM-8x7B-KTO,GritLM/GritLM-8x7B-KTO,0.5714049832222946,0.40826161559460095,0.09818731117824774,0.29419695626477543,0.06152125279642054,0.11673697916666669
434,Groq/Llama-3-Groq-8B-Tool-Use,meta-llama/Meta-Llama-3-8B,0.6098230472922955,0.2725423438657323,0.0581570996978852,0.26658540189125296,0.02348993288590602,0.05387239583333336
435,Gryphe/Pantheon-RP-1.0-8b-Llama-3,meta-llama/Meta-Llama-3-8B,0.39325212657969744,0.23631914688111305,0.057401812688821746,0.22964686761229317,0.03467561521252797,0.055049479166666665
436,Gryphe/Pantheon-RP-1.5-12b-Nemo,mistralai/Mistral-Nemo-Base-2407,0.4763084172218603,0.31750144021634,0.04833836858006043,0.2557808806146572,0.030201342281879207,0.15053906250000004
437,Gryphe/Pantheon-RP-1.6-12b-Nemo,mistralai/Mistral-Nemo-Base-2407,0.44805671174705336,0.3168734382617837,0.033987915407854986,0.2567966903073286,0.03691275167785232,0.12928385416666668
438,Gryphe/Pantheon-RP-1.6-12b-Nemo-KTO,mistralai/Mistral-Nemo-Base-2407,0.46361875379548495,0.33032200369425646,0.04380664652567976,0.2646461288416076,0.06040268456375841,0.12165625000000001
439,Gryphe/Pantheon-RP-Pure-1.6.2-22b-Small,mistralai/Mistral-Small-Instruct-2409,0.6931042965996889,0.31683163209870646,0.18353474320241692,0.32688755910165485,0.1051454138702461,0.04393229166666666
440,Gunulhona/Gemma-Ko-Merge,Gunulhona/Gemma-Ko-Merge (Merge),0.6415721397004392,0.3878719707326869,0.0015105740181268882,0.3198692375886525,0.11409395973154364,0.09120572916666667
441,Gunulhona/Gemma-Ko-Merge-PEFT,Gunulhona/Gemma-Ko-Merge-PEFT,0.4441348954108432,0.2601506929588875,0.0,0.2330636820330969,0.07606263982102905,0.07056249999999999
442,HPAI-BSC/Llama3-Aloe-8B-Alpha,HPAI-BSC/Llama3-Aloe-8B-Alpha,0.5081073773144147,0.27145977577581776,0.05362537764350453,0.255042109929078,0.059284116331096204,0.05875520833333336
443,HPAI-BSC/Llama3.1-Aloe-Beta-8B,HPAI-BSC/Llama3.1-Aloe-Beta-8B,0.7253276860951164,0.30369624781344756,0.01661631419939577,0.28671690307328607,0.02460850111856823,0.06832291666666665
444,HPAI-BSC/Qwen2.5-Aloe-Beta-7B,HPAI-BSC/Qwen2.5-Aloe-Beta-7B,0.4553506917201913,0.3033160459968833,0.08459214501510574,0.372691341607565,0.05480984340044745,0.12920572916666664
445,Hastagaras/Llama-3.1-Jamet-8B-MK.I,Hastagaras/Llama-3.1-Jamet-8B-MK.I,0.7338207068356405,0.29503904748319476,0.12537764350453173,0.2758200354609929,0.03243847874720355,0.06142187500000003
446,Hastagaras/Zabuza-8B-Llama-3.1,Hastagaras/Zabuza-8B-Llama-3.1 (Merge),0.6265342624237025,0.2322032084967046,0.04229607250755287,0.213670951536643,0.019015659955257263,0.04898958333333336
447,HelpingAI/Cipher-20B,HelpingAI/Cipher-20B,0.5377575942942504,0.4343973598811683,0.13972809667673716,0.3049091312056737,0.06040268456375841,0.08169791666666669
448,HelpingAI/Priya-10B,HelpingAI/HelpingAI2.5-10B,0.40429283190822574,0.19966796842993462,0.0,0.16583554964539007,0.007829977628635318,0.052088541666666675
449,HelpingAI/Priya-3B,HelpingAI/Priya-3B,0.45257804846695665,0.14335273409626753,0.005287009063444109,0.14875147754137116,0.008948545861297527,0.03779427083333333
450,HiroseKoichi/Llama-Salad-4x8B-V3,HiroseKoichi/Llama-Salad-4x8B-V3,0.6653523761397537,0.3192884881074505,0.09667673716012085,0.27979092789598103,0.07046979865771814,0.06453906249999995
451,HuggingFaceH4/zephyr-7b-alpha,mistralai/Mistral-7B-v0.1,0.519148082642943,0.23955291427068445,0.017371601208459216,0.1994496158392435,0.06375838926174497,0.07503125000000001
452,HuggingFaceH4/zephyr-7b-beta,mistralai/Mistral-7B-v0.1,0.49504315216957673,0.21487542182806738,0.027190332326283994,0.19787972813238772,0.05369127516778524,0.07734374999999996
453,HuggingFaceH4/zephyr-7b-gemma-v0.1,google/gemma-7b,0.3363741539116212,0.23751162749201274,0.0755287009063444,0.20526743498817968,0.059284116331096204,0.041794270833333334
454,HuggingFaceH4/zephyr-orpo-141b-A35b-v0.1,mistral-community/Mixtral-8x22B-v0.1,0.6510891102275296,0.47503796286541194,0.2009063444108761,0.3984559692671394,0.17114093959731544,0.14715104166666668
455,HuggingFaceTB/SmolLM-1.7B,HuggingFaceTB/SmolLM-1.7B,0.23615673080759053,0.04411127851549201,0.007552870090634441,0.016419178486997636,0.0,0.021283854166666668
456,HuggingFaceTB/SmolLM-1.7B-Instruct,HuggingFaceTB/SmolLM-1.7B,0.23478259905938464,0.020803742908537422,0.0,0.018450797872340413,0.01342281879194629,0.020833333333333325
457,HuggingFaceTB/SmolLM-135M,HuggingFaceTB/SmolLM-135M,0.21247622973709757,0.032853998220852616,0.0067975830815709985,0.013556442080378246,0.011185682326621947,0.13342187500000002
458,HuggingFaceTB/SmolLM-135M-Instruct,HuggingFaceTB/SmolLM-135M,0.12140121544169469,0.026929580047045803,0.0,0.019558953900709206,0.01230425055928408,0.03365625
459,HuggingFaceTB/SmolLM-360M,HuggingFaceTB/SmolLM-360M,0.2133505764704318,0.03284915303246592,0.004531722054380665,0.013741134751773042,0.02348993288590602,0.08089322916666665
460,HuggingFaceTB/SmolLM-360M-Instruct,HuggingFaceTB/SmolLM-360M,0.19516549422199767,0.020803742908537422,0.0,0.018450797872340413,0.019015659955257263,0.02897135416666666
461,HuggingFaceTB/SmolLM2-1.7B,HuggingFaceTB/SmolLM2-1.7B,0.2440003634800108,0.09301788459551683,0.021148036253776436,0.12640366430260044,0.039149888143176735,0.04601041666666668
462,HuggingFaceTB/SmolLM2-1.7B-Instruct,HuggingFaceTB/SmolLM2-1.7B-Instruct (Merge),0.5367835121920947,0.10917989226208066,0.04154078549848943,0.11707668439716311,0.039149888143176735,0.04098958333333335
463,HuggingFaceTB/SmolLM2-135M,HuggingFaceTB/SmolLM2-135M,0.18330030984454582,0.0370807758683998,0.0022658610271903325,0.010509013002364058,0.0,0.10030468749999999
464,HuggingFaceTB/SmolLM2-135M-Instruct,HuggingFaceTB/SmolLM2-135M-Instruct (Merge),0.05925167444602544,0.04796275744662444,0.0015105740181268882,0.010231973995271863,0.0,0.06059895833333335
465,HuggingFaceTB/SmolLM2-360M,HuggingFaceTB/SmolLM2-360M,0.21145227995053123,0.05543603155369513,0.0030211480362537764,0.018820183215130022,0.0,0.07728385416666667
466,HuggingFaceTB/SmolLM2-360M-Instruct,HuggingFaceTB/SmolLM2-360M-Instruct,0.08303191088533979,0.03299047329323317,0.008308157099697885,0.014018173758865236,0.020134228187919476,0.027518229166666682
467,HumanLLMs/Humanish-LLama3-8B-Instruct,meta-llama/Meta-Llama-3-8B-Instruct,0.6497903340913221,0.28012476599572,0.09592145015105742,0.30019946808510634,0.007829977628635318,0.020028645833333324
468,HumanLLMs/Humanish-Mistral-Nemo-Instruct-2407,mistralai/Mistral-Nemo-Base-2407,0.5451269298793867,0.32709613421225564,0.08383685800604229,0.2800679669030733,0.05033557046979867,0.09395052083333334
469,HumanLLMs/Humanish-Qwen2.5-7B-Instruct,Qwen/Qwen2.5-7B,0.7284250233824031,0.3447899758661866,0.0,0.3775856973995272,0.06487695749440718,0.08424479166666668
470,IDEA-CCNL/Ziya-LLaMA-13B-v1,IDEA-CCNL/Ziya-LLaMA-13B-v1,0.16968643200042555,0.014636170460989157,0.0,0.01124778368794326,0.0,0.03881510416666668
471,INSAIT-Institute/BgGPT-Gemma-2-27B-IT-v1.0,INSAIT-Institute/BgGPT-Gemma-2-27B-IT-v1.0 (Merge),0.0,0.023470409575204094,0.0,0.01854314420803781,0.01342281879194629,0.04524739583333332
472,IlyaGusev/gemma-2-2b-it-abliterated,IlyaGusev/gemma-2-2b-it-abliterated,0.5330866545211151,0.16796334504661764,0.0015105740181268882,0.17091459810874704,0.020134228187919476,0.04906770833333335
473,IlyaGusev/gemma-2-9b-it-abliterated,IlyaGusev/gemma-2-9b-it-abliterated,0.747259493698941,0.4082468502686295,0.0007552870090634441,0.32393247635933803,0.12751677852348994,0.09320572916666668
474,Infinirc/Infinirc-Llama3-8B-2G-Release-v1.0,Infinirc/Infinirc-Llama3-8B-2G-Release-v1.0,0.20243398626754788,0.20831164946766267,0.012084592145015106,0.12889701536643025,0.06599552572706939,0.16750520833333338
475,Intel/neural-chat-7b-v3,mistralai/Mistral-7B-v0.1,0.27779735546128714,0.30205692320538086,0.02190332326283988,0.18873744089834513,0.05592841163310966,0.23019531249999997
476,Intel/neural-chat-7b-v3-1,mistralai/Mistral-7B-v0.1,0.4686897432146704,0.297397523676162,0.03172205438066465,0.1864287825059102,0.05369127516778524,0.22236979166666657
477,Intel/neural-chat-7b-v3-2,Intel/neural-chat-7b-v3-2,0.49883974520937785,0.30237457969159426,0.045317220543806644,0.18522828014184395,0.05369127516778524,0.20056770833333334
478,Intel/neural-chat-7b-v3-3,mistralai/Mistral-7B-v0.1,0.4762585495374495,0.27753850886523695,0.006797583081570997,0.18051861702127658,0.05257270693512303,0.20578124999999997
479,IntervitensInc/internlm2_5-20b-llamafied,IntervitensInc/internlm2_5-20b-llamafied,0.34099522600034576,0.6347057952429436,0.17069486404833836,0.3389849290780142,0.1174496644295302,0.1494270833333333
480,Invalid-Null/PeiYangMe-0.5,Invalid-Null/PeiYangMe-0.5 (Merge),0.14088507382633633,0.014745771439889088,0.0,0.012078900709219858,0.0,0.03793229166666666
481,Invalid-Null/PeiYangMe-0.7,Invalid-Null/PeiYangMe-0.7 (Merge),0.1491032682172192,0.036007977173857814,0.0015105740181268882,0.01124778368794326,0.0,0.056148437499999995
482,Isaak-Carter/JOSIEv4o-8b-stage1-v4,Isaak-Carter/JOSIEv4o-8b-stage1-v4,0.25526602747376964,0.257872756997585,0.04682779456193353,0.257350768321513,0.05592841163310966,0.06079687499999999
483,Isaak-Carter/Josiefied-Qwen2.5-7B-Instruct-abliterated,Removed,0.7317473193349201,0.34904315688323073,0.0,0.3640107860520094,0.07046979865771814,0.09616666666666668
484,Isaak-Carter/Josiefied-Qwen2.5-7B-Instruct-abliterated-v2,Qwen/Qwen2.5-7B,0.7841039552830932,0.332945398202129,0.0,0.34757313829787234,0.06487695749440718,0.13957812500000003
485,J-LAB/Thynk_orpo,Removed,0.21017788357114675,0.22062783944144368,0.13066465256797585,0.24793144208037826,0.057046979865771785,0.15201562500000002
486,JackFram/llama-160m,JackFram/llama-160m,0.1791036671586945,0.02033606152852728,0.0,0.014202866430260036,0.015659955257270708,0.046677083333333334
487,JackFram/llama-68m,JackFram/llama-68m,0.17263416623448008,0.025910478068354777,0.0,0.01595744680851063,0.011185682326621947,0.0660703125
488,Jacoby746/Casual-Magnum-34B,Jacoby746/Casual-Magnum-34B (Merge),0.19301675110927896,0.4305156762846773,0.07854984894259819,0.4648529846335698,0.1633109619686801,0.08403385416666666
489,Jacoby746/Inf-Silent-Kunoichi-v0.1-2x7B,Jacoby746/Inf-Silent-Kunoichi-v0.1-2x7B (Merge),0.3879816664228691,0.3238700420411291,0.06042296072507553,0.25236406619385343,0.05257270693512303,0.12338541666666672
490,Jacoby746/Inf-Silent-Kunoichi-v0.2-2x7B,Jacoby746/Inf-Silent-Kunoichi-v0.2-2x7B (Merge),0.3636019095998617,0.32259183510828904,0.05664652567975831,0.2524564125295508,0.06711409395973152,0.13264062499999996
491,Jacoby746/Proto-Athena-4x7B,Jacoby746/Proto-Athena-4x7B (Merge),0.37029636918930664,0.30870822876627885,0.057401812688821746,0.24516105200945623,0.059284116331096204,0.13813020833333328
492,Jacoby746/Proto-Athena-v0.2-4x7B,Jacoby746/Proto-Athena-v0.2-4x7B (Merge),0.37524213531208306,0.30340844330303673,0.0513595166163142,0.24414524231678483,0.06487695749440718,0.10960156250000003
493,Jacoby746/Proto-Harpy-Blazing-Light-v0.1-2x7B,Jacoby746/Proto-Harpy-Blazing-Light-v0.1-2x7B (Merge),0.4904719477652628,0.32632529901592683,0.0634441087613293,0.2556885342789598,0.06040268456375841,0.1412109375
494,Jacoby746/Proto-Harpy-Spark-v0.1-7B,Jacoby746/Proto-Harpy-Spark-v0.1-7B (Merge),0.43326928106313467,0.26913110159424863,0.06268882175226585,0.22992390661938536,0.0738255033557047,0.1229166666666667
495,JayHyeon/Qwen-0.5B-DPO-1epoch,JayHyeon/Qwen-0.5B-DPO-1epoch,0.2647331303164493,0.055436947503506716,0.017371601208459216,0.061945921985815604,0.0033557046979865533,0.02897135416666666
496,JayHyeon/Qwen-0.5B-DPO-5epoch,JayHyeon/Qwen-0.5B-DPO-5epoch,0.25701472094043804,0.05056692258334079,0.02190332326283988,0.059175531914893595,0.0,0.02512760416666666
497,JayHyeon/Qwen-0.5B-IRPO-1epoch,JayHyeon/Qwen-0.5B-IRPO-1epoch,0.25891301746033857,0.05324351851851852,0.01661631419939577,0.055574024822695044,0.0,0.022460937499999997
498,JayHyeon/Qwen-0.5B-IRPO-5epoch,JayHyeon/Qwen-0.5B-IRPO-5epoch,0.2486713032531461,0.05711334497269228,0.01661631419939577,0.05631279550827422,0.0,0.020833333333333325
499,JayHyeon/Qwen-0.5B-eDPO-1epoch,JayHyeon/Qwen-0.5B-eDPO-1epoch,0.26233504878167707,0.05918400632703615,0.017371601208459216,0.06139184397163118,0.0,0.01920572916666666
500,JayHyeon/Qwen-0.5B-eDPO-5epoch,JayHyeon/Qwen-0.5B-eDPO-5epoch,0.24562383365027018,0.05197837690631808,0.01283987915407855,0.058067375886524816,0.0,0.022460937499999997
501,JayHyeon/Qwen2.5-0.5B-Instruct-SFT,Qwen/Qwen2.5-0.5B,0.27677340567472086,0.0593241994210165,0.0324773413897281,0.05779033687943262,0.043624161073825496,0.012695312499999995
502,JayHyeon/Qwen2.5-0.5B-Instruct-SFT-DPO-1epoch_v1,JayHyeon/Qwen2.5-0.5B-Instruct-SFT-DPO-1epoch_v1,0.24687274210206694,0.0612607291013818,0.03625377643504532,0.063885195035461,0.030201342281879207,0.021872395833333332
503,JayHyeon/Qwen2.5-0.5B-Instruct-SFT-IRPO-1epoch_v1,JayHyeon/Qwen2.5-0.5B-Instruct-SFT-IRPO-1epoch_v1,0.2605863553150086,0.06622365326648162,0.01812688821752266,0.06951832151300234,0.04026845637583895,0.012695312499999995
504,JayHyeon/Qwen2.5-0.5B-Instruct-SFT-MDPO-1epoch_v1,JayHyeon/Qwen2.5-0.5B-Instruct-SFT-MDPO-1epoch_v1,0.25291781362340815,0.06129987166860655,0.027945619335347432,0.0639775413711584,0.02460850111856823,0.014322916666666661
505,JayHyeon/Qwen2.5-0.5B-SFT,Qwen/Qwen2.5-0.5B,0.19636453498938372,0.044344753335124,0.015105740181268883,0.07478206264775414,0.038031319910514526,0.01595052083333333
506,JayHyeon/Qwen2.5-0.5B-SFT-1e-4,Qwen/Qwen2.5-0.5B,0.2019596891802639,0.043314933650227774,0.0007552870090634441,0.06877955082742317,0.0011185682326622093,0.022460937499999997
507,JayHyeon/Qwen2.5-0.5B-SFT-1e-4-2ep,Qwen/Qwen2.5-0.5B,0.2140498322229462,0.05650884333531393,0.0,0.05963726359338062,0.0,0.02408854166666666
508,JayHyeon/Qwen2.5-0.5B-SFT-1e-4-3ep,Qwen/Qwen2.5-0.5B,0.22573992561957823,0.047972350960586246,0.0022658610271903325,0.059083185579196194,0.0,0.028911458333333327
509,JayHyeon/Qwen2.5-0.5B-SFT-1e-4-5ep,Qwen/Qwen2.5-0.5B,0.19868726091215752,0.04784241393250257,0.0015105740181268882,0.061945921985815604,0.004474272930648763,0.020833333333333325
510,JayHyeon/Qwen2.5-0.5B-SFT-1e-5,Qwen/Qwen2.5-0.5B,0.19858752554333614,0.042136838231902694,0.00906344410876133,0.07755245271867611,0.02460850111856823,0.01920572916666666
511,JayHyeon/Qwen2.5-0.5B-SFT-1e-5-2ep,Qwen/Qwen2.5-0.5B,0.19706379074189814,0.05619297426317974,0.0037764350453172208,0.07238105791962175,0.02572706935123044,0.01595052083333333
512,JayHyeon/Qwen2.5-0.5B-SFT-1e-5-3ep,Qwen/Qwen2.5-0.5B,0.2241164554493189,0.06246296486215907,0.0022658610271903325,0.0765366430260047,0.026845637583892648,0.020833333333333325
513,JayHyeon/Qwen2.5-0.5B-SFT-1e-5-5ep,Qwen/Qwen2.5-0.5B,0.22918744486850443,0.06537614419782027,0.004531722054380665,0.0764442966903073,0.039149888143176735,0.011067708333333329
514,JayHyeon/Qwen2.5-0.5B-SFT-2e-4,Qwen/Qwen2.5-0.5B,0.20343355629729118,0.03114588111846371,0.0,0.045877659574468065,0.010067114093959738,0.018617187499999997
515,JayHyeon/Qwen2.5-0.5B-SFT-2e-4-2ep,Qwen/Qwen2.5-0.5B,0.18307535117931534,0.03199499249817542,0.0,0.05381944444444444,0.0,0.03728385416666668
516,JayHyeon/Qwen2.5-0.5B-SFT-2e-4-3ep,Qwen/Qwen2.5-0.5B,0.1989620872617987,0.04420916097586122,0.0007552870090634441,0.0462470449172577,0.014541387024608499,0.008851562499999998
517,JayHyeon/Qwen2.5-0.5B-SFT-2e-4-5ep,Qwen/Qwen2.5-0.5B,0.1897199430843495,0.03069330255279086,0.0037764350453172208,0.037381796690307306,0.02572706935123044,0.06357812500000001
518,JayHyeon/Qwen2.5-0.5B-SFT-2e-5,Qwen/Qwen2.5-0.5B,0.20675585224980828,0.049818480127625984,0.0015105740181268882,0.07533614066193853,0.02572706935123044,0.023499999999999997
519,JayHyeon/Qwen2.5-0.5B-SFT-2e-5-2ep,Qwen/Qwen2.5-0.5B,0.22014477142869807,0.057648020969838044,0.0030211480362537764,0.07884530141843972,0.03691275167785232,0.027205729166666668
520,JayHyeon/Qwen2.5-0.5B-SFT-2e-5-2ep-DPOP_3e-7-3ep_0alp_5lam,Qwen/Qwen2.5-0.5B,0.24105262924595627,0.06702479854955681,0.0,0.06249999999999999,0.027964205816554788,0.014322916666666661
521,JayHyeon/Qwen2.5-0.5B-SFT-2e-5-2ep-DPOP_5e-6-1ep_0alp_5lam,JayHyeon/Qwen2.5-0.5B-SFT-2e-5-2ep-DPOP_5e-6-1ep_0alp_5lam,0.23685598656010498,0.06892109783030413,0.0022658610271903325,0.06333111702127657,0.03467561521252797,0.024401041666666675
522,JayHyeon/Qwen2.5-0.5B-SFT-2e-5-2ep-DPOP_5e-6-2ep_0alp_5lam,JayHyeon/Qwen2.5-0.5B-SFT-2e-5-2ep-DPOP_5e-6-2ep_0alp_5lam,0.22623971063444992,0.07351407019428777,0.0,0.06009899527186761,0.039149888143176735,0.023361979166666668
523,JayHyeon/Qwen2.5-0.5B-SFT-2e-5-2ep-DPOP_5e-6-3ep_0alp_5lam,Qwen/Qwen2.5-0.5B,0.2507945584382771,0.06453776300474527,0.0,0.06166888297872341,0.03467561521252797,0.01965625
524,JayHyeon/Qwen2.5-0.5B-SFT-2e-5-2ep-DPOP_5e-7-1ep_0alp_5lam,JayHyeon/Qwen2.5-0.5B-SFT-2e-5-2ep-DPOP_5e-7-1ep_0alp_5lam,0.238979241745236,0.06676263541946459,0.0007552870090634441,0.0622229609929078,0.02348993288590602,0.014322916666666661
525,JayHyeon/Qwen2.5-0.5B-SFT-2e-5-2ep-DPOP_5e-7-2ep_0alp_5lam,JayHyeon/Qwen2.5-0.5B-SFT-2e-5-2ep-DPOP_5e-7-2ep_0alp_5lam,0.24230153769775306,0.06449024830632406,0.0,0.06083776595744679,0.02348993288590602,0.014322916666666661
526,JayHyeon/Qwen2.5-0.5B-SFT-2e-5-2ep-DPOP_5e-7-3ep_0alp_5lam,Qwen/Qwen2.5-0.5B,0.24932069132124984,0.069008385561226,0.0007552870090634441,0.0623153073286052,0.020134228187919476,0.014322916666666661
527,JayHyeon/Qwen2.5-0.5B-SFT-2e-5-2ep-DPO_1e-6-1ep_0alp_0lam,JayHyeon/Qwen2.5-0.5B-SFT-2e-5-2ep-DPO_1e-6-1ep_0alp_0lam,0.2541667220752049,0.06330228534336109,0.0007552870090634441,0.06443927304964539,0.029082774049216997,0.011067708333333329
528,JayHyeon/Qwen2.5-0.5B-SFT-2e-5-2ep-DPO_1e-6-2ep_0alp_0lam,JayHyeon/Qwen2.5-0.5B-SFT-2e-5-2ep-DPO_1e-6-2ep_0alp_0lam,0.24507418095098785,0.06636386948995733,0.0015105740181268882,0.0623153073286052,0.03243847874720355,0.011067708333333329
529,JayHyeon/Qwen2.5-0.5B-SFT-2e-5-2ep-DPO_1e-6-3ep_0alp_0lam,Qwen/Qwen2.5-0.5B,0.25574032456105356,0.06317309144357895,0.0022658610271903325,0.063885195035461,0.03243847874720355,0.011067708333333329
530,JayHyeon/Qwen2.5-0.5B-SFT-2e-5-2ep-DPO_1e-7-2ep_0alp_0lam,JayHyeon/Qwen2.5-0.5B-SFT-2e-5-2ep-DPO_1e-7-2ep_0alp_0lam,0.26053648763059795,0.0643527427104784,0.0007552870090634441,0.06406988770685579,0.026845637583892648,0.014322916666666661
531,JayHyeon/Qwen2.5-0.5B-SFT-2e-5-2ep-DPO_1e-7-3ep_0alp_0lam,Qwen/Qwen2.5-0.5B,0.25781371206177384,0.06385350523771152,0.0,0.06480865839243498,0.017897091722595054,0.014322916666666661
532,JayHyeon/Qwen2.5-0.5B-SFT-2e-5-2ep-DPO_2e-6-1ep_0alp_0lam,JayHyeon/Qwen2.5-0.5B-SFT-2e-5-2ep-DPO_2e-6-1ep_0alp_0lam,0.23353369060758788,0.06402744874205392,0.0022658610271903325,0.06453161938534278,0.033557046979865834,0.009440104166666663
533,JayHyeon/Qwen2.5-0.5B-SFT-2e-5-2ep-DPO_2e-6-2ep_0alp_0lam,JayHyeon/Qwen2.5-0.5B-SFT-2e-5-2ep-DPO_2e-6-2ep_0alp_0lam,0.24719743613611883,0.06901808055033277,0.0007552870090634441,0.05972960992907801,0.03467561521252797,0.009440104166666663
534,JayHyeon/Qwen2.5-0.5B-SFT-2e-5-2ep-DPO_2e-6-3ep_0alp_0lam,Qwen/Qwen2.5-0.5B,0.24742239480134934,0.07002679365505717,0.0015105740181268882,0.059914302600472806,0.030201342281879207,0.012695312499999995
535,JayHyeon/Qwen2.5-0.5B-SFT-2e-5-2ep-DPO_3e-6-1ep_0alp_0lam,JayHyeon/Qwen2.5-0.5B-SFT-2e-5-2ep-DPO_3e-6-1ep_0alp_0lam,0.24027801788144346,0.06620615393798311,0.0007552870090634441,0.0637005023640662,0.04250559284116329,0.009440104166666663
536,JayHyeon/Qwen2.5-0.5B-SFT-2e-5-2ep-DPO_3e-6-2ep_0alp_0lam,JayHyeon/Qwen2.5-0.5B-SFT-2e-5-2ep-DPO_3e-6-2ep_0alp_0lam,0.23680611887569428,0.06780448413764288,0.0007552870090634441,0.05732860520094563,0.03243847874720355,0.012695312499999995
537,JayHyeon/Qwen2.5-0.5B-SFT-2e-5-2ep-DPO_3e-6-3ep_0alp_0lam,Qwen/Qwen2.5-0.5B,0.23718068059415687,0.07007125824454592,0.0007552870090634441,0.061114804964538985,0.026845637583892648,0.01595052083333333
538,JayHyeon/Qwen2.5-0.5B-SFT-2e-5-2ep-DPO_3e-7-3ep_0alp_0lam,Qwen/Qwen2.5-0.5B,0.2499202117049429,0.06671898931566539,0.0007552870090634441,0.0637928486997636,0.020134228187919476,0.012695312499999995
539,JayHyeon/Qwen2.5-0.5B-SFT-2e-5-2ep-DPO_5e-6-1ep_0alp_0lam,JayHyeon/Qwen2.5-0.5B-SFT-2e-5-2ep-DPO_5e-6-1ep_0alp_0lam,0.23810489501190177,0.06428288118900528,0.0030211480362537764,0.0636081560283688,0.03243847874720355,0.012695312499999995
540,JayHyeon/Qwen2.5-0.5B-SFT-2e-5-2ep-DPO_5e-6-2ep_0alp_0lam,JayHyeon/Qwen2.5-0.5B-SFT-2e-5-2ep-DPO_5e-6-2ep_0alp_0lam,0.2420765790325226,0.06992686975855793,0.0007552870090634441,0.05511229314420804,0.04026845637583895,0.012695312499999995
541,JayHyeon/Qwen2.5-0.5B-SFT-2e-5-2ep-DPO_5e-6-3ep_0alp_0lam,Qwen/Qwen2.5-0.5B,0.23805502732749104,0.07221132822992211,0.0,0.055389332151300236,0.03467561521252797,0.01698958333333333
542,JayHyeon/Qwen2.5-0.5B-SFT-2e-5-2ep-DPO_5e-7_1ep_0alp_0lam,JayHyeon/Qwen2.5-0.5B-SFT-2e-5-2ep-DPO_5e-7_1ep_0alp_0lam,0.252642987273767,0.06537585206076342,0.0007552870090634441,0.0636081560283688,0.031319910514541416,0.012695312499999995
543,JayHyeon/Qwen2.5-0.5B-SFT-2e-5-2ep-DPO_5e-7_2ep_0alp_0lam,JayHyeon/Qwen2.5-0.5B-SFT-2e-5-2ep-DPO_5e-7_2ep_0alp_0lam,0.24572356901909156,0.06566722923568209,0.0,0.06351580969267137,0.030201342281879207,0.012695312499999995
544,JayHyeon/Qwen2.5-0.5B-SFT-2e-5-2ep-DPO_5e-7_3ep_0alp_0lam,JayHyeon/Qwen2.5-0.5B-SFT-2e-5-2ep-DPO_5e-7_3ep_0alp_0lam,0.2441998342176536,0.06932125973677143,0.0015105740181268882,0.06296173167848698,0.031319910514541416,0.012695312499999995
545,JayHyeon/Qwen2.5-0.5B-SFT-2e-5-2ep-DPO_7e-7_1ep_0alp_0lam,JayHyeon/Qwen2.5-0.5B-SFT-2e-5-2ep-DPO_7e-7_1ep_0alp_0lam,0.2603613966497782,0.06426288909780045,0.0,0.06305407801418438,0.03467561521252797,0.012695312499999995
546,JayHyeon/Qwen2.5-0.5B-SFT-2e-5-2ep-DPO_7e-7_2ep_0alp_0lam,JayHyeon/Qwen2.5-0.5B-SFT-2e-5-2ep-DPO_7e-7_2ep_0alp_0lam,0.24899599728719796,0.06477995418867699,0.0007552870090634441,0.06323877068557918,0.027964205816554788,0.011067708333333329
547,JayHyeon/Qwen2.5-0.5B-SFT-2e-5-2ep-DPO_7e-7_3ep_0alp_0lam,JayHyeon/Qwen2.5-0.5B-SFT-2e-5-2ep-DPO_7e-7_3ep_0alp_0lam,0.2603613966497782,0.0625191698749515,0.0007552870090634441,0.06286938534278959,0.03243847874720355,0.013734374999999997
548,JayHyeon/Qwen2.5-0.5B-SFT-2e-5-2ep-IRPO_1e-7-1ep_1alp_0lam,JayHyeon/Qwen2.5-0.5B-SFT-2e-5-2ep-IRPO_1e-7-1ep_1alp_0lam,0.2550410688085391,0.06714916509982989,0.0,0.06342346335697398,0.026845637583892648,0.01595052083333333
549,JayHyeon/Qwen2.5-0.5B-SFT-2e-5-2ep-IRPO_1e-7-2ep_1alp_0lam,JayHyeon/Qwen2.5-0.5B-SFT-2e-5-2ep-IRPO_1e-7-2ep_1alp_0lam,0.24779695651981185,0.06875548169039306,0.0007552870090634441,0.06517804373522457,0.02237136465324381,0.014322916666666661
550,JayHyeon/Qwen2.5-0.5B-SFT-2e-5-2ep-IRPO_1e-7-3ep_1alp_0lam,Qwen/Qwen2.5-0.5B,0.24747226248576,0.0708976945115946,0.0,0.06176122931442081,0.027964205816554788,0.014322916666666661
551,JayHyeon/Qwen2.5-0.5B-SFT-2e-5-2ep-IRPO_3e-7-3ep_1alp_0lam,Qwen/Qwen2.5-0.5B,0.25901275282916,0.06706365162503357,0.0,0.06508569739952717,0.030201342281879207,0.011067708333333329
552,JayHyeon/Qwen2.5-0.5B-SFT-2e-5-2ep-IRPO_5e-6-1ep_1alp_0lam,JayHyeon/Qwen2.5-0.5B-SFT-2e-5-2ep-IRPO_5e-6-1ep_1alp_0lam,0.23233464984020177,0.06388945444235533,0.0007552870090634441,0.06083776595744679,0.043624161073825496,0.010479166666666664
553,JayHyeon/Qwen2.5-0.5B-SFT-2e-5-2ep-IRPO_5e-6-2ep_1alp_0lam,JayHyeon/Qwen2.5-0.5B-SFT-2e-5-2ep-IRPO_5e-6-2ep_1alp_0lam,0.23151017079127825,0.07489152117467993,0.0,0.05788268321513002,0.026845637583892648,0.009890625
554,JayHyeon/Qwen2.5-0.5B-SFT-2e-5-2ep-IRPO_5e-6-3ep_1alp_0lam,Qwen/Qwen2.5-0.5B,0.22983683293660817,0.0834016877070463,0.0007552870090634441,0.06305407801418438,0.021252796420581685,0.009440104166666663
555,JayHyeon/Qwen2.5-0.5B-SFT-2e-5-2ep-IRPO_5e-7-1ep_1alp_0lam,JayHyeon/Qwen2.5-0.5B-SFT-2e-5-2ep-IRPO_5e-7-1ep_1alp_0lam,0.24687274210206694,0.06567071507446204,0.0,0.063885195035461,0.039149888143176735,0.012695312499999995
556,JayHyeon/Qwen2.5-0.5B-SFT-2e-5-2ep-IRPO_5e-7-2ep_1alp_0lam,JayHyeon/Qwen2.5-0.5B-SFT-2e-5-2ep-IRPO_5e-7-2ep_1alp_0lam,0.2520434668900739,0.0665904676634733,0.0,0.0639775413711584,0.03355704697986576,0.012695312499999995
557,JayHyeon/Qwen2.5-0.5B-SFT-2e-5-2ep-IRPO_5e-7-3ep_1alp_0lam,Qwen/Qwen2.5-0.5B,0.2665815591519391,0.06800973005640612,0.0,0.06296173167848698,0.029082774049216997,0.011067708333333329
558,JayHyeon/Qwen2.5-0.5B-SFT-2e-5-2ep-MDPO_0.5_1e-7-1ep_0alp_0lam,JayHyeon/Qwen2.5-0.5B-SFT-2e-5-2ep-MDPO_0.5_1e-7-1ep_0alp_0lam,0.2499202117049429,0.06560842435908915,0.0007552870090634441,0.06249999999999999,0.020134228187919476,0.014322916666666661
559,JayHyeon/Qwen2.5-0.5B-SFT-2e-5-2ep-MDPO_0.5_1e-7-2ep_0alp_0lam,JayHyeon/Qwen2.5-0.5B-SFT-2e-5-2ep-MDPO_0.5_1e-7-2ep_0alp_0lam,0.24170201731406002,0.06524571656668755,0.0007552870090634441,0.063885195035461,0.02460850111856823,0.014322916666666661
560,JayHyeon/Qwen2.5-0.5B-SFT-2e-5-2ep-MDPO_0.5_1e-7-3ep_0alp_0lam,Qwen/Qwen2.5-0.5B,0.2562401095759252,0.06739192109111529,0.0015105740181268882,0.0639775413711584,0.021252796420581685,0.014322916666666661
561,JayHyeon/Qwen2.5-0.5B-SFT-2e-5-2ep-MDPO_1e-6-3ep_0alp_0lam,Qwen/Qwen2.5-0.5B,0.24082767058072585,0.06420557197003611,0.0015105740181268882,0.0618535756501182,0.031319910514541416,0.011067708333333329
562,JayHyeon/Qwen2.5-0.5B-SFT-2e-5-2ep-MDPO_1e-6_1ep_0alp_0lam,JayHyeon/Qwen2.5-0.5B-SFT-2e-5-2ep-MDPO_1e-6_1ep_0alp_0lam,0.24812165055386373,0.066874635150864,0.0007552870090634441,0.06573212174940896,0.03467561521252797,0.011067708333333329
563,JayHyeon/Qwen2.5-0.5B-SFT-2e-5-2ep-MDPO_1e-6_2ep_0alp_0lam,JayHyeon/Qwen2.5-0.5B-SFT-2e-5-2ep-MDPO_1e-6_2ep_0alp_0lam,0.2544914161092568,0.06553899558301252,0.0007552870090634441,0.0623153073286052,0.029082774049216997,0.011067708333333329
564,JayHyeon/Qwen2.5-0.5B-SFT-2e-5-2ep-MDPO_2e-6-3ep_0alp_0lam,Qwen/Qwen2.5-0.5B,0.2519935992056632,0.06583344002745696,0.0,0.05972960992907801,0.030201342281879207,0.012695312499999995
565,JayHyeon/Qwen2.5-0.5B-SFT-2e-5-2ep-MDPO_2e-6_1ep_0alp_0lam,JayHyeon/Qwen2.5-0.5B-SFT-2e-5-2ep-MDPO_2e-6_1ep_0alp_0lam,0.23146030310686758,0.06560212045244278,0.0022658610271903325,0.06471631205673758,0.04026845637583895,0.009440104166666663
566,JayHyeon/Qwen2.5-0.5B-SFT-2e-5-2ep-MDPO_2e-6_2ep_0alp_0lam,JayHyeon/Qwen2.5-0.5B-SFT-2e-5-2ep-MDPO_2e-6_2ep_0alp_0lam,0.25149381419079153,0.0683074782881189,0.0015105740181268882,0.059914302600472806,0.029082774049216997,0.009440104166666663
567,JayHyeon/Qwen2.5-0.5B-SFT-2e-5-2ep-MDPO_3e-6-1ep_0alp_0lam,JayHyeon/Qwen2.5-0.5B-SFT-2e-5-2ep-MDPO_3e-6-1ep_0alp_0lam,0.24719743613611883,0.06204970976213926,0.0007552870090634441,0.06536273640661937,0.030201342281879207,0.011067708333333329
568,JayHyeon/Qwen2.5-0.5B-SFT-2e-5-2ep-MDPO_3e-6-2ep_0alp_0lam,JayHyeon/Qwen2.5-0.5B-SFT-2e-5-2ep-MDPO_3e-6-2ep_0alp_0lam,0.24599839536873275,0.07019682155967409,0.0,0.059267878250591016,0.039149888143176735,0.009440104166666663
569,JayHyeon/Qwen2.5-0.5B-SFT-2e-5-2ep-MDPO_3e-6-3ep_0alp_0lam,Qwen/Qwen2.5-0.5B,0.25236816092412573,0.07060401110215778,0.0007552870090634441,0.0589908392434988,0.03691275167785232,0.014322916666666661
570,JayHyeon/Qwen2.5-0.5B-SFT-2e-5-2ep-MDPO_5e-6-1ep_0alp_0lam,JayHyeon/Qwen2.5-0.5B-SFT-2e-5-2ep-MDPO_5e-6-1ep_0alp_0lam,0.22646466929968043,0.06715595621810369,0.0015105740181268882,0.06314642434988178,0.031319910514541416,0.012695312499999995
571,JayHyeon/Qwen2.5-0.5B-SFT-2e-5-2ep-MDPO_5e-6-2ep_0alp_0lam,JayHyeon/Qwen2.5-0.5B-SFT-2e-5-2ep-MDPO_5e-6-2ep_0alp_0lam,0.23016152697066009,0.0698474035276211,0.0,0.055574024822695044,0.03579418344519018,0.014322916666666661
572,JayHyeon/Qwen2.5-0.5B-SFT-2e-5-2ep-MDPO_5e-6-3ep_0alp_0lam,Qwen/Qwen2.5-0.5B,0.25236816092412573,0.07363649162861492,0.0,0.05788268321513002,0.03691275167785232,0.014322916666666661
573,JayHyeon/Qwen2.5-0.5B-SFT-2e-5-2ep-MDPO_5e-7-3ep_0alp_0lam,Qwen/Qwen2.5-0.5B,0.2657570801030155,0.06726276300474528,0.0015105740181268882,0.063885195035461,0.015659955257270708,0.011067708333333329
574,JayHyeon/Qwen2.5-0.5B-SFT-2e-5-2ep-MDPO_5e-7_1ep_0alp_0lam,JayHyeon/Qwen2.5-0.5B-SFT-2e-5-2ep-MDPO_5e-7_1ep_0alp_0lam,0.2487211709375568,0.06708541946458949,0.0007552870090634441,0.06610150709219859,0.029082774049216997,0.011067708333333329
575,JayHyeon/Qwen2.5-0.5B-SFT-2e-5-2ep-MDPO_5e-7_2ep_0alp_0lam,JayHyeon/Qwen2.5-0.5B-SFT-2e-5-2ep-MDPO_5e-7_2ep_0alp_0lam,0.2560151509106947,0.06253469424299402,0.0,0.06240765366430259,0.03579418344519018,0.011067708333333329
576,JayHyeon/Qwen2.5-0.5B-SFT-2e-5-2ep-MDPO_7e-7-3ep_0alp_0lam,Qwen/Qwen2.5-0.5B,0.24987034402053218,0.06443718103679828,0.0,0.06176122931442081,0.026845637583892648,0.011067708333333329
577,JayHyeon/Qwen2.5-0.5B-SFT-2e-5-2ep-MDPO_7e-7_1ep_0alp_0lam,JayHyeon/Qwen2.5-0.5B-SFT-2e-5-2ep-MDPO_7e-7_1ep_0alp_0lam,0.249595517670891,0.0639987465305757,0.0007552870090634441,0.06296173167848698,0.016778523489932917,0.012695312499999995
578,JayHyeon/Qwen2.5-0.5B-SFT-2e-5-2ep-MDPO_7e-7_2ep_0alp_0lam,JayHyeon/Qwen2.5-0.5B-SFT-2e-5-2ep-MDPO_7e-7_2ep_0alp_0lam,0.25149381419079153,0.06482712194466828,0.0015105740181268882,0.061484190307328615,0.026845637583892648,0.011067708333333329
579,JayHyeon/Qwen2.5-0.5B-SFT-2e-5-3ep,Qwen/Qwen2.5-0.5B,0.22808813946993972,0.06085450245131953,0.005287009063444108,0.08290854018912527,0.015659955257270708,0.014322916666666661
580,JayHyeon/Qwen2.5-0.5B-SFT-2e-5-5ep,Qwen/Qwen2.5-0.5B,0.23478259905938464,0.071797641198447,0.005287009063444109,0.07727541371158392,0.019015659955257263,0.009440104166666663
581,JayHyeon/Qwen2.5-0.5B-SFT-2e-5-5ep-MDPO_5e-7_3ep_0alp_0lam,Qwen/Qwen2.5-0.5B,0.2525931195893562,0.06757650565553466,0.0015105740181268882,0.0637928486997636,0.02348993288590602,0.023361979166666668
582,JayHyeon/Qwen2.5-0.5B-SFT-2e-5-5ep-MDPO_5e-7_3ep_0alp_0lam_1ep,JayHyeon/Qwen2.5-0.5B-SFT-2e-5-5ep-MDPO_5e-7_3ep_0alp_0lam_1ep,0.24812165055386373,0.05959990748201868,0.0015105740181268882,0.06628619976359339,0.016778523489932917,0.019067708333333336
583,JayHyeon/Qwen2.5-0.5B-SFT-2e-5-5ep-MDPO_5e-7_3ep_0alp_0lam_2ep,JayHyeon/Qwen2.5-0.5B-SFT-2e-5-5ep-MDPO_5e-7_3ep_0alp_0lam_2ep,0.25476624245889795,0.061123436893783384,0.0007552870090634441,0.06240765366430259,0.020134228187919476,0.012695312499999995
584,JayHyeon/Qwen2.5-0.5B-SFT-2e-5-5ep-MDPO_7e-7_3ep_0alp_0lam,Qwen/Qwen2.5-0.5B,0.24230153769775306,0.06240268525979645,0.0007552870090634441,0.0625923463356974,0.026845637583892648,0.019067708333333336
585,JayHyeon/Qwen2.5-0.5B-SFT-2e-5-5ep-MDPO_7e-7_3ep_0alp_0lam_1ep,JayHyeon/Qwen2.5-0.5B-SFT-2e-5-5ep-MDPO_7e-7_3ep_0alp_0lam_1ep,0.24927082363683917,0.06292637807025397,0.0,0.06573212174940896,0.02460850111856823,0.013734374999999997
586,JayHyeon/Qwen2.5-0.5B-SFT-2e-5-5ep-MDPO_7e-7_3ep_0alp_0lam_2ep,JayHyeon/Qwen2.5-0.5B-SFT-2e-5-5ep-MDPO_7e-7_3ep_0alp_0lam_2ep,0.24779695651981185,0.06357407183573582,0.0,0.06176122931442081,0.02572706935123044,0.021734375000000004
587,JayHyeon/Qwen2.5-0.5B-SFT-5e-5,Qwen/Qwen2.5-0.5B,0.20098560707810834,0.04746972667855023,0.0,0.07468971631205674,0.02348993288590602,0.01595052083333333
588,JayHyeon/Qwen2.5-0.5B-SFT-5e-5-2ep,Qwen/Qwen2.5-0.5B,0.21747186354428472,0.05832625611473314,0.0015105740181268882,0.06970301418439714,0.01342281879194629,0.014322916666666661
589,JayHyeon/Qwen2.5-0.5B-SFT-5e-5-3ep,Qwen/Qwen2.5-0.5B,0.2198699450790569,0.07669544389639071,0.002265861027190332,0.07238105791962175,0.004474272930648763,0.020833333333333325
590,JayHyeon/Qwen2.5-0.5B-SFT-5e-5-5ep,Qwen/Qwen2.5-0.5B,0.2077299343519639,0.07191287458251598,0.0037764350453172208,0.06517804373522457,0.02460850111856823,0.049794270833333334
591,JayHyeon/Qwen2.5-0.5B-SFT-7e-5,Qwen/Qwen2.5-0.5B,0.20925366915340185,0.0635784176033773,0.0,0.06914893617021275,0.008948545861297527,0.024539062499999997
592,JayHyeon/Qwen2.5-0.5B-SFT-7e-5-2ep,Qwen/Qwen2.5-0.5B,0.21562343470879491,0.054636076450782334,0.0,0.06305407801418438,0.0,0.017578124999999993
593,JayHyeon/Qwen2.5-0.5B-SFT-7e-5-3ep,Qwen/Qwen2.5-0.5B,0.23805502732749104,0.059840216630446266,0.0007552870090634441,0.057975029550827416,0.0,0.024539062499999997
594,JayHyeon/Qwen2.5-0.5B-SFT-7e-5-5ep,Qwen/Qwen2.5-0.5B,0.21197644472222593,0.05343662111309169,0.0,0.06979536052009454,0.0,0.03742187499999999
595,JayHyeon/Qwen2.5-0.5B-SFT-DPO-1epoch_v1,JayHyeon/Qwen2.5-0.5B-SFT-DPO-1epoch_v1,0.20245947419513555,0.06136573850240249,0.011329305135951661,0.03664302600472812,0.030201342281879207,0.007812499999999996
596,JayHyeon/Qwen2.5-0.5B-SFT-MDPO-1epoch_v1,JayHyeon/Qwen2.5-0.5B-SFT-MDPO-1epoch_v1,0.1964144026737944,0.06524721998388398,0.008308157099697885,0.03747414302600471,0.03467561521252797,0.018028645833333332
597,JayHyeon/Qwen_0.5-DPOP_1e-6-3ep_0alp_5lam,Qwen/Qwen2.5-0.5B,0.25324250765746004,0.06140998671919301,0.0,0.06286938534278959,0.03243847874720355,0.014322916666666661
598,JayHyeon/Qwen_0.5-DPOP_1e-7-3ep_0alp_5lam,Qwen/Qwen2.5-0.5B,0.26695612087040166,0.0664210605246665,0.0007552870090634441,0.06249999999999999,0.02237136465324381,0.014322916666666661
599,JayHyeon/Qwen_0.5-DPOP_3e-6-1ep_0alp_5lam,JayHyeon/Qwen_0.5-DPOP_3e-6-1ep_0alp_5lam,0.24807178286945306,0.06943810696272422,0.0037764350453172208,0.06277703900709218,0.01342281879194629,0.012695312499999995
600,JayHyeon/Qwen_0.5-DPOP_3e-6-2ep_0alp_5lam,JayHyeon/Qwen_0.5-DPOP_3e-6-2ep_0alp_5lam,0.23832985367713222,0.07149861894529504,0.0007552870090634441,0.055943410165484625,0.039149888143176735,0.013734374999999997
601,JayHyeon/Qwen_0.5-DPOP_3e-6-3ep_0alp_5lam,Qwen/Qwen2.5-0.5B,0.2471475684517081,0.0696901565344555,0.0022658610271903325,0.059267878250591016,0.026845637583892648,0.01595052083333333
602,JayHyeon/Qwen_0.5-DPOP_3e-7-1ep_0alp_5lam,JayHyeon/Qwen_0.5-DPOP_3e-7-1ep_0alp_5lam,0.244749486916936,0.06629315516160803,0.0007552870090634441,0.06277703900709218,0.015659955257270708,0.014322916666666661
603,JayHyeon/Qwen_0.5-DPOP_3e-7-2ep_0alp_5lam,JayHyeon/Qwen_0.5-DPOP_3e-7-2ep_0alp_5lam,0.2551408041773605,0.06682421807383532,0.0007552870090634441,0.06296173167848698,0.015659955257270708,0.012695312499999995
604,JayHyeon/Qwen_0.5-DPOP_3e-7-3ep_0alp_5lam,Qwen/Qwen2.5-0.5B,0.25379216035674235,0.0635458053541051,0.0015105740181268882,0.06480865839243498,0.02348993288590602,0.014322916666666661
605,JayHyeon/Qwen_0.5-DPOP_5e-7-1ep_0alp_5lam,JayHyeon/Qwen_0.5-DPOP_5e-7-1ep_0alp_5lam,0.24022815019703278,0.06505902199540393,0.0,0.06314642434988178,0.029082774049216997,0.014322916666666661
606,JayHyeon/Qwen_0.5-DPOP_5e-7-2ep_0alp_5lam,JayHyeon/Qwen_0.5-DPOP_5e-7-2ep_0alp_5lam,0.2483964769035049,0.06769462425761781,0.0007552870090634441,0.0637005023640662,0.026845637583892648,0.012695312499999995
607,JayHyeon/Qwen_0.5-DPOP_5e-7-3ep_0alp_5lam,Qwen/Qwen2.5-0.5B,0.25781371206177384,0.06797627063001761,0.0007552870090634441,0.06480865839243498,0.027964205816554788,0.011067708333333329
608,JayHyeon/Qwen_0.5-DPO_1e-6-3ep_0alp_0lam,Qwen/Qwen2.5-0.5B,0.23163539408768735,0.06865286941551371,0.0,0.06443927304964539,0.02572706935123044,0.014322916666666661
609,JayHyeon/Qwen_0.5-DPO_1e-7-3ep_0alp_0lam,Qwen/Qwen2.5-0.5B,0.23598163982677073,0.07100430208613126,0.0,0.06619385342789598,0.027964205816554788,0.009440104166666663
610,JayHyeon/Qwen_0.5-DPO_3e-6-1ep_0alp_0lam,JayHyeon/Qwen_0.5-DPO_3e-6-1ep_0alp_0lam,0.23370878158840763,0.05926862745098039,0.0037764350453172208,0.059175531914893595,0.014541387024608499,0.013734374999999997
611,JayHyeon/Qwen_0.5-DPO_3e-6-2ep_0alp_0lam,JayHyeon/Qwen_0.5-DPO_3e-6-2ep_0alp_0lam,0.25693936532843964,0.0735619576137537,0.006042296072507553,0.06277703900709218,0.029082774049216997,0.007812499999999996
612,JayHyeon/Qwen_0.5-DPO_3e-6-3ep_0alp_0lam,Qwen/Qwen2.5-0.5B,0.24599839536873275,0.07139829635632065,0.0022658610271903325,0.060376034278959795,0.02460850111856823,0.013145833333333334
613,JayHyeon/Qwen_0.5-DPO_3e-7-1ep_0alp_0lam,JayHyeon/Qwen_0.5-DPO_3e-7-1ep_0alp_0lam,0.25291781362340815,0.0693114558152028,0.0007552870090634441,0.06628619976359339,0.02348993288590602,0.011067708333333329
614,JayHyeon/Qwen_0.5-DPO_3e-7-2ep_0alp_0lam,JayHyeon/Qwen_0.5-DPO_3e-7-2ep_0alp_0lam,0.2504698644042252,0.07127311158862328,0.0,0.06656323877068558,0.029082774049216997,0.012695312499999995
615,JayHyeon/Qwen_0.5-DPO_3e-7-3ep_0alp_0lam,Qwen/Qwen2.5-0.5B,0.23870441539559478,0.07222719655594353,0.0,0.06545508274231676,0.03243847874720355,0.011067708333333329
616,JayHyeon/Qwen_0.5-DPO_5e-7-1ep_0alp_0lam,JayHyeon/Qwen_0.5-DPO_5e-7-1ep_0alp_0lam,0.2374056392593873,0.06975245172650492,0.0,0.06767139479905436,0.031319910514541416,0.012695312499999995
617,JayHyeon/Qwen_0.5-DPO_5e-7-2ep_0alp_0lam,JayHyeon/Qwen_0.5-DPO_5e-7-2ep_0alp_0lam,0.24562383365027018,0.07732770540484078,0.0,0.06684027777777778,0.027964205816554788,0.014322916666666661
618,JayHyeon/Qwen_0.5-DPO_5e-7-3ep_0alp_0lam,Qwen/Qwen2.5-0.5B,0.24225167001334239,0.0720213873220521,0.0007552870090634441,0.06610150709219859,0.03243847874720355,0.014322916666666661
619,JayHyeon/Qwen_0.5-IRPO_1e-6-3ep_1alp_0lam,Qwen/Qwen2.5-0.5B,0.25509093649294984,0.07213578356761274,0.0,0.0637928486997636,0.02237136465324381,0.007812499999999996
620,JayHyeon/Qwen_0.5-IRPO_1e-7-3ep_1alp_0lam,Qwen/Qwen2.5-0.5B,0.26358395723347383,0.0690034664398484,0.0007552870090634441,0.06508569739952717,0.03467561521252797,0.012695312499999995
621,JayHyeon/Qwen_0.5-IRPO_3e-6-1ep_1alp_0lam,JayHyeon/Qwen_0.5-IRPO_3e-6-1ep_1alp_0lam,0.23228478215579107,0.07306987942817919,0.002265861027190332,0.06794843380614658,0.0011185682326622093,0.01210677083333333
622,JayHyeon/Qwen_0.5-IRPO_3e-6-2ep_1alp_0lam,JayHyeon/Qwen_0.5-IRPO_3e-6-2ep_1alp_0lam,0.24137732328000816,0.07390762452621842,0.0,0.059083185579196194,0.0022371364653244186,0.02602864583333334
623,JayHyeon/Qwen_0.5-IRPO_3e-6-3ep_1alp_0lam,Qwen/Qwen2.5-0.5B,0.2677805999193252,0.08111779105858478,0.0015105740181268882,0.0623153073286052,0.0055928411633109736,0.018028645833333332
624,JayHyeon/Qwen_0.5-IRPO_3e-7-1ep_1alp_0lam,JayHyeon/Qwen_0.5-IRPO_3e-7-1ep_1alp_0lam,0.2560650185951054,0.070010276210941,0.0,0.06545508274231676,0.029082774049216997,0.009440104166666663
625,JayHyeon/Qwen_0.5-IRPO_3e-7-3ep_1alp_0lam,Qwen/Qwen2.5-0.5B,0.2639086512675257,0.07133620064464143,0.0,0.06517804373522457,0.026845637583892648,0.011067708333333329
626,JayHyeon/Qwen_0.5-IRPO_5e-7-1ep_1alp_0lam,JayHyeon/Qwen_0.5-IRPO_5e-7-1ep_1alp_0lam,0.2517686405404327,0.07061898931566539,0.0,0.06499335106382978,0.031319910514541416,0.009440104166666663
627,JayHyeon/Qwen_0.5-IRPO_5e-7-2ep_1alp_0lam,JayHyeon/Qwen_0.5-IRPO_5e-7-2ep_1alp_0lam,0.24382527249919106,0.0742829155101919,0.0,0.06157653664302601,0.030201342281879207,0.009440104166666663
628,JayHyeon/Qwen_0.5-IRPO_5e-7-3ep_1alp_0lam,Qwen/Qwen2.5-0.5B,0.24654804806801509,0.07086835437371296,0.0,0.0625923463356974,0.029082774049216997,0.009440104166666663
629,JayHyeon/Qwen_0.5-MDPO_0.1_3e-6-3ep_0alp_0lam,Qwen/Qwen2.5-0.5B,0.25056959977304666,0.06819112125824453,0.0007552870090634441,0.057975029550827416,0.04250559284116329,0.013734374999999997
630,JayHyeon/Qwen_0.5-MDPO_0.3_3e-6-3ep_0alp_0lam,Qwen/Qwen2.5-0.5B,0.24539887498503965,0.06566535873101143,0.0,0.06046838061465721,0.04026845637583895,0.011067708333333329
631,JayHyeon/Qwen_0.5-MDPO_0.3_5e-7-3ep_0alp_0lam,Qwen/Qwen2.5-0.5B,0.2475221301701707,0.06604420718058913,0.0015105740181268882,0.06323877068557918,0.02572706935123044,0.012695312499999995
632,JayHyeon/Qwen_0.5-MDPO_0.5_1e-5-3ep_0alp_0lam,Qwen/Qwen2.5-0.5B,0.2319600881217392,0.07674537111648312,0.0007552870090634441,0.0602836879432624,0.03243847874720355,0.0147734375
633,JayHyeon/Qwen_0.5-MDPO_0.5_3e-7-1ep_0alp_0lam,JayHyeon/Qwen_0.5-MDPO_0.5_3e-7-1ep_0alp_0lam,0.24175188499847075,0.06547597964604411,0.0015105740181268882,0.06443927304964539,0.016778523489932917,0.012695312499999995
634,JayHyeon/Qwen_0.5-MDPO_0.5_3e-7-2ep_0alp_0lam,JayHyeon/Qwen_0.5-MDPO_0.5_3e-7-2ep_0alp_0lam,0.24932069132124984,0.06797543498373475,0.0015105740181268882,0.06342346335697398,0.026845637583892648,0.012695312499999995
635,JayHyeon/Qwen_0.5-MDPO_0.5_3e-7-3ep_0alp_0lam,Qwen/Qwen2.5-0.5B,0.2520434668900739,0.06479625973677142,0.0007552870090634441,0.061207151300236386,0.017897091722595054,0.011067708333333329
636,JayHyeon/Qwen_0.5-MDPO_0.5_4e-6-3ep_0alp_0lam,Qwen/Qwen2.5-0.5B,0.25803867072700437,0.07112517981317336,0.0,0.059914302600472806,0.03355704697986576,0.018028645833333332
637,JayHyeon/Qwen_0.5-MDPO_0.5_6e-6-3ep_0alp_0lam,Qwen/Qwen2.5-0.5B,0.2319600881217392,0.07373346017250125,0.0007552870090634441,0.05963726359338062,0.027964205816554857,0.015361979166666664
638,JayHyeon/Qwen_0.5-MDPO_0.5_7e-6-3ep_0alp_0lam,Qwen/Qwen2.5-0.5B,0.24877103862196748,0.07574128764138836,0.0,0.0589908392434988,0.029082774049216997,0.018028645833333332
639,JayHyeon/Qwen_0.5-MDPO_0.5_7e-7-3ep_0alp_0lam,Qwen/Qwen2.5-0.5B,0.25236816092412573,0.062634112275047,0.0007552870090634441,0.06268469267139479,0.027964205816554788,0.011067708333333329
640,JayHyeon/Qwen_0.5-MDPO_0.7_3e-6-3ep_0alp_0lam,Qwen/Qwen2.5-0.5B,0.2513940788219701,0.06770439236577432,0.0,0.059821956264775406,0.03355704697986576,0.012695312499999995
641,JayHyeon/Qwen_0.5-MDPO_0.7_5e-7-3ep_0alp_0lam,Qwen/Qwen2.5-0.5B,0.25324250765746004,0.06594967245650163,0.0007552870090634441,0.06277703900709218,0.02572706935123044,0.011067708333333329
642,JayHyeon/Qwen_0.5-MDPO_0.9_5e-7-3ep_0alp_0lam,Qwen/Qwen2.5-0.5B,0.2542165897596156,0.06860059838242756,0.0007552870090634441,0.0639775413711584,0.020134228187919476,0.011067708333333329
643,Jimmy19991222/Llama-3-Instruct-8B-SimPO-v0.2,Removed,0.6540368444615843,0.291238227637126,0.04305135951661631,0.29844488770685573,0.08612975391498878,0.08389583333333334
644,Jimmy19991222/llama-3-8b-instruct-gapo-v2-bert-f1-beta10-gamma0.3-lr1.0e-6-1minus-rerun,meta-llama/Meta-Llama-3-8B-Instruct,0.6717221416951467,0.27755228582197067,0.04078549848942599,0.2926270685579196,0.059284116331096204,0.08709114583333337
645,Jimmy19991222/llama-3-8b-instruct-gapo-v2-bert_f1-beta10-gamma0.3-lr1.0e-6-scale-log,meta-llama/Meta-Llama-3-8B-Instruct,0.6555605792630221,0.28613596677525616,0.03398791540785499,0.2953051122931442,0.0727069351230425,0.08167968750000001
646,Jimmy19991222/llama-3-8b-instruct-gapo-v2-bert_p-beta10-gamma0.3-lr1.0e-6-scale-log,meta-llama/Meta-Llama-3-8B-Instruct,0.6315055164740666,0.27666183558964236,0.05060422960725076,0.2901337174940898,0.04809843400447425,0.07087500000000001
647,Jimmy19991222/llama-3-8b-instruct-gapo-v2-bleu-beta0.1-no-length-scale-gamma0.4,Removed,0.6284580468711907,0.29329731874817794,0.017371601208459216,0.2827460106382979,0.057046979865771785,0.09071875000000001
648,Jimmy19991222/llama-3-8b-instruct-gapo-v2-rouge2-beta10-1minus-gamma0.3-rerun,meta-llama/Meta-Llama-3-8B-Instruct,0.6677504576745258,0.28390676236054285,0.04758308157099698,0.2953051122931442,0.07494407158836691,0.08005208333333334
649,Jimmy19991222/llama-3-8b-instruct-gapo-v2-rouge2-beta10-gamma0.3-lr1.0e-6-scale-log,meta-llama/Meta-Llama-3-8B-Instruct,0.6605063453857986,0.2807503551511944,0.0445619335347432,0.29604388297872336,0.07158836689038028,0.07805208333333337
650,Jimmy19991222/llama-3-8b-instruct-gapo-v2-rougeL-beta10-gamma0.3-lr1.0e-6-scale-log,meta-llama/Meta-Llama-3-8B-Instruct,0.6491908137076291,0.2856256683836558,0.045317220543806644,0.3012152777777778,0.06935123042505593,0.07383593750000003
651,Joseph717171/Hermes-3-Llama-3.1-8B_TIES_with_Base_Embeds_Initialized_to_Special_Instruct_Toks_dtypeF32,Joseph717171/Hermes-3-Llama-3.1-8B_TIES_with_Base_Embeds_Initialized_to_Special_Instruct_Toks_dtypeF32,0.6185410266980501,0.30724096614147955,0.0513595166163142,0.23823507683215125,0.043624161073825496,0.13617187499999994
652,Joseph717171/Llama-3.1-SuperNova-8B-Lite_TIES_with_Base,Joseph717171/Llama-3.1-SuperNova-8B-Lite_TIES_with_Base,0.8096328851890761,0.3146581339489899,0.17371601208459217,0.3200539302600473,0.07941834451901568,0.1074036458333333
653,Josephgflowers/Cinder-Phi-2-V1-F16-gguf,Josephgflowers/Cinder-Phi-2-V1-F16-gguf,0.23565694579271884,0.2245340222827221,0.0,0.12898936170212766,0.04250559284116329,0.01965625
654,Josephgflowers/Differential-Attention-Liquid-Metal-Tinyllama,Josephgflowers/Differential-Attention-Liquid-Metal-Tinyllama,0.22269245601670234,0.025522242028124382,0.0,0.023806885342789585,0.0011185682326622093,0.009440104166666663
655,Josephgflowers/TinyLlama-Cinder-Agent-v1,Josephgflowers/TinyLlama-3T-Cinder-v1.2,0.26695612087040166,0.03804167155031377,0.0037764350453172208,0.017896719858156024,0.0,0.022322916666666668
656,Josephgflowers/TinyLlama-v1.1-Cinders-World,Josephgflowers/TinyLlama-v1.1-Cinders-World,0.24692260978647768,0.031077144735021444,0.0015105740181268884,0.022052304964539006,0.0,0.00618489583333333
657,Josephgflowers/TinyLlama_v1.1_math_code-world-test-1,Josephgflowers/TinyLlama_v1.1_math_code-world-test-1,0.00784363267242029,0.041640170987246344,0.009818731117824775,0.01466459810874704,0.0,0.0363828125
658,Josephgflowers/Tinyllama-STEM-Cinder-Agent-v1,Josephgflowers/Tinyllama-STEM-Cinder-Agent-v1,0.21257596510591895,0.03731312676862636,0.0007552870090634441,0.009585549645390061,0.0,0.014322916666666661
659,Junhoee/Qwen-Megumin,Qwen/Qwen2.5-7B,0.7141118897857684,0.3364214368642437,0.0,0.35542257683215117,0.06152125279642054,0.08187239583333335
660,KSU-HW-SEC/Llama3-70b-SVA-FT-1415,Removed,0.6179913739987677,0.51328741195679,0.21978851963746227,0.4714095744680851,0.16666666666666663,0.17801041666666662
661,KSU-HW-SEC/Llama3-70b-SVA-FT-500,Removed,0.61052230304481,0.518870262488106,0.2137462235649547,0.46965499408983447,0.17449664429530198,0.16993229166666665
662,KSU-HW-SEC/Llama3-70b-SVA-FT-final,Removed,0.6164676391973297,0.51328741195679,0.21978851963746227,0.4714095744680851,0.16666666666666663,0.17801041666666662
663,KSU-HW-SEC/Llama3.1-70b-SVA-FT-1000step,Removed,0.7238039512936786,0.5548536459580824,0.3209969788519637,0.4724253841607565,0.19463087248322142,0.17830468749999998
664,Khetterman/DarkAtom-12B-v3,Khetterman/DarkAtom-12B-v3 (Merge),0.6173419859306639,0.316595419899606,0.09894259818731116,0.2829307033096927,0.06375838926174497,0.16116927083333332
665,Khetterman/Kosmos-8B-v1,Khetterman/Kosmos-8B-v1 (Merge),0.41291107594515886,0.3175895920189927,0.09969788519637462,0.29659796099290775,0.06487695749440718,0.08819010416666667
666,Kimargin/GPT-NEO-1.3B-wiki,Kimargin/GPT-NEO-1.3B-wiki (Merge),0.192068156934711,0.03423611572649296,0.008308157099697885,0.010970744680851066,0.0,0.06932552083333333
667,KingNish/Qwen2.5-0.5b-Test-ft,KingNish/Qwen2.5-0.5b-Test-ft (Merge),0.26708134416681073,0.06058845092070314,0.012084592145015107,0.0765366430260047,0.017897091722595054,0.014322916666666661
668,KingNish/Reasoning-Llama-3b-v0.1,meta-llama/Llama-3.2-3B-Instruct,0.6224628430342601,0.1986245115758441,0.10876132930513595,0.2254912825059102,0.01230425055928408,0.023950520833333332
669,Kquant03/CognitiveFusion2-4x7B-BF16,Kquant03/CognitiveFusion2-4x7B-BF16,0.35665700341759865,0.17689002759870312,0.05513595166163141,0.19917257683215125,0.04809843400447425,0.0995234375
670,Kquant03/L3-Pneuma-8B,meta-llama/Meta-Llama-3-8B,0.2374056392593873,0.2882020171626968,0.05211480362537764,0.2426677009456265,0.07606263982102905,0.10211197916666669
671,Krystalan/DRT-o1-14B,Krystalan/DRT-o1-14B (Merge),0.4067662690549963,0.4814182185507073,0.3904833836858006,0.4642989066193854,0.13646532438478745,0.19838802083333332
672,Kukedlc/NeuralExperiment-7b-MagicCoder-v7.5,Kukedlc/NeuralExperiment-7b-MagicCoder-v7.5,0.4552509563513699,0.16386034485864903,0.06797583081570997,0.20268173758865246,0.06152125279642054,0.13058072916666666
673,Kukedlc/NeuralLLaMa-3-8b-DT-v0.1,Kukedlc/NeuralLLaMa-3-8b-DT-v0.1 (Merge),0.4371412297149342,0.28008307823364886,0.08081570996978853,0.3101728723404255,0.07046979865771814,0.0968932291666667
674,Kukedlc/NeuralLLaMa-3-8b-ORPO-v0.3,Kukedlc/NeuralLLaMa-3-8b-ORPO-v0.3 (Merge),0.5275912356990563,0.22391711908230844,0.0392749244712991,0.22853871158392433,0.0,0.0365390625
675,Kukedlc/NeuralSynthesis-7B-v0.1,Kukedlc/NeuralSynthesis-7B-v0.1,0.41845636245162837,0.3183439540006779,0.06117824773413898,0.22770759456264775,0.04138702460850116,0.13160156250000005
676,Kukedlc/NeuralSynthesis-7B-v0.3,Kukedlc/NeuralSynthesis-7B-v0.3,0.4078400865259733,0.31811748341244267,0.0770392749244713,0.22779994089834513,0.04026845637583895,0.1338958333333333
677,Kukedlc/NeuralSynthesis-7b-v0.4-slerp,Kukedlc/NeuralSynthesis-7b-v0.4-slerp (Merge),0.39472599369672473,0.3199718681136041,0.0634441087613293,0.22696882387706854,0.03691275167785232,0.13056250000000003
678,Kukedlc/Qwen-2.5-7b-Spanish-o1-CoT,Kukedlc/Qwen-2.5-7b-Spanish-o1-CoT,0.4210295349672203,0.3686336502529178,0.24622356495468278,0.37370715130023646,0.09395973154362418,0.18442968750000002
679,Kumar955/Hemanth-llm,Kumar955/Hemanth-llm (Merge),0.5045102550122564,0.33044262388969803,0.0702416918429003,0.23472591607565016,0.043624161073825496,0.14503645833333334
680,L-RAGE/3_PRYMMAL-ECE-7B-SLERP-V1,L-RAGE/3_PRYMMAL-ECE-7B-SLERP-V1 (Merge),0.2742257210867166,0.19083009480539995,0.08534743202416918,0.21385564420803782,0.04250559284116329,0.0618359375
681,LEESM/llama-2-7b-hf-lora-oki100p,LEESM/llama-2-7b-hf-lora-oki100p,0.25129434345314877,0.10265743141867235,0.012084592145015106,0.09509825650118202,0.02572706935123044,0.035578125
682,LEESM/llama-2-7b-hf-lora-oki10p,LEESM/llama-2-7b-hf-lora-oki10p,0.22609010758121784,0.09438287176618805,0.01283987915407855,0.07542848699763592,0.0055928411633109736,0.011067708333333329
683,LEESM/llama-3-8b-bnb-4b-kowiki231101,meta-llama/Meta-Llama-3.1-8B,0.16848739123303944,0.16934868149301688,0.0015105740181268882,0.1583554964539007,0.027964205816554788,0.030598958333333325
684,LEESM/llama-3-Korean-Bllossom-8B-trexlab-oki10p,LEESM/llama-3-Korean-Bllossom-8B-trexlab-oki10p,0.21372513818889435,0.19797435760911394,0.01283987915407855,0.24183658392434984,0.03355704697986576,0.07665885416666668
685,LGAI-EXAONE/EXAONE-3.0-7.8B-Instruct,LGAI-EXAONE/EXAONE-3.0-7.8B-Instruct,0.7192826145737754,0.17977335395180488,0.044561933534743206,0.2863475177304965,0.021252796420581685,0.03298958333333333
686,LGAI-EXAONE/EXAONE-3.5-2.4B-Instruct,LGAI-EXAONE/EXAONE-3.5-2.4B-Instruct,0.7950449252428001,0.15947437171056872,0.3406344410876133,0.25337987588652483,0.021252796420581685,0.03165625
687,LGAI-EXAONE/EXAONE-3.5-32B-Instruct,LGAI-EXAONE/EXAONE-3.5-32B-Instruct,0.8391833668000905,0.3982420331711213,0.49924471299093653,0.4040890957446809,0.05033557046979867,0.05150000000000001
688,LGAI-EXAONE/EXAONE-3.5-7.8B-Instruct,LGAI-EXAONE/EXAONE-3.5-7.8B-Instruct,0.8136045692096969,0.2565374942082902,0.41012084592145015,0.3481272163120568,0.010067114093959738,0.049421875000000004
689,LLM360/K2,LLM360/K2,0.2252157608478836,0.2822040283420113,0.02265861027190333,0.22272089243498816,0.03579418344519018,0.08550000000000005
690,LLM360/K2-Chat,LLM360/K2-Chat,0.5151763986223221,0.3379382923599304,0.01661631419939577,0.26344562647754133,0.07494407158836691,0.16824999999999996
691,LLM4Binary/llm4decompile-1.3b-v2,LLM4Binary/llm4decompile-1.3b-v2,0.22678936333373229,0.05915475430438469,0.0075528700906344415,0.023252807328605195,0.0,0.09430468750000001
692,Lambent/qwen2.5-reinstruct-alternate-lumen-14B,Lambent/qwen2.5-reinstruct-alternate-lumen-14B (Merge),0.4793813747523238,0.48989609006737816,0.21601208459214505,0.48757018321512996,0.16890380313199105,0.19624999999999995
693,Langboat/Mengzi3-8B-Chat,Langboat/Mengzi3-8B-Chat,0.513977357854936,0.25188298449475577,0.06268882175226587,0.23795803782505906,0.03243847874720355,0.09040625000000001
694,LenguajeNaturalAI/leniachat-gemma-2b-v0,google/gemma-2b,0.21497404664069117,0.04138296963728068,0.003021148036253777,0.01891252955082742,0.021252796420581685,0.0363828125
695,LenguajeNaturalAI/leniachat-qwen2-1.5B-v0,Qwen/Qwen2-1.5B,0.22211842356059697,0.12771666354808303,0.010574018126888216,0.0977763002364066,0.015659955257270708,0.03873697916666666
696,LeroyDyer/LCARS_AI_001,Removed,0.31094495937445976,0.19460966800253623,0.022658610271903322,0.18559766548463355,0.017897091722595054,0.13328906250000003
697,LeroyDyer/LCARS_AI_1x4_003_SuperAI,LeroyDyer/LCARS_AI_1x4_003_SuperAI (Merge),0.4111125147940797,0.28423430655930204,0.05438066465256797,0.21911938534278957,0.043624161073825496,0.15560156250000004
698,LeroyDyer/LCARS_AI_StarTrek_Computer,LeroyDyer/LCARS_AI_StarTrek_Computer,0.35825609383103496,0.21781003095704887,0.038519637462235655,0.16204934988179664,0.02348993288590602,0.07444270833333334
699,LeroyDyer/LCARS_TOP_SCORE,LeroyDyer/LCARS_TOP_SCORE (Merge),0.4370658741029358,0.3169912679947687,0.06722054380664652,0.22567597517730498,0.04809843400447425,0.12426822916666672
700,LeroyDyer/Mixtral_AI_SwahiliTron_7b,LeroyDyer/Mixtral_AI_SwahiliTron_7b,0.15339964627189193,0.03211683047233007,0.008308157099697885,0.0230681146572104,0.020134228187919476,0.01920572916666666
701,LeroyDyer/SpydazWebAI_Human_AGI,LeroyDyer/SpydazWebAI_Human_AGI (Merge),0.3388221031308041,0.07445695539873622,0.010574018126888218,0.05317302009456265,0.043624161073825496,0.07379427083333333
702,LeroyDyer/SpydazWebAI_Human_AGI_001,LeroyDyer/SpydazWebAI_Human_AGI_001 (Merge),0.311819306107794,0.08661200013836998,0.014350453172205437,0.047355200945626466,0.06487695749440718,0.08224479166666666
703,LeroyDyer/SpydazWeb_AI_CyberTron_Ultra_7b,LeroyDyer/Mixtral_AI_CyberTron_Ultra,0.15557276914143361,0.2774553183153259,0.008308157099697885,0.2072990543735224,0.057046979865771785,0.10303125000000003
704,LeroyDyer/SpydazWeb_AI_HumanAGI_001_M2,LeroyDyer/SpydazWeb_AI_HumanAGI_001_M2 (Merge),0.3939513823322119,0.27921505094387755,0.035498489425981876,0.22281323877068554,0.05257270693512303,0.15254427083333336
705,LeroyDyer/SpydazWeb_AI_HumanAGI_002,LeroyDyer/SpydazWeb_AI_HumanAGI_001_M2 (Merge),0.4087643009437183,0.2962691236357759,0.06722054380664652,0.22872340425531912,0.04921700223713646,0.21144531249999995
706,LeroyDyer/SpydazWeb_AI_HumanAI_001,Removed,0.22516589316347294,0.0806526235359233,0.01283987915407855,0.03008643617021276,0.05145413870246088,0.06053906250000002
707,LeroyDyer/SpydazWeb_AI_HumanAI_006,LeroyDyer/SpydazWeb_AI_HumanAI_005 (Merge),0.14300832901146734,0.06725319981390317,0.0022658610271903325,0.015033983451536632,0.04026845637583895,0.017656250000000016
708,LeroyDyer/SpydazWeb_AI_HumanAI_007,LeroyDyer/SpydazWeb_AI_HumanAI_007 (Merge),0.3351751131442351,0.0846281905839016,0.015105740181268883,0.0391363770685579,0.05145413870246088,0.09236458333333333
709,LeroyDyer/SpydazWeb_AI_HumanAI_009_CHAT,LeroyDyer/SpydazWeb_AI_HumanAI_009_Base64Vision (Merge),0.2973310815303395,0.07033815600268059,0.0075528700906344415,0.048093971631205656,0.04138702460850116,0.1031875
710,LeroyDyer/SpydazWeb_AI_HumanAI_010_CHAT,LeroyDyer/SpydazWeb_AI_HumanAI_009_Base64Vision (Merge),0.2506948230694557,0.07351959868629893,0.015105740181268883,0.04781693262411347,0.01230425055928408,0.1001484375
711,LeroyDyer/SpydazWeb_AI_HumanAI_011_INSTRUCT,LeroyDyer/SpydazWeb_AI_HumanAI_011_INSTRUCT (Merge),0.3148667757106699,0.09415285279602362,0.005287009063444109,0.06610150709219859,0.039149888143176735,0.05793229166666667
712,LeroyDyer/SpydazWeb_AI_HumanAI_011_INSTRUCT_ML,LeroyDyer/SpydazWeb_AI_HumanAI_011_INSTRUCT_ML (Merge),0.37524213531208306,0.15599125312205125,0.02416918429003021,0.11319813829787231,0.057046979865771785,0.10922916666666665
713,LeroyDyer/SpydazWeb_AI_HumanAI_011_INSTRUCT_ML_r1,LeroyDyer/SpydazWeb_AI_HumanAI_011_INSTRUCT_ML_r1 (Merge),0.4049677079039171,0.2718861213029047,0.05513595166163141,0.21736480496453903,0.057046979865771785,0.07250260416666668
714,LeroyDyer/SpydazWeb_AI_HumanAI_012_INSTRUCT_IA,Removed,0.30664858131978706,0.23177267229663992,0.04003021148036254,0.14644281914893617,0.06599552572706939,0.11309114583333332
715,LeroyDyer/SpydazWeb_AI_HumanAI_012_INSTRUCT_MX,Removed,0.3065987136353764,0.05885758837366411,0.013595166163141994,0.011894208037825047,0.05480984340044745,0.03548177083333333
716,LeroyDyer/SpydazWeb_AI_HumanAI_012_INSTRUCT_XA,Removed,0.3578815321125724,0.22464434124386615,0.04229607250755287,0.15290706264775414,0.07941834451901568,0.09775781250000001
717,LeroyDyer/SpydazWeb_AI_HumanAI_RP,LeroyDyer/SpydazWeb_AI_HumanAI_RP (Merge),0.2541168543907942,0.0717649457915171,0.006042296072507553,0.03599660165484633,0.03355704697986576,0.05865885416666665
718,LeroyDyer/SpydazWeb_AI_HumanAI_TextVision,LeroyDyer/SpydazWeb_AI_HumanAI_RP (Merge),0.3062740196013245,0.07525593201173673,0.005287009063444109,0.04301492316784869,0.05592841163310966,0.0749713541666667
719,LeroyDyer/SpydazWeb_HumanAI_M1,Removed,0.3582062261466243,0.10027543390152831,0.024924471299093656,0.07367390661938533,0.02348993288590602,0.04289322916666667
720,LeroyDyer/SpydazWeb_HumanAI_M2,Removed,0.3750171766468526,0.15397194202296943,0.026435045317220546,0.11227467494089832,0.039149888143176735,0.039932291666666654
721,LeroyDyer/SpydazWeb_HumanAI_M3,Removed,0.15787111530738443,0.04765388996591294,0.003021148036253777,0.016511524822695033,0.027964205816554788,0.07128385416666667
722,LeroyDyer/_Spydaz_Web_AI_12,Removed,0.2764985793250797,0.044959935241985785,0.0037764350453172208,0.01521867612293143,0.02460850111856823,0.022028645833333325
723,LeroyDyer/_Spydaz_Web_AI_14,Removed,0.1811770546594148,0.02162400468558809,0.0015105740181268884,0.01549571513002364,0.021252796420581685,0.011067708333333329
724,LeroyDyer/_Spydaz_Web_AI_BIBLE_002,LeroyDyer/_Spydaz_Web_AI_BIBLE_002,0.21949538336059432,0.06349580156104774,0.011329305135951661,0.040890957446808505,0.045861297539149914,0.024539062499999997
725,LeroyDyer/_Spydaz_Web_AI_ChatML_002,Removed,0.24122772022677608,0.04191974214495695,0.0,0.010509013002364058,0.010067114093959738,0.027890625000000006
726,LeroyDyer/_Spydaz_Web_AI_ChatQA,Removed,0.1414591062824417,0.05599561733978841,0.0,0.052803634751773056,0.021252796420581685,0.025578125000000004
727,LeroyDyer/_Spydaz_Web_AI_ChatQA_003,Removed,0.2209193827932109,0.04293436202390652,0.0030211480362537764,0.014756944444444437,0.027964205816554788,0.058304687500000014
728,Lil-R/2_PRYMMAL-ECE-2B-SLERP-V1,Lil-R/2_PRYMMAL-ECE-2B-SLERP-V1 (Merge),0.5823459531820014,0.1953491130754225,0.09214501510574018,0.1864287825059102,0.07494407158836691,0.13916927083333333
729,Lil-R/2_PRYMMAL-ECE-2B-SLERP-V2,Lil-R/2_PRYMMAL-ECE-2B-SLERP-V2 (Merge),0.5542693386880145,0.20197376640583056,0.09214501510574018,0.1938164893617021,0.06375838926174497,0.15620833333333337
730,Lil-R/2_PRYMMAL-ECE-7B-SLERP,Lil-R/2_PRYMMAL-ECE-7B-SLERP (Merge),0.5592649724952016,0.36482570049394036,0.3187311178247734,0.38968306737588654,0.0805369127516779,0.1348385416666667
731,Lil-R/2_PRYMMAL-ECE-7B-SLERP-V1,Lil-R/2_PRYMMAL-ECE-7B-SLERP-V1,0.10733742026711349,0.027840182309259675,0.0,0.013741134751773042,0.0011185682326622093,0.07318749999999999
732,Lil-R/2_PRYMMAL-ECE-7B-SLERP-V2,Lil-R/2_PRYMMAL-ECE-7B-SLERP-V2,0.10733742026711349,0.027840182309259675,0.0,0.013741134751773042,0.0011185682326622093,0.07318749999999999
733,Lil-R/2_PRYMMAL-ECE-7B-SLERP-V3,Lil-R/2_PRYMMAL-ECE-7B-SLERP-V3 (Merge),0.22346706738121516,0.10612229209084205,0.0,0.09075797872340424,0.008948545861297527,0.09738541666666668
734,Lil-R/PRYMMAL-ECE-1B-SLERP-V1,Lil-R/PRYMMAL-ECE-1B-SLERP-V1 (Merge),0.2874395492847866,0.17999676133564763,0.07477341389728097,0.21394799054373523,0.03467561521252797,0.07346354166666667
735,Lil-R/PRYMMAL-ECE-7B-SLERP-V8,Lil-R/PRYMMAL-ECE-7B-SLERP-V8,0.1258471965495995,0.02270601109130521,0.0,0.014202866430260036,0.0,0.030598958333333325
736,LilRg/10PRYMMAL-3B-slerp,LilRg/10PRYMMAL-3B-slerp (Merge),0.1945903535951276,0.34877917500461003,0.10725075528700907,0.3201462765957446,0.09507829977628639,0.15713281250000002
737,LilRg/ECE-1B-merge-PRYMMAL,LilRg/ECE-1B-merge-PRYMMAL (Merge),0.27122811916825135,0.19141465000010827,0.09214501510574018,0.211824024822695,0.04138702460850116,0.052796874999999986
738,LilRg/ECE_Finetunning,meta-llama/Meta-Llama-3.1-8B,0.04453849120334047,0.26530834895216354,0.04078549848942599,0.2434988179669031,0.043624161073825496,0.07693489583333334
739,LilRg/PRYMMAL-6B-slerp,LilRg/PRYMMAL-6B-slerp (Merge),0.11533065599276586,0.022124311744899986,0.0,0.011986554373522447,0.0,0.044520833333333336
740,LilRg/PRYMMAL-ECE-7B-SLERP-V3,LilRg/PRYMMAL-ECE-7B-SLERP-V3 (Merge),0.12432346174816153,0.022903233313527435,0.0,0.014110520094562635,0.008948545861297527,0.03193229166666668
741,LilRg/PRYMMAL-ECE-7B-SLERP-V4,LilRg/PRYMMAL-ECE-7B-SLERP-V4 (Merge),0.12492298213185457,0.022903233313527435,0.0,0.014110520094562635,0.008948545861297527,0.03193229166666668
742,LilRg/PRYMMAL-ECE-7B-SLERP-V5,LilRg/PRYMMAL-ECE-7B-SLERP-V5 (Merge),0.12492298213185457,0.022903233313527435,0.0,0.014110520094562635,0.008948545861297527,0.03193229166666668
743,LilRg/PRYMMAL-ECE-7B-SLERP-V6,LilRg/PRYMMAL-ECE-7B-SLERP-V6 (Merge),0.12432346174816153,0.022903233313527435,0.0,0.014110520094562635,0.008948545861297527,0.03193229166666668
744,LilRg/PRYMMAL-ECE-7B-SLERP-V7,LilRg/PRYMMAL-ECE-7B-SLERP-V7 (Merge),0.12492298213185457,0.022903233313527435,0.0,0.014110520094562635,0.008948545861297527,0.03193229166666668
745,LilRg/PRYMMAL-slerp-Merge,LilRg/PRYMMAL-slerp-Merge (Merge),0.304400102838247,0.35553775523419817,0.09894259818731119,0.31811465721040183,0.09395973154362418,0.172015625
746,LimYeri/CodeMind-Llama3-8B-unsloth_v2-merged,Removed,0.6946280314011267,0.26655629407381004,0.06268882175226587,0.2784057328605201,0.020134228187919476,0.02218489583333334
747,LimYeri/CodeMind-Llama3-8B-unsloth_v3-merged,Removed,0.6762933460994606,0.2702521610839599,0.06419939577039276,0.2772975768321513,0.011185682326621947,0.011518229166666666
748,LimYeri/CodeMind-Llama3-8B-unsloth_v4-one-DPO-merged,Removed,0.6492406813920398,0.2637017668673992,0.0702416918429003,0.26150635342789597,0.02460850111856823,0.035656250000000014
749,LimYeri/CodeMind-Llama3-8B-unsloth_v4-one-merged,Removed,0.32108693821283085,0.24574735320121088,0.05513595166163143,0.2614140070921986,0.07941834451901568,0.09399218750000003
750,LimYeri/CodeMind-Llama3.1-8B-unsloth-merged,meta-llama/Meta-Llama-3.1-8B,0.6490157227268094,0.24185738827978956,0.10498489425981875,0.2600288120567376,0.019015659955257263,0.060382812500000015
751,Locutusque/CollectiveLM-Falcon-3-7B,Removed,0.3918281271470809,0.3078734455849681,0.20694864048338368,0.28874852245862886,0.10067114093959727,0.06957812500000003
752,Locutusque/Hercules-6.0-Llama-3.1-8B,Locutusque/Hercules-6.0-Llama-3.1-8B,0.6630041622893921,0.2663965184405082,0.14577039274924472,0.29050310283687947,0.019015659955257263,0.02432291666666666
753,Locutusque/Hercules-6.1-Llama-3.1-8B,Locutusque/Hercules-6.1-Llama-3.1-8B,0.6006806384836678,0.24151873375413785,0.16918429003021151,0.2965056146572104,0.014541387024608499,0.03416666666666667
754,Locutusque/Llama-3-NeuralHercules-5.0-8B,Locutusque/Llama-3-NeuralHercules-5.0-8B,0.44893105848038756,0.16342071536635291,0.040030211480362544,0.2147791075650118,0.02460850111856823,0.0677578125
755,Locutusque/Llama-3-Yggdrasil-2.0-8B,Locutusque/Llama-3-Yggdrasil-2.0-8B (Merge),0.5370583385417359,0.26922800957191784,0.07703927492447131,0.24072842789598106,0.016778523489932917,0.0807369791666667
756,Locutusque/TinyMistral-248M-v2.5,Locutusque/TinyMistral-248M-v2.5,0.1336409615376091,0.03181881126755549,0.0,0.015033983451536632,0.0011185682326622093,0.05069531250000001
757,Luni/StarDust-12b-v1,Luni/StarDust-12b-v1 (Merge),0.5459259210007226,0.34446275637584983,0.06042296072507554,0.26797059692671393,0.03467561521252797,0.1375598958333333
758,Luni/StarDust-12b-v2,Luni/StarDust-12b-v2 (Merge),0.5628620947973598,0.34952884114544636,0.06117824773413898,0.27101802600472813,0.058165548098433995,0.1425989583333333
759,Lyte/Llama-3.1-8B-Instruct-Reasoner-1o1_v0.3,meta-llama/Meta-Llama-3.1-8B,0.7098155117310957,0.2783521213410715,0.16087613293051362,0.2908724881796691,0.026845637583892648,0.04898958333333336
760,Lyte/Llama-3.2-1B-Instruct-COT-RL-Expriement1-EP04,Removed,0.5773503193748144,0.08894408584162113,0.07401812688821753,0.09362071513002362,0.01342281879194629,0.025440104166666675
761,Lyte/Llama-3.2-3B-Overthinker,meta-llama/Llama-3.2-3B-Instruct,0.6407975283359264,0.20095582226457154,0.030966767371601214,0.22059692671394796,0.01230425055928408,0.03904947916666667
762,M4-ai/TinyMistral-248M-v3,M4-ai/TinyMistral-248M-v3,0.16386631914431488,0.017775539303863237,0.0,0.01466459810874704,0.0,0.05150000000000001
763,MEscriva/ECE-PRYMMAL-0.5B-FT-V5-MUSR-Mathis,Removed,0.08662903318749805,0.03237774271047842,0.004531722054380665,0.017157949172576823,0.0022371364653244186,0.08614843750000002
764,MLP-KTLim/llama-3-Korean-Bllossom-8B,MLP-KTLim/llama-3-Korean-Bllossom-8B (Merge),0.5112800702136997,0.26927527973055065,0.09818731117824775,0.2881944444444445,0.016778523489932917,0.03632291666666669
765,MTSAIR/Cotype-Nano,MTSAIR/Cotype-Nano,0.37479221798162216,0.14446870023241223,0.06419939577039276,0.1640809692671395,0.026845637583892648,0.02114583333333334
766,MTSAIR/MultiVerse_70B,MTSAIR/MultiVerse_70B,0.5249183278146429,0.46135898982415,0.17824773413897282,0.4289302600472813,0.13870246085011187,0.18815364583333327
767,Magpie-Align/Llama-3-8B-Magpie-Align-SFT-v0.1,meta-llama/Meta-Llama-3-8B,0.4361416596851908,0.23990124398411342,0.05589123867069487,0.20702201536643025,0.016778523489932917,0.0
768,Magpie-Align/Llama-3-8B-Magpie-Align-SFT-v0.3,meta-llama/Meta-Llama-3-8B,0.5063586838477463,0.23698815892387587,0.06948640483383685,0.211362293144208,0.021252796420581685,0.003968749999999998
769,Magpie-Align/Llama-3-8B-Magpie-Align-v0.1,meta-llama/Meta-Llama-3-8B,0.4118117705465941,0.2669176089392447,0.033987915407854986,0.22290558510638298,0.03355704697986576,0.01920572916666666
770,Magpie-Align/Llama-3-8B-Magpie-Align-v0.3,meta-llama/Meta-Llama-3-8B,0.4497056698449004,0.24311446807587017,0.027190332326283987,0.23712692080378248,0.020134228187919476,0.03742187500000001
771,Magpie-Align/Llama-3.1-8B-Magpie-Align-SFT-v0.1,meta-llama/Meta-Llama-3.1-8B,0.4782067137417607,0.2613667696363235,0.08987915407854985,0.21588726359338056,0.014541387024608499,0.018666666666666682
772,Magpie-Align/Llama-3.1-8B-Magpie-Align-v0.1,meta-llama/Meta-Llama-3.1-8B,0.44578385350869026,0.2404053735093787,0.0,0.25134825650118203,0.017897091722595054,0.03091145833333334
773,Magpie-Align/MagpieLM-8B-Chat-v0.1,meta-llama/Meta-Llama-3.1-8B,0.3700714105240761,0.18255805028604852,0.0,0.2438682033096927,0.015659955257270708,0.028244791666666668
774,Magpie-Align/MagpieLM-8B-SFT-v0.1,meta-llama/Meta-Llama-3.1-8B,0.47206190685159816,0.23612313350177958,0.02341389728096677,0.221058658392435,0.02348993288590602,0.03877343750000002
775,ManoloPueblo/ContentCuisine_1-7B-slerp,ManoloPueblo/ContentCuisine_1-7B-slerp (Merge),0.3907044419916932,0.3278974404613455,0.07250755287009064,0.22816932624113473,0.07046979865771814,0.1726640625
776,ManoloPueblo/LLM_MERGE_CC2,ManoloPueblo/LLM_MERGE_CC2,0.3853087585384557,0.3324107352440466,0.0634441087613293,0.22576832151300238,0.0727069351230425,0.16444791666666664
777,ManoloPueblo/LLM_MERGE_CC3,ManoloPueblo/LLM_MERGE_CC3,0.3958751667797001,0.33230017807630824,0.08157099697885198,0.2395279255319149,0.07941834451901568,0.1742916666666667
778,MarinaraSpaghetti/NemoReRemix-12B,MarinaraSpaghetti/NemoReRemix-12B (Merge),0.33425089872649016,0.3612470152357596,0.06948640483383688,0.2886561761229314,0.09060402684563762,0.15668229166666664
779,MarinaraSpaghetti/Nemomix-v4.0-12B,MarinaraSpaghetti/Nemomix-v4.0-12B (Merge),0.5574664113441224,0.32879942700903164,0.1027190332326284,0.29031841016548454,0.05592841163310966,0.1275598958333333
780,Marsouuu/MiniMathExpert-2_61B-ECE-PRYMMAL-Martial,Marsouuu/MiniMathExpert-2_61B-ECE-PRYMMAL-Martial (Merge),0.25484159807089635,0.15297499289020855,0.07628398791540786,0.14154846335697396,0.03355704697986576,0.09273697916666668
781,Marsouuu/MiniQwenMathExpert-ECE-PRYMMAL-Martial,Marsouuu/MiniQwenMathExpert-ECE-PRYMMAL-Martial (Merge),0.27949618124354486,0.19019948525917457,0.10196374622356498,0.21357860520094563,0.04250559284116329,0.06509114583333334
782,Marsouuu/MistralBase-4x7B-MoE-ECE-PRYMMAL-Martial,Marsouuu/MistralBase-4x7B-MoE-ECE-PRYMMAL-Martial (Merge),0.16973629968483625,0.08870227428732667,0.003021148036253777,0.04209145981087471,0.01230425055928408,0.07852083333333336
783,Marsouuu/general3B-ECE-PRYMMAL-Martial,Marsouuu/general3B-ECE-PRYMMAL-Martial (Merge),0.27222658102722996,0.3570087336193955,0.10045317220543808,0.31959219858156024,0.09284116331096197,0.18223177083333325
784,Marsouuu/general3Bv2-ECE-PRYMMAL-Martial,Marsouuu/general3Bv2-ECE-PRYMMAL-Martial (Merge),0.5692817280371636,0.3766776306891555,0.31419939577039274,0.3886672576832151,0.0805369127516779,0.1328385416666667
785,Marsouuu/lareneg1_78B-ECE-PRYMMAL-Martial,Marsouuu/lareneg1_78B-ECE-PRYMMAL-Martial (Merge),0.27949618124354486,0.19019948525917457,0.10196374622356498,0.21357860520094563,0.04250559284116329,0.06509114583333334
786,Marsouuu/lareneg3B-ECE-PRYMMAL-Martial,Marsouuu/lareneg3B-ECE-PRYMMAL-Martial (Merge),0.33032908239028,0.36350721914540257,0.14425981873111782,0.30740248226950356,0.09955257270693513,0.1839192708333333
787,Marsouuu/lareneg3Bv2-ECE-PRYMMAL-Martial,Marsouuu/lareneg3Bv2-ECE-PRYMMAL-Martial (Merge),0.5753267995585047,0.37471640114731564,0.3149546827794562,0.3901447990543734,0.09284116331096197,0.12817187500000002
788,MaziyarPanahi/Calme-4x7B-MoE-v0.1,MaziyarPanahi/Calme-4x7B-MoE-v0.1,0.4315205875964662,0.3126187805626151,0.08006042296072509,0.22853871158392433,0.04250559284116329,0.10619010416666669
789,MaziyarPanahi/Calme-4x7B-MoE-v0.2,MaziyarPanahi/Calme-4x7B-MoE-v0.2,0.42944720009574594,0.31396819621762445,0.07326283987915408,0.22863105791962168,0.039149888143176735,0.12536718750000003
790,MaziyarPanahi/Llama-3-70B-Instruct-v0.1,meta-llama/Meta-Llama-3-70B,0.47143800671108216,0.3271291726367119,0.16389728096676742,0.40196513002364065,0.045861297539149914,0.1531276041666667
791,MaziyarPanahi/Llama-3-8B-Instruct-v0.10,meta-llama/Meta-Llama-3-8B-Instruct,0.7667433520835827,0.2792467430212089,0.05513595166163144,0.3180223108747045,0.07829977628635347,0.10813020833333332
792,MaziyarPanahi/Llama-3-8B-Instruct-v0.8,meta-llama/Meta-Llama-3-8B-Instruct,0.7527549125209998,0.28270418759783483,0.07854984894259819,0.31700650118203305,0.0738255033557047,0.10924739583333334
793,MaziyarPanahi/Llama-3-8B-Instruct-v0.9,meta-llama/Meta-Llama-3-8B-Instruct,0.763046494412603,0.27903013285410183,0.0755287009063444,0.3161753841607564,0.07718120805369126,0.09850260416666666
794,MaziyarPanahi/Qwen1.5-MoE-A2.7B-Wikihow,Qwen/Qwen1.5-MoE-A2.7B,0.295432785010439,0.1547343942401254,0.03323262839879155,0.15336879432624112,0.03355704697986576,0.02010677083333334
795,MaziyarPanahi/Qwen2-7B-Instruct-v0.1,Qwen/Qwen2-7B,0.3352249808286457,0.3192360727430821,0.2212990936555891,0.3174682328605201,0.04697986577181204,0.13868229166666668
796,MaziyarPanahi/Qwen2-7B-Instruct-v0.8,Qwen/Qwen2-7B,0.2774726614272353,0.2553252452836147,0.17447129909365558,0.2851470153664303,0.058165548098433995,0.120640625
797,MaziyarPanahi/calme-2.1-llama3.1-70b,meta-llama/Meta-Llama-3.1-70B,0.8434298771703524,0.48553646004876394,0.01435045317220544,0.47584219858156035,0.10402684563758392,0.13720572916666662
798,MaziyarPanahi/calme-2.1-phi3-4b,microsoft/Phi-3-mini-4k-instruct,0.552520645221346,0.381242795228128,0.04758308157099698,0.3050938238770685,0.10626398210290827,0.08258072916666669
799,MaziyarPanahi/calme-2.1-phi3.5-4b,microsoft/Phi-3.5-mini-instruct,0.5659095644002359,0.36110096929573027,0.15634441087613296,0.3261487884160757,0.12527964205816552,0.09765624999999999
800,MaziyarPanahi/calme-2.1-qwen2-72b,Qwen/Qwen2-72B,0.8162774770941102,0.573258823447103,0.3806646525679758,0.49052526595744683,0.17449664429530198,0.2015234375
801,MaziyarPanahi/calme-2.1-qwen2-7b,Qwen/Qwen2-7B,0.3816119008674761,0.31007097447020127,0.22885196374622357,0.29918365839243505,0.05257270693512303,0.13795572916666665
802,MaziyarPanahi/calme-2.1-qwen2.5-72b,Qwen/Qwen2.5-72B,0.866236031507511,0.6165570318314716,0.02341389728096677,0.513242464539007,0.15100671140939595,0.13297135416666664
803,MaziyarPanahi/calme-2.1-rys-78b,dnhkng/RYS-XLarge,0.8135547015252862,0.594700307859535,0.3889728096676738,0.49375738770685584,0.1923937360178971,0.18997395833333328
804,MaziyarPanahi/calme-2.2-llama3-70b,meta-llama/Meta-Llama-3-70B,0.820848681498424,0.4857170594999846,0.24848942598187315,0.4674386820330969,0.12192393736017897,0.1530494791666667
805,MaziyarPanahi/calme-2.2-llama3.1-70b,meta-llama/Meta-Llama-3.1-70B,0.8592667455684251,0.5420646208605566,0.024924471299093656,0.49052526595744683,0.09955257270693513,0.1706953125
806,MaziyarPanahi/calme-2.2-phi3-4b,microsoft/Phi-3-mini-4k-instruct,0.5069083365470286,0.3773373415501153,0.024924471299093656,0.3126662234042553,0.09507829977628639,0.07695312500000001
807,MaziyarPanahi/calme-2.2-qwen2-72b,Qwen/Qwen2-72B,0.8008151704145002,0.5679594225047665,0.43429003021148044,0.4927415780141844,0.16554809843400445,0.16516927083333333
808,MaziyarPanahi/calme-2.2-qwen2-7b,Qwen/Qwen2-7B,0.35972996094806226,0.3310936559556884,0.21148036253776437,0.32208554964539005,0.05480984340044745,0.13277864583333338
809,MaziyarPanahi/calme-2.2-qwen2.5-72b,Qwen/Qwen2.5-72B,0.8476763875406145,0.6180360419146786,0.037009063444108765,0.5130577718676123,0.145413870246085,0.12016666666666671
810,MaziyarPanahi/calme-2.2-rys-78b,dnhkng/RYS-XLarge,0.7986420475449586,0.592686456751845,0.39954682779456197,0.4872931442080378,0.20917225950782994,0.1682864583333333
811,MaziyarPanahi/calme-2.3-llama3-70b,meta-llama/Meta-Llama-3-70B,0.8010401290797308,0.480085850617923,0.23791540785498488,0.46716164302600477,0.1174496644295302,0.12565625000000002
812,MaziyarPanahi/calme-2.3-llama3.1-70b,meta-llama/Meta-Llama-3.1-70B,0.8604657863358114,0.5558549511699308,0.2348942598187311,0.484799793144208,0.12527964205816552,0.17736197916666657
813,MaziyarPanahi/calme-2.3-phi3-4b,microsoft/Phi-3-mini-4k-instruct,0.4926450706348045,0.3765889241962552,0.03474320241691843,0.3142361111111111,0.09060402684563762,0.07754166666666668
814,MaziyarPanahi/calme-2.3-qwen2-72b,Qwen/Qwen2-72B,0.38498406450440387,0.5122830430718469,0.16163141993957703,0.4909869976359338,0.1621923937360179,0.1123828125
815,MaziyarPanahi/calme-2.3-qwen2-7b,Qwen/Qwen2-7B,0.3824862476008103,0.30956082115370953,0.20468277945619334,0.2901337174940898,0.06263982102908276,0.13313281249999998
816,MaziyarPanahi/calme-2.3-rys-78b,dnhkng/RYS-XLarge,0.8065854155862001,0.5957454695904105,0.38972809667673725,0.497266548463357,0.20581655480984337,0.16999218749999997
817,MaziyarPanahi/calme-2.4-llama3-70b,meta-llama/Meta-Llama-3-70B,0.5027371817887649,0.48397766128206465,0.24546827794561935,0.46706929669030733,0.11968680089485462,0.13098958333333335
818,MaziyarPanahi/calme-2.4-qwen2-7b,Qwen/Qwen2-7B,0.32995452067181746,0.318182656422348,0.2001510574018127,0.33076610520094557,0.044742729306487705,0.14426822916666668
819,MaziyarPanahi/calme-2.4-rys-78b,dnhkng/RYS-XLarge,0.8010899967641413,0.6215654929467118,0.4040785498489426,0.6669067671394799,0.203579418344519,0.3456614583333333
820,MaziyarPanahi/calme-2.5-qwen2-7b,Qwen/Qwen2-7B,0.31449221399220734,0.2828099517875505,0.22658610271903323,0.2979831560283688,0.0805369127516779,0.15791927083333335
821,MaziyarPanahi/calme-2.6-qwen2-7b,Qwen/Qwen2-7B,0.34426765426845213,0.2930841923308876,0.12764350453172207,0.30352393617021284,0.04586129753915,0.16560156250000002
822,MaziyarPanahi/calme-2.7-qwen2-7b,Qwen/Qwen2-7B,0.3592301759331906,0.28912244614673993,0.13746223564954685,0.30056885342789597,0.05480984340044745,0.19936718750000001
823,MaziyarPanahi/calme-3.1-baguette-3b,Qwen/Qwen2.5-3B,0.6234369251364158,0.2550768075774144,0.04909365558912387,0.26658540189125296,0.04809843400447425,0.08565625000000003
824,MaziyarPanahi/calme-3.1-instruct-3b,Qwen/Qwen2.5-3B,0.4335939750971866,0.2730989595933989,0.10422960725075531,0.2841312056737588,0.04809843400447425,0.07401041666666669
825,MaziyarPanahi/calme-3.1-instruct-78b,Removed,0.8135547015252862,0.6240968270370106,0.38746223564954685,0.6872229609929079,0.19463087248322142,0.3649947916666666
826,MaziyarPanahi/calme-3.1-llamaloi-3b,meta-llama/Llama-3.2-3B,0.7375175645066203,0.23769165575848303,0.16767371601208458,0.24497635933806144,0.04138702460850116,0.011067708333333329
827,MaziyarPanahi/calme-3.2-baguette-3b,Qwen/Qwen2.5-3B,0.6338282423968404,0.2586574665073111,0.03096676737160121,0.25975177304964536,0.059284116331096204,0.08595052083333334
828,MaziyarPanahi/calme-3.2-instruct-3b,Qwen/Qwen2.5-3B,0.5533196363426819,0.27976798242393086,0.09894259818731116,0.2947510342789598,0.044742729306487705,0.08787239583333334
829,MaziyarPanahi/calme-3.2-instruct-78b,Removed,0.8062607215521482,0.6260944328290159,0.3995468277945619,0.7003361406619385,0.203579418344519,0.3852890624999999
830,MaziyarPanahi/calme-3.3-baguette-3b,Qwen/Qwen2.5-3B,0.6359514975819713,0.25596594106096415,0.0,0.2602135047281324,0.04026845637583895,0.07136197916666667
831,MaziyarPanahi/calme-3.3-instruct-3b,Qwen/Qwen2.5-3B,0.6423212631373645,0.2568213781857909,0.0,0.25615026595744683,0.043624161073825496,0.09395052083333334
832,Minami-su/Amara-o1-7B-Qwen,Minami-su/Amara-o1-7B-Qwen,0.7389914316236476,0.327968298710958,0.0,0.34258643617021284,0.058165548098433995,0.08349999999999999
833,Minami-su/Amara-o2-7B-Qwen,Minami-su/Amara-o2-7B-Qwen,0.7146615424850509,0.3179812727299554,0.0,0.35163637706855794,0.017897091722595054,0.05128385416666668
834,Minami-su/test-7B-00,Removed,0.6690492338107333,0.2148995001898129,0.0007552870090634441,0.2875480200945626,0.07046979865771814,0.10342187500000001
835,Minami-su/test-7B-01,Removed,0.6736204382150471,0.20824494266256866,0.0007552870090634441,0.28173020094562645,0.07606263982102905,0.10979427083333336
836,Minami-su/test-v2-7B-00,Removed,0.6747197436136119,0.2119075482398095,0.0,0.2747118794326241,0.05592841163310966,0.10995052083333336
837,ModelCloud/Llama-3.2-1B-Instruct-gptqmodel-4bit-vortex-v1,ModelCloud/Llama-3.2-1B-Instruct-gptqmodel-4bit-vortex-v1 (Merge),0.5268919799465418,0.058591722834705345,0.04380664652567976,0.08494015957446807,0.004474272930648763,0.010479166666666664
838,MrRobotoAI/MrRoboto-ProLong-8b-v4i,Removed,0.3834603297029659,0.23792248519686385,0.054380664652567974,0.22983156028368795,0.05257270693512303,0.09605208333333329
839,MrRobotoAI/MrRoboto-ProLongBASE-pt8-unaligned-8b,Removed,0.34754008253655855,0.22941209992999803,0.04305135951661631,0.1739620271867612,0.04138702460850116,0.12152343750000001
840,MultivexAI/Gladiator-Mini-Exp-1211-3B,MultivexAI/Gladiator-Mini-Exp-1211-3B (Merge),0.68760887777763,0.22116062493215252,0.13444108761329304,0.2390661938534279,0.030201342281879207,0.020833333333333325
841,MultivexAI/Gladiator-Mini-Exp-1221-3B-Instruct,MultivexAI/Gladiator-Mini-Exp-1221-3B-Instruct (Merge),0.6078748830879843,0.2039546213621821,0.13066465256797583,0.22761524822695034,0.017897091722595054,0.014322916666666661
842,MultivexAI/Gladiator-Mini-Exp-1221-3B-Instruct-V2,MultivexAI/Gladiator-Mini-Exp-1221-3B-Instruct-V2 (Merge),0.6215386286165153,0.20651248138719236,0.13746223564954682,0.2250295508274231,0.017897091722595054,0.012695312499999995
843,MultivexAI/Gladiator-Mini-Exp-1222-3B-Instruct,MultivexAI/Gladiator-Mini-Exp-1222-3B-Instruct (Merge),0.6163180361440976,0.20567490871055163,0.13444108761329304,0.22410608747044913,0.017897091722595054,0.01595052083333333
844,MultivexAI/Phi-3.5-Mini-Instruct-MultiVex-v0.25-GGUF,Removed,0.14398241111362295,0.016023814703484737,0.0,0.012078900709219858,0.006711409395973183,0.04524739583333332
845,Mxode/NanoLM-0.3B-Instruct-v1,Mxode/NanoLM-0.3B-Instruct-v1,0.15367447262153308,0.03104609898338746,0.0,0.011709515366430253,0.029082774049216997,0.10440104166666668
846,Mxode/NanoLM-0.3B-Instruct-v1.1,Mxode/NanoLM-0.3B-Instruct-v1.1,0.17827918810977095,0.030952799822018196,0.006797583081570997,0.013464095744680847,0.0,0.12216666666666669
847,Mxode/NanoLM-0.3B-Instruct-v2,Mxode/NanoLM-0.3B-Instruct-v2,0.1667885654507817,0.022094810446663792,0.0,0.014941637115839235,0.014541387024608499,0.07565625
848,Mxode/NanoLM-1B-Instruct-v1.1,Mxode/NanoLM-1B-Instruct-v1.1,0.23952889444451833,0.06106919191919192,0.02945619335347432,0.023899231678486985,0.017897091722595054,0.026755208333333332
849,Mxode/NanoLM-1B-Instruct-v2,Mxode/NanoLM-1B-Instruct-v2,0.26298443684978084,0.04910622895622894,0.02114803625377644,0.026392582742316782,0.017897091722595054,0.04334375000000001
850,NAPS-ai/naps-gemma-2-27b-v-0.1.0,NAPS-ai/naps-gemma-2-27b-v-0.1.0 (Merge),0.0,0.023470409575204094,0.0,0.018635490543735225,0.01342281879194629,0.04524739583333332
851,NAPS-ai/naps-gemma-2-27b-v0.1.0,NAPS-ai/naps-gemma-2-27b-v0.1.0 (Merge),0.0,0.023470409575204094,0.0,0.018635490543735225,0.01342281879194629,0.04524739583333332
852,NAPS-ai/naps-llama-3_1-8b-instruct-v0.3,NAPS-ai/naps-llama-3_1-8b-instruct-v0.3,0.5390818583580456,0.2627454019814682,0.1691842900302115,0.2664930555555555,0.06599552572706939,0.07205208333333334
853,NAPS-ai/naps-llama-3_1-8b-instruct-v0.4,NAPS-ai/naps-llama-3_1-8b-instruct-v0.4 (Merge),0.7344202272193336,0.2783281869394571,0.1865558912386707,0.2749889184397163,0.039149888143176735,0.13964322916666666
854,NAPS-ai/naps-llama-3_1-instruct-v0.5.0,NAPS-ai/naps-llama-3_1-instruct-v0.5.0,0.5020124381086628,0.18110133310152776,0.03021148036253777,0.1793181146572104,0.02460850111856823,0.03675520833333333
855,NAPS-ai/naps-llama-3_1_instruct-v0.6.0,NAPS-ai/naps-llama-3_1_instruct-v0.6.0 (Merge),0.3280063564675062,0.22339533869982744,0.0634441087613293,0.24894725177304963,0.04250559284116329,0.03971614583333333
856,NAPS-ai/naps-llama3.1-70B-v0.2-fp16,NAPS-ai/naps-llama3.1-70B-v0.2-fp16 (Merge),0.18449935061193187,0.030702609839914838,0.0,0.010970744680851066,0.0,0.026755208333333332
857,NCSOFT/Llama-VARCO-8B-Instruct,NCSOFT/Llama-VARCO-8B-Instruct (Merge),0.447032761960487,0.2917705672968858,0.09969788519637462,0.24331412529550828,0.06263982102908276,0.10775781249999997
858,NLPark/AnFeng_v3.1-Avocet,NLPark/AnFeng_v3.1-Avocet,0.5096311121158525,0.4030903365145326,0.15256797583081574,0.38201832151300236,0.09955257270693513,0.1497994791666666
859,NLPark/B-and-W_Flycatcher-3AD1E,NLPark/B-and-W_Flycatcher-3AD1E,0.49084650948372543,0.4374245801092346,0.16691842900302117,0.41563238770685573,0.10738255033557048,0.1388385416666667
860,NLPark/Shi-Ci-Robin-Test_3AD80,NLPark/Shi-Ci-Robin-Test_3AD80 (Merge),0.7226547782107032,0.522656617511021,0.2726586102719033,0.45783466312056736,0.1465324384787472,0.18865885416666672
861,NTQAI/NxMobileLM-1.5B-SFT,NTQAI/NxMobileLM-1.5B-SFT (Merge),0.6392239258500778,0.16162542725891466,0.0770392749244713,0.20194296690307326,0.01230425055928408,0.024401041666666675
862,NTQAI/Nxcode-CQ-7B-orpo,NTQAI/Nxcode-CQ-7B-orpo,0.40072119753365515,0.1758000487008142,0.017371601208459216,0.06794843380614658,0.0055928411633109736,0.0704609375
863,NYTK/PULI-GPTrio,NYTK/PULI-GPTrio,0.2179716485591564,0.030152211415704976,0.008308157099697885,0.01521867612293143,0.021252796420581685,0.05334375
864,NYTK/PULI-LlumiX-32K,NYTK/PULI-LlumiX-32K,0.1699612583500667,0.05107047129907727,0.006042296072507553,0.07561317966903072,0.004474272930648763,0.0771875
865,Naveenpoliasetty/llama3-8B-V2,Naveenpoliasetty/llama3-8B-V2 (Merge),0.412261687877055,0.3087320942503957,0.08006042296072508,0.30417036052009455,0.05369127516778524,0.09183593750000002
866,NbAiLab/nb-llama-3.1-8B-Instruct,NbAiLab/nb-llama-3.1-8B-Instruct,0.362502604201297,0.05448858800501278,0.017371601208459216,0.02186761229314421,0.031319910514541416,0.01595052083333333
867,NbAiLab/nb-llama-3.1-8B-sft,NbAiLab/nb-llama-3.1-8B-sft,0.36157838978355206,0.05952497646658256,0.010574018126888218,0.024638002364066186,0.0055928411633109736,0.017578124999999993
868,Nekochu/Llama-3.1-8B-German-ORPO,meta-llama/Meta-Llama-3.1-8B,0.4610710692074806,0.2941925427493646,0.0,0.26593897754137114,0.0883668903803132,0.16860416666666667
869,Nekochu/Llama-3.1-8B-french-DPO,NousResearch/Meta-Llama-3.1-8B-Instruct,0.4656422736117945,0.30032596996334493,0.04380664652567976,0.26824763593380613,0.05480984340044745,0.11561979166666667
870,Nekochu/Luminia-13B-v3,meta-llama/Llama-2-13b-chat-hf,0.25231829323971505,0.17690523920374848,0.013595166163141994,0.13499187352245862,0.026845637583892648,0.08891666666666667
871,Nekochu/Luminia-8B-RP,meta-llama/Meta-Llama-3.1-8B,0.5574165436597117,0.31802699112572425,0.1299093655589124,0.29235002955082745,0.06263982102908276,0.11070052083333329
872,NeverSleep/Lumimaid-v0.2-12B,NeverSleep/Lumimaid-v0.2-12B,0.10993497253952846,0.3440988943485442,0.035498489425981876,0.27905215721040183,0.08612975391498878,0.21297656250000002
873,NeverSleep/Lumimaid-v0.2-8B,NeverSleep/Lumimaid-v0.2-8B,0.5038109992597419,0.3196337378118023,0.1419939577039275,0.29290410756501184,0.08165548098434001,0.1232109375
874,Nexusflow/NexusRaven-V2-13B,codellama/CodeLlama-13b-Instruct-hf,0.1790781792311068,0.15336448395229596,0.018882175226586105,0.09685283687943262,0.01342281879194629,0.03710937499999999
875,Nitral-AI/Captain-Eris_Violet-V0.420-12B,Nitral-AI/Captain-Eris_Violet-V0.420-12B (Merge),0.4339186691312385,0.35326940750233665,0.09818731117824774,0.3025081264775414,0.08165548098434001,0.13899479166666664
876,Nitral-AI/Captain_BMO-12B,Nitral-AI/Captain_BMO-12B,0.4750595087700634,0.32440697847488337,0.13293051359516617,0.2854240543735224,0.09284116331096197,0.07516927083333334
877,Nitral-AI/Hathor_Stable-v0.2-L3-8B,Nitral-AI/Hathor_Stable-v0.2-L3-8B,0.7174840534226962,0.32826028565585963,0.10045317220543808,0.2995530437352246,0.04921700223713646,0.05557812500000004
878,Nohobby/MS-Schisandra-22B-v0.1,Nohobby/MS-Schisandra-22B-v0.1 (Merge),0.6331289866443259,0.4001139961622215,0.19788519637462232,0.3439716312056737,0.1096196868008949,0.0970546875
879,Nohobby/MS-Schisandra-22B-v0.2,Nohobby/MS-Schisandra-22B-v0.2 (Merge),0.6382997114323328,0.4061445808855272,0.19939577039274925,0.3484966016548463,0.11409395973154364,0.10668229166666668
880,Norquinal/Alpha,Removed,0.2802951723648808,0.08664581329003167,0.05060422960725076,0.2225361997635934,0.020134228187919476,0.05785416666666667
881,Norquinal/Bravo,Removed,0.3024519386339357,0.10654043944684555,0.04984894259818731,0.2363881501182033,0.04250559284116329,0.07458072916666668
882,Norquinal/Charlie,Removed,0.3060989286205047,0.09860055463308887,0.057401812688821746,0.23250960401891252,0.027964205816554788,0.06644270833333335
883,Norquinal/Delta,Removed,0.253842028041153,0.09097511313782465,0.0581570996978852,0.2176418439716312,0.014541387024608499,0.04310937500000001
884,Norquinal/Echo,Removed,0.31579099012841483,0.10011495800063487,0.05664652567975831,0.2327866430260047,0.039149888143176735,0.06155989583333334
885,Norquinal/Foxtrot,Removed,0.3011531624977282,0.10170272602468412,0.05664652567975831,0.22779994089834513,0.04921700223713646,0.06318750000000001
886,Norquinal/Golf,Removed,0.3533601953926692,0.0989858882268834,0.04758308157099698,0.22844636524822692,0.05369127516778524,0.047500000000000014
887,Norquinal/Hotel,Removed,0.32151136761570415,0.11514936892426823,0.04758308157099698,0.23962027186761228,0.039149888143176735,0.02869531250000001
888,NotASI/FineTome-Llama3.2-1B-0929,meta-llama/Llama-3.2-1B-Instruct,0.39907223943580805,0.05741405038838561,0.01283987915407855,0.04763223995271866,0.030201342281879207,0.026617187500000004
889,NotASI/FineTome-Llama3.2-3B-1002,meta-llama/Llama-3.2-3B-Instruct,0.5474496558021604,0.1952006065248879,0.05589123867069487,0.1596483451536643,0.0011185682326622093,0.039638020833333336
890,NotASI/FineTome-v1.5-Llama3.2-1B-1007,NotASI/FineTome-v1.5-Llama3.2-1B-1007 (Merge),0.39237777984636324,0.05801724673541757,0.013595166163141997,0.04744754728132387,0.0,0.02498958333333334
891,NotASI/FineTome-v1.5-Llama3.2-3B-1007,NotASI/FineTome-v1.5-Llama3.2-3B-1007 (Merge),0.5507719517546776,0.19457219278849333,0.055135951661631426,0.16094119385342787,0.015659955257270708,0.040677083333333336
892,NousResearch/Hermes-2-Pro-Llama-3-8B,NousResearch/Meta-Llama-3-8B,0.5361839918084017,0.30667993420825,0.06193353474320242,0.22798463356973994,0.057046979865771785,0.11246614583333335
893,NousResearch/Hermes-2-Pro-Mistral-7B,mistralai/Mistral-7B-v0.1,0.5668337788179808,0.29427578860535997,0.052114803625377654,0.21625664893617016,0.031319910514541416,0.14132552083333338
894,NousResearch/Hermes-2-Theta-Llama-3-8B,NousResearch/Meta-Llama-3-8B,0.6517883659800441,0.32046073848075834,0.09592145015105741,0.26316858747044913,0.07158836689038028,0.08361979166666669
895,NousResearch/Hermes-3-Llama-3.1-70B,meta-llama/Meta-Llama-3.1-70B,0.7661438316998896,0.5376540869130055,0.14803625377643506,0.4140625,0.14876957494407161,0.2342864583333333
896,NousResearch/Hermes-3-Llama-3.1-8B,meta-llama/Meta-Llama-3.1-8B,0.6170172918966123,0.30724096614147955,0.04758308157099698,0.23768099881796687,0.06375838926174497,0.13617187499999994
897,NousResearch/Hermes-3-Llama-3.2-3B,Removed,0.3824862476008103,0.20187188037454587,0.03172205438066465,0.17156102245862884,0.03355704697986576,0.08577604166666669
898,NousResearch/Nous-Hermes-2-Mistral-7B-DPO,mistralai/Mistral-7B-v0.1,0.5762510139762497,0.27792545658366086,0.04380664652567977,0.22392139479905435,0.057046979865771785,0.08330729166666667
899,NousResearch/Nous-Hermes-2-Mixtral-8x7B-DPO,mistralai/Mixtral-8x7B-v0.1,0.5896898008395501,0.3710778379133987,0.11858006042296075,0.2962285756501182,0.09507829977628639,0.16676041666666666
900,NousResearch/Nous-Hermes-2-Mixtral-8x7B-SFT,mistralai/Mixtral-8x7B-v0.1,0.5730783210769647,0.3059431277886441,0.02114803625377644,0.2295545212765957,0.06935123042505593,0.11138541666666668
901,NousResearch/Nous-Hermes-2-SOLAR-10.7B,upstage/SOLAR-10.7B-v1.0,0.5278660620486975,0.34990894584465193,0.05438066465256799,0.27314199172576836,0.058165548098433995,0.13826822916666662
902,NousResearch/Nous-Hermes-llama-2-7b,NousResearch/Nous-Hermes-llama-2-7b,0.17290788441335658,0.1378941955171473,0.007552870090634441,0.10442523640661937,0.017897091722595054,0.11681510416666667
903,NousResearch/Yarn-Llama-2-13b-128k,NousResearch/Yarn-Llama-2-13b-128k,0.16546430138698653,0.13505319085673956,0.012839879154078549,0.14671985815602837,0.011185682326621947,0.03385416666666666
904,NousResearch/Yarn-Llama-2-7b-128k,NousResearch/Yarn-Llama-2-7b-128k,0.14847825990593846,0.06144691712993486,0.008308157099697885,0.08789524231678487,0.01342281879194629,0.08253906250000004
905,NousResearch/Yarn-Llama-2-7b-64k,NousResearch/Yarn-Llama-2-7b-64k,0.1699856381068897,0.07044055414472418,0.01057401812688822,0.08872635933806146,0.019015659955257263,0.06934374999999998
906,NousResearch/Yarn-Mistral-7b-128k,NousResearch/Yarn-Mistral-7b-128k,0.19336693307091848,0.20633112436478673,0.028700906344410883,0.21034648345153661,0.06487695749440718,0.08948177083333332
907,NousResearch/Yarn-Mistral-7b-64k,NousResearch/Yarn-Mistral-7b-64k,0.2079548930171944,0.20230200209182886,0.03474320241691843,0.2126551418439716,0.05369127516778524,0.09881510416666667
908,NousResearch/Yarn-Solar-10b-32k,NousResearch/Yarn-Solar-10b-32k,0.19481531226035806,0.2899482436025671,0.02945619335347432,0.2524564125295508,0.07046979865771814,0.10597395833333331
909,NousResearch/Yarn-Solar-10b-64k,NousResearch/Yarn-Solar-10b-64k,0.1988867316498003,0.28395714153595825,0.026435045317220546,0.23869680851063835,0.06935123042505593,0.09013020833333335
910,NucleusAI/nucleus-22B-token-500B,NucleusAI/nucleus-22B-token-500B,0.025654153202391873,0.018879990685708253,0.0,0.01798906619385342,0.0,0.03548177083333333
911,NyxKrage/Microsoft_Phi-4,NyxKrage/Microsoft_Phi-4,0.05852693076592331,0.5242784845820486,0.2847432024169184,0.47630393026004725,0.20805369127516785,0.23785937499999998
912,OEvortex/Emotional-llama-8B,OEvortex/Emotional-llama-8B,0.3516369898535885,0.2645405447203827,0.07930513595166164,0.281637854609929,0.059284116331096204,0.028677083333333346
913,OEvortex/HelpingAI-15B,OEvortex/HelpingAI-15B,0.2030091268944179,0.018153805514942334,0.0,0.012355939716312053,0.010067114093959738,0.027343749999999997
914,OEvortex/HelpingAI-3B-reloaded,OEvortex/HelpingAI-3B-reloaded,0.46466819150963884,0.16985740449078482,0.0030211480362537764,0.17719414893617016,0.017897091722595054,0.04289322916666667
915,OEvortex/HelpingAI2-9B,OEvortex/HelpingAI2-9B,0.44131238447319776,0.27073241609173304,0.04758308157099698,0.21108525413711582,0.011185682326621947,0.06318750000000001
916,OEvortex/HelpingAI2.5-10B,OEvortex/HelpingAI2.5-10B,0.3276561745058666,0.21135366144659057,0.0,0.1749778368794326,0.02572706935123044,0.06259895833333336
917,OliveiraJLT/Sagui-7B-Instruct-v0.1,Removed,0.28916275482386733,0.050435716553121866,0.003776435045317221,0.053911790780141834,0.0,0.1061484375
918,Omkar1102/code-yi,Removed,0.2254407195131141,0.015813991446240266,0.0,0.013648788416075646,0.010067114093959738,0.04524739583333332
919,OmnicromsBrain/NeuralStar_FusionWriter_4x7b,OmnicromsBrain/NeuralStar_FusionWriter_4x7b (Merge),0.5963842604289951,0.2603843983265979,0.049093655589123875,0.1783946513002364,0.038031319910514526,0.08201041666666667
920,OnlyCheeini/greesychat-turbo,Removed,0.023256071667619692,0.04018369933555268,0.0,0.015311022458628842,0.01342281879194629,0.01595052083333333
921,Open-Orca/Mistral-7B-OpenOrca,Open-Orca/Mistral-7B-OpenOrca,0.4977659277384008,0.25840025395269806,0.03398791540785499,0.1836583924349882,0.029082774049216997,0.05889322916666667
922,OpenAssistant/oasst-sft-1-pythia-12b,OpenAssistant/oasst-sft-1-pythia-12b,0.10553885911603433,0.047785087991614766,0.014350453172205437,0.012540632387706852,0.010067114093959738,0.02987239583333334
923,OpenBuddy/openbuddy-falcon3-10b-v24.2-131k,tiiuae/Falcon3-10B-Base,0.5086315420861093,0.42726361293539106,0.20694864048338368,0.3148825354609929,0.06599552572706939,0.10664062500000002
924,OpenBuddy/openbuddy-llama3-70b-v21.2-32k,OpenBuddy/openbuddy-llama3-70b-v21.2-32k,0.7010476646409305,0.49969365808428184,0.19788519637462232,0.4257904846335698,0.12304250559284118,0.1804609375
925,OpenBuddy/openbuddy-llama3-8b-v21.1-8k,OpenBuddy/openbuddy-llama3-8b-v21.1-8k,0.5569666263292509,0.2611504533759094,0.03096676737160121,0.2171801122931442,0.027964205816554788,0.10346354166666663
926,OpenBuddy/openbuddy-llama3-8b-v21.2-32k,OpenBuddy/openbuddy-llama3-8b-v21.2-32k,0.6191904147661538,0.2725233473655879,0.06873111782477342,0.2554114952718676,0.039149888143176735,0.05934375000000003
927,OpenBuddy/openbuddy-llama3.1-70b-v22.1-131k,OpenBuddy/openbuddy-llama3.1-70b-v22.1-131k,0.7332710541363582,0.5194077625159234,0.03851963746223565,0.4782432033096927,0.16666666666666663,0.1823645833333333
928,OpenBuddy/openbuddy-llama3.1-8b-v22.2-131k,OpenBuddy/openbuddy-llama3.1-8b-v22.2-131k,0.6657269378582162,0.290575382436515,0.10498489425981872,0.2567043439716312,0.039149888143176735,0.09813020833333329
929,OpenBuddy/openbuddy-llama3.1-8b-v22.3-131k,OpenBuddy/openbuddy-llama3.1-8b-v22.3-131k,0.5997065563815123,0.303195108847562,0.10649546827794562,0.2530104905437352,0.039149888143176735,0.08316927083333335
930,OpenBuddy/openbuddy-llama3.2-1b-v23.1-131k,OpenBuddy/openbuddy-llama3.2-1b-v23.1-131k,0.3590052172679601,0.06043619508652057,0.0015105740181268882,0.09334367612293143,0.011185682326621947,0.01210677083333333
931,OpenBuddy/openbuddy-llama3.2-3b-v23.2-131k,OpenBuddy/openbuddy-llama3.2-3b-v23.2-131k,0.4319450169993395,0.16588825592691694,0.0022658610271903325,0.16435800827423164,0.03467561521252797,0.004557291666666663
932,OpenBuddy/openbuddy-llama3.3-70b-v24.1-131k,OpenBuddy/openbuddy-llama3.3-70b-v24.1-131k,0.8120808344082591,0.5414664796972126,0.04758308157099698,0.48082890070921985,0.24608501118568235,0.22265885416666667
933,OpenBuddy/openbuddy-mixtral-7bx8-v18.1-32k,OpenBuddy/openbuddy-mixtral-7bx8-v18.1-32k,0.549347952322061,0.24535442968436796,0.10196374622356495,0.31155806737588654,0.0727069351230425,0.05281510416666666
934,OpenBuddy/openbuddy-nemotron-70b-v23.1-131k,meta-llama/Meta-Llama-3.1-70B,0.7555275557742346,0.5318804887163516,0.27870090634441086,0.46383717494089827,0.15100671140939595,0.16385416666666672
935,OpenBuddy/openbuddy-nemotron-70b-v23.2-131k,meta-llama/Meta-Llama-3.1-70B,0.7226547782107032,0.522656617511021,0.2726586102719033,0.45783466312056736,0.1465324384787472,0.18865885416666672
936,OpenBuddy/openbuddy-qwen2.5llamaify-14b-v23.1-200k,OpenBuddy/openbuddy-qwen2.5llamaify-14b-v23.1-200k,0.630880508162786,0.4327649863201484,0.16465256797583083,0.4081523345153664,0.11073825503355701,0.11538541666666668
937,OpenBuddy/openbuddy-qwen2.5llamaify-14b-v23.3-200k,OpenBuddy/openbuddy-qwen2.5llamaify-14b-v23.3-200k,0.6131453432448127,0.441839402106242,0.02416918429003021,0.4216348995271868,0.10290827740492169,0.12722916666666667
938,OpenBuddy/openbuddy-qwen2.5llamaify-7b-v23.1-200k,Qwen/Qwen2.5-7B,0.5672582082208539,0.36398127517254103,0.12764350453172205,0.3275339834515366,0.08612975391498878,0.13807031250000004
939,OpenBuddy/openbuddy-qwq-32b-v24.1-200k,Qwen/Qwen2.5-32B,0.593661484860171,0.5446917637764043,0.34516616314199394,0.49892878250591016,0.17449664429530198,0.21209374999999997
940,OpenBuddy/openbuddy-qwq-32b-v24.2-200k,Qwen/Qwen2.5-32B,0.5969837808126881,0.5416349558366793,0.34818731117824775,0.494034426713948,0.16890380313199105,0.19440624999999997
941,OpenBuddy/openbuddy-yi1.5-34b-v21.3-32k,OpenBuddy/openbuddy-yi1.5-34b-v21.3-32k (Merge),0.5420041046645124,0.45637092606204,0.1404833836858006,0.3999335106382979,0.1319910514541387,0.14693489583333336
942,OpenBuddy/openbuddy-zero-14b-v22.3-32k,OpenBuddy/openbuddy-zero-14b-v22.3-32k,0.37529200299649373,0.26289506846678146,0.0853474320241692,0.24303708628841608,0.07606263982102905,0.11342187500000002
943,OpenBuddy/openbuddy-zero-3b-v21.2-32k,OpenBuddy/openbuddy-zero-3b-v21.2-32k,0.3802377691192702,0.1529340641846887,0.00906344410876133,0.11486037234042552,0.01342281879194629,0.022460937499999997
944,OpenBuddy/openbuddy-zero-56b-v21.2-32k,OpenBuddy/openbuddy-zero-56b-v21.2-32k,0.5057092957796425,0.44796541615730556,0.14425981873111782,0.37767804373522457,0.09060402684563762,0.1278177083333333
945,OpenLLM-France/Lucie-7B,OpenLLM-France/Lucie-7B,0.24964538535530173,0.09913942982063449,0.00906344410876133,0.05529698581560284,0.030201342281879207,0.06807031250000001
946,OpenLLM-France/Lucie-7B-Instruct,OpenLLM-France/Lucie-7B-Instruct (Merge),0.279645784296777,0.07261384026200003,0.004531722054380665,0.06176122931442081,0.039149888143176735,0.03210677083333333
947,OpenLLM-France/Lucie-7B-Instruct-human-data,OpenLLM-France/Lucie-7B-Instruct-human-data (Merge),0.29460830596151544,0.07629771133304572,0.013595166163141994,0.047724586288416054,0.03355704697986576,0.04040104166666667
948,OpenLeecher/llama3-8b-lima,Removed,0.4370658741029358,0.19573064881964963,0.03474320241691844,0.18070330969267137,0.0,0.03742187499999999
949,OpenScholar/Llama-3.1_OpenScholar-8B,OpenScholar/Llama-3.1_OpenScholar-8B (Merge),0.6064010159709571,0.3240392120448785,0.14274924471299094,0.30093823877068554,0.04250559284116329,0.11838802083333334
950,Orenguteng/Llama-3.1-8B-Lexi-Uncensored,Orenguteng/Llama-3.1-8B-Lexi-Uncensored,0.7776843220432897,0.2924254324176861,0.13821752265861026,0.3099881796690307,0.029082774049216997,0.06422656250000001
951,Orenguteng/Llama-3.1-8B-Lexi-Uncensored-V2,Orenguteng/Llama-3.1-8B-Lexi-Uncensored-V2,0.7791581891603169,0.2968703274563122,0.1691842900302115,0.30897236997635935,0.043624161073825496,0.0776979166666667
952,Orion-zhen/Qwen2.5-7B-Instruct-Uncensored,Orion-zhen/Qwen2.5-7B-Instruct-Uncensored (Merge),0.7204317876567506,0.35832452862288194,0.013595166163141997,0.3807254728132387,0.07046979865771814,0.1358359375
953,Orion-zhen/phi-4-abliterated,Orion-zhen/phi-4-abliterated (Merge),0.05760271634817839,0.5245712922578372,0.2854984894259819,0.47685800827423164,0.20581655480984337,0.23178124999999994
954,P0x0/Astra-v1-12B,mistralai/Mistral-Nemo-Base-2407,0.2805943784713449,0.3180990734117942,0.10951661631419939,0.27341903073286056,0.08501118568232664,0.1138177083333333
955,PJMixers-Dev/L3.2-Instruct-Thinking-v0.1-1B,PJMixers-Dev/L3.2-Instruct-Thinking-v0.1-1B (Merge),0.4627698949897383,0.0638663699904397,0.04078549848942599,0.05363475177304964,0.010067114093959738,0.009440104166666663
956,PJMixers-Dev/LLaMa-3.1-Instruct-Interleaved-Zeroed-13B,PJMixers-Dev/LLaMa-3.1-Instruct-Interleaved-Zeroed-13B (Merge),0.7871015572015585,0.2989275635245275,0.19410876132930516,0.3074948286052009,0.05592841163310966,0.08407031249999995
957,PJMixers-Dev/LLaMa-3.1-RomboTiesTest-8B,Removed,0.7825303527972446,0.2989275635245275,0.19410876132930516,0.3074948286052009,0.05592841163310966,0.08407031249999995
958,PJMixers-Dev/LLaMa-3.1-RomboTiesTest2-8B,Removed,0.7825303527972446,0.2989275635245275,0.19410876132930516,0.3074948286052009,0.05592841163310966,0.08407031249999995
959,PJMixers-Dev/LLaMa-3.2-Instruct-JankMix-v0.1-SFT-3B,PJMixers-Dev/LLaMa-3.2-Instruct-JankMix-v0.1-SFT-3B (Merge),0.693054428915278,0.23808306772557672,0.11706948640483385,0.2363881501182033,0.03243847874720355,0.040539062500000014
960,PJMixers-Dev/LLaMa-3.2-Instruct-JankMix-v0.2-SFT-3B,PJMixers-Dev/LLaMa-3.2-Instruct-JankMix-v0.2-SFT-3B (Merge),0.6291573026237051,0.23341239903737887,0.12386706948640484,0.2350029550827423,0.030201342281879207,0.04867708333333334
961,PJMixers-Dev/LLaMa-3.2-Instruct-JankMix-v0.2-SFT-HailMary-v0.1-KTO-3B,PJMixers-Dev/LLaMa-3.2-Instruct-JankMix-v0.2-SFT-HailMary-v0.1-KTO-3B (Merge),0.6503898544750152,0.2228871530922464,0.11782477341389729,0.23417183806146574,0.029082774049216997,0.04691145833333335
962,PJMixers-Dev/LLaMa-3.2-Instruct-JankMixBread-v0.1-3B,PJMixers-Dev/LLaMa-3.2-Instruct-JankMixBread-v0.1-3B (Merge),0.5040858256093831,0.22759588390933697,0.12084592145015106,0.23149379432624112,0.043624161073825496,0.04677343750000003
963,PJMixers-Dev/Qwen2.5-RomboTiesTest-7B,Removed,0.7558023821238757,0.3493145651665548,0.0,0.3650265957446809,0.06375838926174497,0.08720572916666669
964,PJMixers/LLaMa-3-CursedStock-v2.0-8B,PJMixers/LLaMa-3-CursedStock-v2.0-8B (Merge),0.6330791189599152,0.32563611708915857,0.09667673716012085,0.2840388593380615,0.03243847874720355,0.08036458333333335
965,Parissa3/test-model,Parissa3/test-model (Merge),0.3882564927725103,0.3283903240379116,0.06570996978851963,0.22853871158392433,0.059284116331096204,0.1753307291666667
966,PocketDoc/Dans-Instruct-CoreCurriculum-12b,Removed,0.21914520139895477,0.13232564953040013,0.04909365558912387,0.02436096335697399,0.043624161073825496,0.09561979166666669
967,PocketDoc/Dans-PersonalityEngine-V1.1.0-12b,PocketDoc/Dans-PersonalityEngine-V1.1.0-12b (Merge),0.7074672978807343,0.33666618823462957,0.05060422960725076,0.25134825650118203,0.04921700223713646,0.17301302083333328
968,PocketDoc/Dans-PersonalityEngine-v1.0.0-8b,PocketDoc/Dans-PersonalityEngine-v1.0.0-8b (Merge),0.4981903571412741,0.2568795976908214,0.05589123867069487,0.2294621749408983,0.04697986577181204,0.039361979166666686
969,PowerInfer/SmallThinker-3B-Preview,PowerInfer/SmallThinker-3B-Preview (Merge),0.6199650261306666,0.22062104642168745,0.05891238670694864,0.22419843380614654,0.014541387024608499,0.035932291666666664
970,PranavHarshan/LaMistral-V4,PranavHarshan/LaMistral-V4 (Merge),0.623861354539289,0.3109134868179481,0.06873111782477342,0.28874852245862886,0.10402684563758392,0.05636458333333334
971,PranavHarshan/MedNarra-X1,PranavHarshan/MedNarra-X1 (Merge),0.43384331351924005,0.2352349513234211,0.04682779456193354,0.2700945626477541,0.07718120805369126,0.024539062499999997
972,Pretergeek/OpenChat-3.5-0106_10.7B_48Layers-Appended,Pretergeek/OpenChat-3.5-0106_10.7B_48Layers-Appended (Merge),0.5960595663949433,0.24057172512288605,0.07779456193353475,0.2543956855791962,0.07606263982102905,0.1177578125
973,Pretergeek/OpenChat-3.5-0106_10.7B_48Layers-Interleaved,Pretergeek/OpenChat-3.5-0106_10.7B_48Layers-Interleaved (Merge),0.5960595663949433,0.24057172512288605,0.07703927492447131,0.2554114952718676,0.0727069351230425,0.1177578125
974,Pretergeek/OpenChat-3.5-0106_32K-PoSE,Pretergeek/OpenChat-3.5-0106_32K-PoSE (Merge),0.3968991165662664,0.08828394853721204,0.014350453172205437,0.11458333333333331,0.03467561521252797,0.11334375000000002
975,Pretergeek/OpenChat-3.5-0106_8.11B_36Layers-Appended,Pretergeek/OpenChat-3.5-0106_8.11B_36Layers-Appended (Merge),0.5975833011963811,0.24057172512288605,0.07779456193353475,0.2543956855791962,0.07606263982102905,0.1177578125
976,Pretergeek/OpenChat-3.5-0106_8.11B_36Layers-Interleaved,Pretergeek/OpenChat-3.5-0106_8.11B_36Layers-Interleaved (Merge),0.5960595663949433,0.24075505845621945,0.07703927492447131,0.2554114952718676,0.0727069351230425,0.11509114583333334
977,Pretergeek/OpenChat-3.5-0106_8.99B_40Layers-Appended,Pretergeek/OpenChat-3.5-0106_8.99B_40Layers-Appended (Merge),0.5960595663949433,0.24057172512288605,0.07779456193353475,0.2543956855791962,0.07606263982102905,0.1177578125
978,Pretergeek/OpenChat-3.5-0106_8.99B_40Layers-Interleaved,Pretergeek/OpenChat-3.5-0106_8.99B_40Layers-Interleaved (Merge),0.5975833011963811,0.24075505845621945,0.07703927492447131,0.2554114952718676,0.0727069351230425,0.11509114583333334
979,Pretergeek/OpenChat-3.5-0106_9.86B_44Layers-Appended,Pretergeek/OpenChat-3.5-0106_9.86B_44Layers-Appended (Merge),0.5960595663949433,0.24057172512288605,0.07779456193353475,0.2543956855791962,0.07606263982102905,0.1177578125
980,Pretergeek/openchat-3.5-0106_Rebased_Mistral-7B-v0.2,Pretergeek/openchat-3.5-0106_Rebased_Mistral-7B-v0.2,0.3706210632233585,0.10910767600799835,0.04380664652567976,0.2033281619385342,0.029082774049216997,0.20567968749999999
981,PrimeIntellect/INTELLECT-1,PrimeIntellect/INTELLECT-1,0.1757315035217667,0.010435001578954441,0.0,0.013371749408983452,0.0,0.041421875
982,PrimeIntellect/INTELLECT-1-Instruct,PrimeIntellect/INTELLECT-1-Instruct (Merge),0.0,0.017494478703137452,0.0,0.007092198581560278,0.0,0.03710937499999999
983,PuxAI/LUA_model,PuxAI/LUA_model,0.22821336276634885,0.01815668408500801,0.0,0.013648788416075646,0.01342281879194629,0.03548177083333333
984,PygmalionAI/pygmalion-6b,PygmalionAI/pygmalion-6b,0.20910406610016974,0.05089577143988909,0.006042296072507553,0.020390070921985807,0.0,0.03710937499999999
985,Q-bert/MetaMath-1B,Removed,0.5300391849182392,0.08434610644832558,0.0,0.055019946808510654,0.0022371364653244186,0.007812499999999996
986,Qwen/QwQ-32B-Preview,Qwen/Qwen2.5-32B,0.40354370847130056,0.533876763517132,0.22885196374622357,0.5197990543735225,0.04250559284116337,0.09807031249999999
987,Qwen/Qwen1.5-0.5B,Qwen/Qwen1.5-0.5B,0.17056077873375977,0.050354758367993656,0.004531722054380665,0.03414967494089834,0.0055928411633109736,0.04303124999999999
988,Qwen/Qwen1.5-0.5B-Chat,Qwen/Qwen1.5-0.5B-Chat,0.18072713732895387,0.043180326369380594,0.0,0.02362219267139479,0.02572706935123044,0.060635416666666664
989,Qwen/Qwen1.5-1.8B,Qwen/Qwen1.5-1.8B,0.21542396397115213,0.09759901587727937,0.026435045317220546,0.0979609929078014,0.0738255033557047,0.039638020833333336
990,Qwen/Qwen1.5-1.8B-Chat,Qwen/Qwen1.5-1.8B-Chat,0.20190982149585324,0.059086628777704535,0.004531722054380665,0.08928043735224583,0.06375838926174497,0.12179427083333336
991,Qwen/Qwen1.5-110B,Qwen/Qwen1.5-110B,0.3421942667677318,0.44280476553875453,0.2477341389728097,0.4845227541371159,0.13646532438478745,0.13705468750000002
992,Qwen/Qwen1.5-110B-Chat,Qwen/Qwen1.5-110B-Chat,0.5938864435254015,0.4498454525616634,0.0,0.42495936761229314,0.12192393736017897,0.16287499999999994
993,Qwen/Qwen1.5-14B,Qwen/Qwen1.5-14B,0.2905368865720732,0.3006310328291745,0.18202416918429004,0.29373522458628837,0.059284116331096204,0.10464062500000003
994,Qwen/Qwen1.5-14B-Chat,Qwen/Qwen1.5-14B-Chat,0.47680820223673187,0.3275647930053065,0.0,0.2908724881796691,0.026845637583892648,0.13930729166666667
995,Qwen/Qwen1.5-32B,Qwen/Qwen1.5-32B,0.32972956200658693,0.3898035163310897,0.2862537764350453,0.3888519503546098,0.10626398210290827,0.12040625000000003
996,Qwen/Qwen1.5-32B-Chat,Qwen/Qwen1.5-32B-Chat,0.5532199009738605,0.4455485402391639,0.0717522658610272,0.3841422872340425,0.07494407158836691,0.10197395833333335
997,Qwen/Qwen1.5-4B,Qwen/Qwen1.5-4B,0.24447466056729475,0.1624914258109529,0.026435045317220546,0.1622340425531915,0.03579418344519018,0.04822656250000001
998,Qwen/Qwen1.5-4B-Chat,Qwen/Qwen1.5-4B-Chat,0.31566576683200576,0.16297078528908313,0.010574018126888218,0.15512337470449172,0.02237136465324381,0.07355989583333333
999,Qwen/Qwen1.5-7B,Qwen/Qwen1.5-7B,0.26842998798742895,0.23075768754340448,0.05287009063444109,0.21293218085106383,0.06487695749440718,0.09158333333333334
1000,Qwen/Qwen1.5-7B-Chat,Qwen/Qwen1.5-7B-Chat,0.4371157417873464,0.22379129599952788,0.0,0.21681072695035464,0.07046979865771814,0.046382812499999995
1001,Qwen/Qwen1.5-MoE-A2.7B,Qwen/Qwen1.5-MoE-A2.7B,0.26598203876824605,0.18837858500547186,0.0015105740181268882,0.19751034278959806,0.01230425055928408,0.07967968750000004
1002,Qwen/Qwen1.5-MoE-A2.7B-Chat,Qwen/Qwen1.5-MoE-A2.7B-Chat,0.37953851336675576,0.20041818895540953,0.0,0.213670951536643,0.03243847874720355,0.06334375000000002
1003,Qwen/Qwen2-0.5B,Qwen/Qwen2-0.5B,0.18732186154957733,0.07918512040903257,0.030211480362537766,0.0799534574468085,0.014541387024608499,0.04601041666666668
1004,Qwen/Qwen2-0.5B-Instruct,Qwen/Qwen2-0.5B,0.22466610814860125,0.05876044259408482,0.01812688821752266,0.0589908392434988,0.0,0.02408854166666666
1005,Qwen/Qwen2-1.5B,Qwen/Qwen2-1.5B,0.2113270566541222,0.11781833653483531,0.0702416918429003,0.17239213947990542,0.019015659955257263,0.035932291666666664
1006,Qwen/Qwen2-1.5B-Instruct,Qwen/Qwen2-1.5B-Instruct,0.33712327734854625,0.13695346827502664,0.06268882175226587,0.16675901300236406,0.015659955257270708,0.12026822916666667
1007,Qwen/Qwen2-57B-A14B,Qwen/Qwen2-57B-A14B,0.31126965340851165,0.3887598905034189,0.1865558912386707,0.43511746453900707,0.07494407158836691,0.10538541666666669
1008,Qwen/Qwen2-57B-A14B-Instruct,Qwen/Qwen2-57B-A14B,0.6337783747124297,0.41785917734842537,0.08761329305135951,0.39725546690307323,0.10850111856823269,0.14183593749999995
1009,Qwen/Qwen2-72B,Qwen/Qwen2-72B,0.3823610243044012,0.5185613118695519,0.3126888217522659,0.5256168735224587,0.1923937360178971,0.19728906250000006
1010,Qwen/Qwen2-72B-Instruct,Qwen/Qwen2-72B,0.7989168738945996,0.5748300911876294,0.3768882175226586,0.4892324172576833,0.1633109619686801,0.17167968749999996
1011,Qwen/Qwen2-7B,Qwen/Qwen2-7B,0.3148667757106699,0.3471113620275342,0.20468277945619337,0.35366799645390073,0.0727069351230425,0.14322916666666666
1012,Qwen/Qwen2-7B-Instruct,Qwen/Qwen2-7B,0.5679075962889577,0.3780839092310167,0.09441087613293049,0.3163600768321512,0.06375838926174497,0.07365625
1013,Qwen/Qwen2-Math-72B-Instruct,Qwen/Qwen2-Math-72B-Instruct,0.569381463405985,0.4796019950734914,0.38141993957703924,0.36364140070921985,0.15771812080536915,0.15728906249999994
1014,Qwen/Qwen2-Math-7B,Qwen/Qwen2-Math-7B,0.26870481433707005,0.14064494488871304,0.24320241691842898,0.02186761229314421,0.017897091722595054,0.024166666666666684
1015,Qwen/Qwen2-VL-72B-Instruct,Qwen/Qwen2-VL-72B-Instruct (Merge),0.5982326892644849,0.563112338791251,0.24697885196374622,0.5241393321513003,0.18344519015659957,0.1588567708333333
1016,Qwen/Qwen2-VL-7B-Instruct,Qwen/Qwen2-VL-7B-Instruct (Merge),0.4599218961245052,0.3587710314498947,0.06193353474320241,0.3438792848699764,0.09284116331096197,0.1355416666666667
1017,Qwen/Qwen2.5-0.5B,Qwen/Qwen2.5-0.5B,0.16271714606133947,0.06953961634882262,0.024924471299093656,0.10063903664302601,0.0,0.020833333333333325
1018,Qwen/Qwen2.5-0.5B-Instruct,Qwen/Qwen2.5-0.5B,0.3152912051135432,0.08169502268182768,0.0,0.0799534574468085,0.01230425055928408,0.013734374999999997
1019,Qwen/Qwen2.5-1.5B,Qwen/Qwen2.5-1.5B,0.26743041795768563,0.16660465167691854,0.08836858006042295,0.20609855200945623,0.04697986577181204,0.052658854166666665
1020,Qwen/Qwen2.5-1.5B-Instruct,Qwen/Qwen2.5-1.5B,0.4475569267321818,0.19809786497358975,0.01661631419939577,0.1999113475177305,0.007829977628635318,0.031890625000000006
1021,Qwen/Qwen2.5-14B,Qwen/Qwen2.5-14B,0.3694464022127954,0.4507831240498493,0.27794561933534745,0.47205599881796695,0.17561521252796417,0.15913281249999997
1022,Qwen/Qwen2.5-14B-Instruct,Qwen/Qwen2.5-14B,0.8157776920792387,0.48360706612827054,0.0,0.4338246158392435,0.0961968680089485,0.10157812500000003
1023,Qwen/Qwen2.5-32B,Qwen/Qwen2.5-32B,0.40766499554515356,0.53954752851332,0.3549848942598187,0.5339280437352246,0.21588366890380314,0.2269583333333333
1024,Qwen/Qwen2.5-32B-Instruct,Qwen/Qwen2.5-32B,0.8346121623957765,0.5648934826159386,0.0,0.5185062056737589,0.1174496644295302,0.1349895833333333
1025,Qwen/Qwen2.5-3B,Qwen/Qwen2.5-3B,0.26895415275912354,0.24304241726371686,0.08836858006042297,0.24479166666666663,0.06375838926174497,0.11758333333333335
1026,Qwen/Qwen2.5-3B-Instruct,Qwen/Qwen2.5-3B,0.6474919879253714,0.25801393944088585,0.0,0.2505171394799054,0.030201342281879207,0.07565625
1027,Qwen/Qwen2.5-72B,Qwen/Qwen2.5-72B,0.41371006706649466,0.5461505780163693,0.3867069486404834,0.5520279255319149,0.2069351230425056,0.19640624999999998
1028,Qwen/Qwen2.5-72B-Instruct,Qwen/Qwen2.5-72B,0.863837949972739,0.6187325566878789,0.012084592145015106,0.5139812352245864,0.16666666666666663,0.11742187500000005
1029,Qwen/Qwen2.5-7B,Qwen/Qwen2.5-7B,0.3374479713825982,0.3581347328754777,0.18882175226586104,0.3738918439716312,0.09955257270693513,0.1413671875
1030,Qwen/Qwen2.5-7B-Instruct,Qwen/Qwen2.5-7B,0.7585251576926999,0.34892116758765485,0.0,0.3652112884160757,0.05480984340044745,0.08453906250000001
1031,Qwen/Qwen2.5-Coder-14B,Qwen/Qwen2.5-Coder-14B (Merge),0.3472652561869174,0.40523002115363027,0.2212990936555891,0.3912529550827423,0.057046979865771785,0.06387239583333336
1032,Qwen/Qwen2.5-Coder-14B-Instruct,Qwen/Qwen2.5-Coder-14B-Instruct (Merge),0.6907560827493273,0.4422001821566838,0.2681268882175227,0.32661052009456254,0.0727069351230425,0.07032291666666665
1033,Qwen/Qwen2.5-Coder-32B,Qwen/Qwen2.5-Coder-32B (Merge),0.4363411304228336,0.4851121340614174,0.30589123867069484,0.4780585106382979,0.12863534675615215,0.15868229166666664
1034,Qwen/Qwen2.5-Coder-32B-Instruct,Qwen/Qwen2.5-Coder-32B-Instruct (Merge),0.7265267268625025,0.5226651520943606,0.42749244712990936,0.3792479314420804,0.1319910514541387,0.13722916666666668
1035,Qwen/Qwen2.5-Coder-7B,Qwen/Qwen2.5-Coder-7B (Merge),0.344592348302504,0.2843894411525553,0.1918429003021148,0.29770611702127653,0.01230425055928408,0.021734375000000004
1036,Qwen/Qwen2.5-Coder-7B-Instruct,Qwen/Qwen2.5-Coder-7B-Instruct (Merge),0.6147189457306613,0.28726577968950306,0.03096676737160121,0.2615986997635934,0.058165548098433995,0.09875520833333334
1037,Qwen/Qwen2.5-Math-72B-Instruct,Qwen/Qwen2.5-72B,0.40034663581519253,0.48966096029421147,0.1933534743202417,0.4235741725768321,0.10850111856823269,0.16342187499999997
1038,Qwen/Qwen2.5-Math-7B,Qwen/Qwen2.5-7B,0.24599839536873275,0.22008760679586628,0.3051359516616314,0.19086140661938536,0.058165548098433995,0.049950520833333345
1039,Qwen/Qwen2.5-Math-7B-Instruct,Qwen/Qwen2.5-7B,0.26358395723347383,0.2148976575527203,0.2651057401812689,0.20222000591016545,0.015659955257270708,0.028911458333333327
1040,RESMPDEV/EVA-Qwen2.5-1.5B-FRFR,RESMPDEV/EVA-Qwen2.5-1.5B-FRFR,0.308172316121225,0.15629561469371744,0.07250755287009064,0.1966792257683215,0.039149888143176735,0.04808854166666668
1041,RESMPDEV/Qwen2-Wukong-0.5B,RESMPDEV/Qwen2-Wukong-0.5B,0.18542356502967683,0.041966631599367296,0.0,0.03636598699763593,0.0,0.03326562499999999
1042,RLHFlow/ArmoRM-Llama3-8B-v0.1,RLHFlow/ArmoRM-Llama3-8B-v0.1,0.18967007539993883,0.017494478703137452,0.0,0.008662086288416063,0.0,0.06650260416666666
1043,RLHFlow/LLaMA3-iterative-DPO-final,RLHFlow/LLaMA3-iterative-DPO-final,0.5340108689388601,0.29787760272097796,0.0,0.2507941784869976,0.044742729306487705,0.05075520833333335
1044,RWKV/rwkv-raven-14b,RWKV/rwkv-raven-14b,0.07683723631076654,0.06763765061303335,0.0,0.01669621749408983,0.0,0.07193229166666666
1045,Rakuten/RakutenAI-7B,Rakuten/RakutenAI-7B,0.15559714889825663,0.20982052312914476,0.019637462235649546,0.20859190307328607,0.05257270693512303,0.04659895833333334
1046,Rakuten/RakutenAI-7B-chat,Rakuten/RakutenAI-7B-chat,0.26855521128383797,0.2023755200474476,0.027945619335347432,0.1998190011820331,0.008948545861297527,0.05903125
1047,Replete-AI/L3-Pneuma-8B,meta-llama/Meta-Llama-3-8B,0.24132745559559743,0.2816314211896266,0.052114803625377654,0.24174423758865246,0.09060402684563762,0.09181770833333333
1048,Replete-AI/L3.1-Pneuma-8B,meta-llama/Meta-Llama-3.1-8B,0.707642388861554,0.30262629926962037,0.20166163141993956,0.2989989657210401,0.07046979865771814,0.06155989583333334
1049,Replete-AI/Llama3-8B-Instruct-Replete-Adapted,Removed,0.6915306941138403,0.2688896431517229,0.05740181268882176,0.26566193853427894,0.04138702460850116,0.028244791666666668
1050,Replete-AI/Replete-Coder-Instruct-8b-Merged,Removed,0.5387571643239937,0.21937706578272656,0.07779456193353475,0.08946513002364063,0.02572706935123044,0.034539062499999995
1051,Replete-AI/Replete-Coder-Llama3-8B,Removed,0.47293625358493246,0.07055475836799367,0.03398791540785499,0.03673537234042552,0.014541387024608575,0.07512760416666665
1052,Replete-AI/Replete-Coder-Qwen2-1.5b,Removed,0.30142798884736943,0.10426515802668099,0.010574018126888218,0.12741947399527187,0.02460850111856823,0.09742187500000002
1053,Replete-AI/Replete-LLM-Qwen2-7b,Removed,0.09324813716494457,0.027249704476856373,0.0,0.017434988179669018,0.0,0.0726171875
1054,Replete-AI/Replete-LLM-Qwen2-7b_Beta-Preview,Removed,0.08575468645416384,0.01965676941851036,0.0,0.03165632387706856,0.0,0.077578125
1055,Replete-AI/Replete-LLM-V2-Llama-3.1-8b,Removed,0.5514966954347797,0.3320757217219532,0.14501510574018128,0.30592494089834515,0.08501118568232664,0.08375781250000001
1056,Ro-xe/FMixIA-7B-DARE-0,Ro-xe/FMixIA-7B-DARE-0,0.3341256754300811,0.30438332290985626,0.05060422960725076,0.22401374113475175,0.05257270693512303,0.16811197916666662
1057,Ro-xe/FMixIA-7B-SLERP-27,Ro-xe/FMixIA-7B-SLERP-27,0.37654091144829055,0.31938224362460754,0.06193353474320242,0.22309027777777776,0.06040268456375841,0.1467786458333333
1058,Ro-xe/FMixIA-7B-TIES-1,Ro-xe/FMixIA-7B-TIES-1,0.3452916040550184,0.3112772625110915,0.057401812688821746,0.2213356973995272,0.05145413870246088,0.18646614583333332
1059,Ro-xe/FMixIA-FrankenMerge-9.5B-PT-9,Ro-xe/FMixIA-FrankenMerge-9.5B-PT-9,0.19401632113902223,0.30713041491139637,0.0,0.29521276595744683,0.07718120805369126,0.09462239583333334
1060,Rombo-Org/Rombo-LLM-V2.5-Qwen-7b,Rombo-Org/Rombo-LLM-V2.5-Qwen-7b (Merge),0.7481837081166859,0.34907253751773487,0.0,0.36474955673758863,0.06823266219239373,0.0785390625
1061,RubielLabarta/LogoS-7Bx2-MoE-13B-v0.2,RubielLabarta/LogoS-7Bx2-MoE-13B-v0.2 (Merge),0.43789035315185926,0.32794801632016096,0.05513595166163141,0.23195552600472813,0.03691275167785232,0.11493489583333336
1062,SaisExperiments/Evil-Alpaca-3B-L3.2,SaisExperiments/Evil-Alpaca-3B-L3.2 (Merge),0.32510848991786234,0.20851948385581195,0.06570996978851965,0.180149231678487,0.017897091722595054,0.10936718750000005
1063,SaisExperiments/Gemma-2-2B-Opus-Instruct,google/gemma-2-2b,0.474959773401242,0.19529532994538695,0.04758308157099698,0.183381353427896,0.044742729306487705,0.08577604166666665
1064,SaisExperiments/Gemma-2-2B-Stheno-Filtered,google/gemma-2-2b,0.41965540321901446,0.17478867238053378,0.04229607250755288,0.18107269503546097,0.026845637583892648,0.08103125000000003
1065,Sakalti/Anemoi-3B,Sakalti/Anemoi-3B (Merge),0.38036299241567934,0.29053960430356013,0.13821752265861026,0.3073101359338061,0.0738255033557047,0.12766145833333334
1066,Sakalti/Euphrates-14B,Sakalti/Euphrates-14B (Merge),0.26468326263203856,0.44608582307957967,0.29682779456193353,0.47279476950354615,0.1912751677852349,0.15979947916666665
1067,Sakalti/Llama3.2-3B-Uranus-1,AXCXEPT/EZO-Llama-3.2-3B-Instruct-dpoE (Merge),0.533536571851576,0.21416406817010444,0.1472809667673716,0.2326942966903073,0.06263982102908276,0.06924739583333334
1068,Sakalti/Magro-7B-v1.1,Sakalti/Magro-7B-v1.1 (Merge),0.12040164541195139,0.19410132177265538,0.024924471299093656,0.1960328014184397,0.06152125279642054,0.13148697916666668
1069,Sakalti/Neptuno-3B,Sakalti/Neptuno-3B (Merge),0.42962229107656574,0.2748279961434126,0.10800604229607251,0.3081412529550827,0.06152125279642054,0.07858072916666667
1070,Sakalti/Neptuno-Alpha,Sakalti/Neptuno-Alpha (Merge),0.3779649108809071,0.2902961864431968,0.13821752265861026,0.3074948286052009,0.07606263982102905,0.12899479166666666
1071,Sakalti/Oxyge1-33B,Sakalti/Oxyge1-33B (Merge),0.4548265269484966,0.5803229697403188,0.433534743202417,0.5454713356973996,0.1767337807606264,0.2429765625
1072,Sakalti/Phi3.5-Comets-3.8B,Sakalti/Phi3.5-Comets-3.8B (Merge),0.20942876013422165,0.0653359017300762,0.0,0.016973256501182026,0.0,0.05310937500000001
1073,Sakalti/SJT-14B,Sakalti/SJT-14B (Merge),0.5494233079340595,0.49990708356170166,0.3640483383685801,0.48673906619385343,0.18232662192393737,0.18978125
1074,Sakalti/SJT-4B,microsoft/Phi-3.5-mini-instruct,0.40774035115715196,0.28913837340499915,0.1095166163141994,0.2534722222222222,0.059284116331096204,0.19444791666666664
1075,Sakalti/Saba-Passthrough-2,Sakalti/Saba-Passthrough-2 (Merge),0.1691367793011432,0.1194868585880535,0.0,0.11966238179669028,0.017897091722595054,0.0542265625
1076,Sakalti/Saba1-1.8B,Sakalti/Saba1-1.8B (Merge),0.3332768166243345,0.17532918576799145,0.10347432024169184,0.21394799054373523,0.043624161073825496,0.11019010416666669
1077,Sakalti/Saba1-7B,Sakalti/Saba1-7B (Merge),0.45847351693506566,0.35235631532621076,0.21223564954682778,0.3750923463356973,0.0883668903803132,0.1908203125
1078,Sakalti/Saba1.5-1.5B,Sakalti/Saba1.5-1.5B,0.3332768166243345,0.17532918576799145,0.10347432024169184,0.21394799054373523,0.043624161073825496,0.11019010416666669
1079,Sakalti/Saba1.5-Pro-3B,Sakalti/Saba1.5-Pro-3B (Merge),0.23860468002677343,0.11041395854945073,0.0022658610271903325,0.10645685579196215,0.02460850111856823,0.14001041666666666
1080,Sakalti/Saba2-14B-Preview,Sakalti/Saba2-14B-Preview (Merge),0.4721871301480073,0.49649570005389393,0.30362537764350456,0.48710845153664306,0.1767337807606264,0.196015625
1081,Sakalti/Saba2-3B,Qwen/Qwen2.5-3B,0.28651533486704167,0.020024191015625758,0.0,0.023345153664302596,0.01565995525727078,0.0725390625
1082,Sakalti/Sailor-japanese,Removed,0.16046866757979938,0.017217912880735087,0.0,0.018266105200945616,0.004474272930648763,0.06763802083333335
1083,Sakalti/SakalFusion-7B-Alpha,Sakalti/SakalFusion-7B-Alpha (Merge),0.5289653674472622,0.36780545262095615,0.30362537764350456,0.3859892139479906,0.10067114093959727,0.15868229166666667
1084,Sakalti/Tara-3.8B-v1.1,microsoft/Phi-3.5-mini-instruct,0.406216616355714,0.28913837340499915,0.1095166163141994,0.2534722222222222,0.059284116331096204,0.19444791666666664
1085,Sakalti/light-1.1-3B,Sakalti/light-3B,0.27345110972220377,0.018805156390567755,0.0,0.023252807328605195,0.01565995525727078,0.07291145833333335
1086,Sakalti/light-3B,Sakalti/light-3B,0.5337360425892189,0.2746784968544222,0.10800604229607251,0.3083259456264775,0.06040268456375841,0.080875
1087,Sakalti/light-3b-beta,Sakalti/light-3b-beta (Merge),0.5485489612007252,0.2727438755254684,0.11102719033232629,0.30647901891252954,0.06375838926174497,0.07983593750000001
1088,Sakalti/light-7b-beta,Sakalti/light-7b-beta (Merge),0.6233870574520052,0.3637504670970679,0.30891238670694865,0.3839575945626477,0.09507829977628639,0.11832812500000003
1089,Sakalti/llama-3-yanyuedao-8b-instruct,Sakalti/llama-3-yanyuedao-8b-instruct (Merge),0.21857116894284942,0.20593160052037973,0.028700906344410873,0.21228575650118206,0.05369127516778524,0.10715104166666668
1090,Sakalti/magro-7B,mistralai/Mistral-7B-v0.1,0.13439008497453422,0.1954888376105943,0.020392749244712995,0.1961251477541371,0.06040268456375841,0.1361536458333333
1091,Sakalti/model-3,Sakalti/model-3 (Merge),0.6263846593704703,0.3631775528213533,0.32326283987915405,0.3838652482269504,0.09507829977628639,0.11499479166666667
1092,Sakalti/tara-3.8B,microsoft/Phi-3.5-mini-instruct,0.40774035115715196,0.28913837340499915,0.1095166163141994,0.2534722222222222,0.059284116331096204,0.19444791666666664
1093,Sakalti/ultiima-32B,Sakalti/ultiima-32B (Merge),0.6854357549080884,0.5811244678676597,0.4312688821752266,0.5455636820330969,0.17449664429530198,0.24134895833333336
1094,Sakalti/ultiima-72B,Sakalti/ultiima-72B (Merge),0.714012154416947,0.6110313258693403,0.5241691842900302,0.54510195035461,0.2192393736017897,0.18115104166666665
1095,Salesforce/LLaMA-3-8B-SFR-Iterative-DPO-R,Salesforce/LLaMA-3-8B-SFR-Iterative-DPO-R,0.38156203318306536,0.29150289349765557,0.0015105740181268882,0.24137485224586286,0.05033557046979867,0.055500000000000015
1096,SanjiWatsuki/Kunoichi-DPO-v2-7B,SanjiWatsuki/Kunoichi-DPO-v2-7B,0.543103410063077,0.20903472484123803,0.07477341389728098,0.23407949172576836,0.06152125279642054,0.11087500000000004
1097,SanjiWatsuki/Silicon-Maid-7B,SanjiWatsuki/Silicon-Maid-7B,0.5367835121920947,0.16692746753586438,0.06722054380664653,0.23149379432624112,0.05369127516778524,0.11087500000000004
1098,Sao10K/70B-L3.3-Cirrus-x1,Sao10K/70B-L3.3-Cirrus-x1 (Merge),0.6680751517085777,0.5713231216638127,0.3753776435045317,0.4864620271867611,0.2662192393736018,0.2142083333333333
1099,Sao10K/Fimbulvetr-11B-v2,Sao10K/Fimbulvetr-11B-v2,0.5100056738343152,0.22655120810058652,0.0067975830815709985,0.2556885342789598,0.05592841163310966,0.14920572916666666
1100,Sao10K/L3-70B-Euryale-v2.1,Sao10K/L3-70B-Euryale-v2.1,0.7384417789243652,0.4870118672944805,0.20845921450151061,0.45598773640661944,0.10850111856823269,0.12247916666666668
1101,Sao10K/L3-8B-Lunaris-v1,Sao10K/L3-8B-Lunaris-v1,0.6894573066131199,0.3211434845509543,0.09365558912386707,0.30971114066193856,0.06823266219239373,0.055500000000000015
1102,Sao10K/L3-8B-Niitama-v1,Sao10K/L3-8B-Niitama-v1,0.6790659893526952,0.3320978782092794,0.09667673716012085,0.300107121749409,0.07718120805369126,0.06083333333333336
1103,Sao10K/L3-8B-Stheno-v3.2,Sao10K/L3-8B-Stheno-v3.2,0.6872841837435781,0.3202159792407502,0.09441087613293049,0.3075871749408983,0.0805369127516779,0.06453906249999995
1104,Sao10K/L3-8B-Stheno-v3.3-32K,Sao10K/L3-8B-Stheno-v3.3-32K,0.46037181345496614,0.1351200898319754,0.01057401812688822,0.0995308806146572,0.008948545861297527,0.040677083333333336
1105,Sao10K/MN-12B-Lyra-v3,Sao10K/MN-12B-Lyra-v3,0.4486063644463357,0.25870963383072454,0.07930513595166162,0.24987071513002362,0.03691275167785232,0.09038281250000005
1106,Saxo/Linkbricks-Horizon-AI-Avengers-V1-32B,Qwen/Qwen2.5-32B,0.7971681804279312,0.5763392862080289,0.021148036253776436,0.5325428486997635,0.14988814317673374,0.18155989583333335
1107,Saxo/Linkbricks-Horizon-AI-Avengers-V2-32B,Qwen/Qwen2.5-32B,0.7956444456264933,0.5807744907944319,0.006042296072507553,0.5244163711583925,0.021252796420581685,0.11179427083333338
1108,Saxo/Linkbricks-Horizon-AI-Avengers-V3-32B,Qwen/Qwen2.5-32B,0.8248702332034558,0.5652792400025387,0.0,0.5182291666666666,0.1174496644295302,0.13832291666666666
1109,Saxo/Linkbricks-Horizon-AI-Avengers-V4-32B,Qwen/Qwen2.5-32B,0.7630963620970138,0.5655220389292217,0.3323262839879154,0.528017878250591,0.14876957494407161,0.19465885416666664
1110,Saxo/Linkbricks-Horizon-AI-Avengers-V5-32B,Qwen/Qwen2.5-32B,0.7515558717536137,0.5667538301839145,0.3376132930513595,0.5291260342789598,0.14093959731543623,0.20591406250000002
1111,Saxo/Linkbricks-Horizon-AI-Avengers-V6-32B,Qwen/Qwen2.5-32B,0.8208985491828349,0.5618657609330363,0.0,0.5191526300236406,0.11297539149888143,0.13661718749999996
1112,Saxo/Linkbricks-Horizon-AI-Korean-Avengers-V2-27B,google/gemma-2-27b,0.8145786513118526,0.49645052903738224,0.02643504531722054,0.39984116430260047,0.12975391498881436,0.10942187500000003
1113,Saxo/Linkbricks-Horizon-AI-Korean-Avengers-V3-27B,google/gemma-2-27b,0.81420408959339,0.48698367862501735,0.12613293051359517,0.39152999408983447,0.145413870246085,0.1523463541666667
1114,Saxo/Linkbricks-Horizon-AI-Korean-Superb-22B,mistralai/Mistral-Small-Instruct-2409,0.6766679078179232,0.36578023822518996,0.20619335347432025,0.31903812056737585,0.1017897091722595,0.059463541666666654
1115,Saxo/Linkbricks-Horizon-AI-Korean-Superb-27B,google/gemma-2-27b,0.7767601076255447,0.5060725661580997,0.26963746223564955,0.4051972517730496,0.1465324384787472,0.19525260416666662
1116,Saxo/Linkbricks-Horizon-AI-Superb-27B,google/gemma-2-27b,0.7302235845334824,0.4569432391004359,0.15709969788519637,0.34000073877068554,0.14317673378076065,0.18558333333333332
1117,SeaLLMs/SeaLLM-7B-v2,SeaLLMs/SeaLLM-7B-v2,0.36712367629002157,0.27438159401570933,0.0823262839879154,0.23140144799054377,0.038031319910514526,0.0936979166666667
1118,SeaLLMs/SeaLLM-7B-v2.5,SeaLLMs/SeaLLM-7B-v2.5,0.45215361906408336,0.28738153930102817,0.0007552870090634442,0.24479166666666663,0.03467561521252797,0.11607031250000001
1119,SeaLLMs/SeaLLMs-v3-7B-Chat,SeaLLMs/SeaLLMs-v3-7B-Chat,0.43766539448662883,0.33801622722378405,0.1661631419939577,0.3216238179669031,0.06487695749440718,0.10471875000000003
1120,SenseLLM/ReflectionCoder-CL-34B,SenseLLM/ReflectionCoder-CL-34B,0.4007710652180658,0.14264686822563535,0.020392749244712995,0.04707816193853427,0.0011185682326622093,0.10402864583333335
1121,SenseLLM/ReflectionCoder-DS-33B,SenseLLM/ReflectionCoder-DS-33B,0.3786641666334215,0.08337659356727954,0.021903323262839884,0.022421690307328598,0.03243847874720355,0.004557291666666663
1122,SeppeV/SmolLM_pretrained_with_sft_trained_with_1pc_data_on_a_preference_dpo,SeppeV/SmolLM_pretrained_with_sft_trained_with_1pc_data_on_a_preference_dpo (Merge),0.09554648333089535,0.03612865412111988,0.0,0.017896719858156024,0.01230425055928408,0.08401041666666666
1123,Sharathhebbar24/SSH_355M,Sharathhebbar24/SSH_355M,0.1423589409433636,0.03496136025027686,0.0,0.019558953900709206,0.011185682326621947,0.10518749999999999
1124,Sharathhebbar24/chat_gpt2_dpo,Sharathhebbar24/chat_gpt2_dpo,0.09861944086135896,0.016986044099668713,0.0007552870090634441,0.015772754137115833,0.01342281879194629,0.054304687500000004
1125,Shreyash2010/Uma-4x4B-Instruct-v0.1,Removed,0.5516961661724226,0.3628453127383045,0.16389728096676742,0.31885342789598103,0.11297539149888143,0.15146354166666665
1126,Sicarius-Prototyping/Brainy_LLAMA,Sicarius-Prototyping/Brainy_LLAMA,0.5204224790223274,0.30294986762557474,0.1336858006042296,0.31654476950354615,0.08501118568232664,0.09491666666666669
1127,Sicarius-Prototyping/Micropenis_1B,Removed,0.34606621541953125,0.07664224287376964,0.0377643504531722,0.09555998817966901,0.016778523489932917,0.027343749999999997
1128,Sicarius-Prototyping/bacon_and_food,Sicarius-Prototyping/bacon_and_food (Merge),0.5860428108529812,0.24930792637188648,0.0891238670694864,0.25144060283687947,0.07941834451901568,0.07014843750000002
1129,SicariusSicariiStuff/2B-ad,SicariusSicariiStuff/2B-ad,0.43789035315185926,0.16007592932115813,0.04380664652567976,0.18467420212765956,0.04138702460850116,0.08124739583333335
1130,SicariusSicariiStuff/2B_or_not_2B,SicariusSicariiStuff/2B_or_not_2B,0.20623168747811363,0.0768230049623281,0.018882175226586105,0.0443077718676123,0.0,0.04852083333333335
1131,SicariusSicariiStuff/Dusk_Rainbow,SicariusSicariiStuff/Dusk_Rainbow,0.35880574653031727,0.2595903682422342,0.07401812688821753,0.2714797576832151,0.07829977628635347,0.07448437499999998
1132,SicariusSicariiStuff/Impish_LLAMA_3B,SicariusSicariiStuff/Impish_LLAMA_3B,0.4629948536549688,0.16985754856904411,0.11178247734138971,0.21570257092198578,0.05033557046979867,0.0560885416666667
1133,SicariusSicariiStuff/Impish_Mind_8B,SicariusSicariiStuff/Impish_Mind_8B,0.31791424531354584,0.2456285411456262,0.10422960725075531,0.2565196513002364,0.0727069351230425,0.08969791666666671
1134,SicariusSicariiStuff/LLAMA-3_8B_Unaligned_BETA,SicariusSicariiStuff/LLAMA-3_8B_Unaligned_BETA,0.3713203189758729,0.24998013753807424,0.08459214501510574,0.2738807624113475,0.0738255033557047,0.0956015625
1135,SicariusSicariiStuff/Qwen2.5-14B_Uncencored,Removed,0.31579099012841483,0.467202351109504,0.3149546827794562,0.47399527186761226,0.17561521252796417,0.15291666666666667
1136,SicariusSicariiStuff/Qwen2.5-14B_Uncensored,Removed,0.3173147249298528,0.467202351109504,0.3149546827794562,0.47399527186761226,0.17561521252796417,0.15291666666666667
1137,SicariusSicariiStuff/Qwen2.5-14B_Uncensored_Instruct,Removed,0.3789389929830627,0.42113096716972803,0.30513595166163143,0.45857343380614657,0.10626398210290827,0.0440703125
1138,SicariusSicariiStuff/Zion_Alpha,SicariusSicariiStuff/Zion_Alpha,0.33240246989100036,0.29160501194115734,0.052114803625377654,0.23684988179669028,0.05369127516778524,0.18452604166666667
1139,SicariusSicariiStuff/dn_ep02,Removed,0.5064340394597445,0.326437741461978,0.14123867069486404,0.3330747635933806,0.08724832214765099,0.12187760416666668
1140,SkyOrbis/SKY-Ko-Llama3.1-8B-lora,SkyOrbis/SKY-Ko-Llama3.1-8B-lora (Merge),0.5058345190760515,0.29191619249410267,0.15256797583081572,0.3086029846335698,0.09507829977628639,0.08507291666666666
1141,SkyOrbis/SKY-Ko-Llama3.1-8B-lora-epoch1,SkyOrbis/SKY-Ko-Llama3.1-8B-lora-epoch1 (Merge),0.5058345190760515,0.29191619249410267,0.15256797583081572,0.3086029846335698,0.09507829977628639,0.08507291666666666
1142,SkyOrbis/SKY-Ko-Llama3.2-1B-lora-epoch3,SkyOrbis/SKY-Ko-Llama3.2-1B-lora-epoch3 (Merge),0.32470844027181217,0.05493123703086085,0.004531722054380665,0.03100989952718674,0.0022371364653244186,0.020695312500000004
1143,SkyOrbis/SKY-Ko-Llama3.2-1B-lora-epoch5,SkyOrbis/SKY-Ko-Llama3.2-1B-lora-epoch5 (Merge),0.4359920566319587,0.08132119042373503,0.04758308157099698,0.10507166075650116,0.01230425055928408,0.041265625
1144,SkyOrbis/SKY-Ko-Llama3.2-1B-lora-v2-epoch3,SkyOrbis/SKY-Ko-Llama3.2-1B-lora-v2-epoch3 (Merge),0.4359920566319587,0.08132119042373503,0.04758308157099698,0.10507166075650116,0.01230425055928408,0.041265625
1145,SkyOrbis/SKY-Ko-Llama3.2-1B-lora-v2-epoch5,SkyOrbis/SKY-Ko-Llama3.2-1B-lora-v2-epoch5 (Merge),0.42467652495378927,0.08268548811534603,0.04682779456193353,0.10507166075650116,0.0055928411633109736,0.039638020833333336
1146,SkyOrbis/SKY-Ko-Llama3.2-3B-lora-epoch1,SkyOrbis/SKY-Ko-Llama3.2-3B-lora-epoch1 (Merge),0.5331121424487028,0.20806136629310426,0.13821752265861026,0.22272089243498816,0.05592841163310966,0.059619791666666665
1147,SkyOrbis/SKY-Ko-Llama3.2-3B-lora-epoch2,SkyOrbis/SKY-Ko-Llama3.2-3B-lora-epoch2 (Merge),0.5331121424487028,0.20806136629310426,0.13821752265861026,0.22272089243498816,0.05592841163310966,0.059619791666666665
1148,SkyOrbis/SKY-Ko-Llama3.2-3B-lora-epoch3,SkyOrbis/SKY-Ko-Llama3.2-3B-lora-epoch3 (Merge),0.5331121424487028,0.20806136629310426,0.13821752265861026,0.22272089243498816,0.05592841163310966,0.059619791666666665
1149,SkyOrbis/SKY-Ko-Qwen2.5-3B-Instruct,SkyOrbis/SKY-Ko-Qwen2.5-3B-Instruct (Merge),0.35341006307707995,0.19150679030509477,0.04758308157099698,0.2012965425531915,0.039149888143176735,0.09262239583333334
1150,Skywork/Skywork-Reward-Gemma-2-27B-v0.2,google/gemma-2-27b,0.7807317916461656,0.48159904249727153,0.0015105740181268882,0.3448027482269504,0.12527964205816552,0.1199322916666667
1151,Skywork/Skywork-o1-Open-Llama-3.1-8B,meta-llama/Meta-Llama-3.1-8B,0.35183646059123125,0.23017598928072996,0.0,0.11449098699763592,0.01230425055928408,0.015223958333333336
1152,Solshine/Brimful-merged-replete,Solshine/Brimful-merged-replete (Merge),0.17605619755581856,0.01992138996736096,0.0,0.009400856973995264,0.010067114093959738,0.014322916666666661
1153,Solshine/Llama-3-1-big-thoughtful-passthrough-merge-2,Solshine/Llama-3-1-big-thoughtful-passthrough-merge-2 (Merge),0.25466650709007654,0.05008442306492267,0.0015105740181268884,0.0205747635933806,0.01230425055928408,0.06751822916666667
1154,Stark2008/GutenLaserPi,Stark2008/GutenLaserPi (Merge),0.42265300513747966,0.32977710067016625,0.07175226586102719,0.23398714539007093,0.04921700223713646,0.16985937499999995
1155,Stark2008/LayleleFlamPi,Stark2008/LayleleFlamPi (Merge),0.4284232503091796,0.3120740955947399,0.055891238670694864,0.23260195035460987,0.04697986577181204,0.1657213541666667
1156,Stark2008/VisFlamCat,Stark2008/VisFlamCat (Merge),0.43659157701565177,0.3288139683403706,0.06570996978851963,0.23823507683215125,0.05369127516778524,0.1468385416666667
1157,StelleX/Qwen2.5_Math_7B_Cot,Removed,0.2142747908881767,0.19796911486609314,0.290785498489426,0.20111184988179664,0.059284116331096204,0.06918750000000001
1158,StelleX/Vorisatex-7B-preview,Removed,0.15150134975199137,0.04133712426973548,0.00906344410876133,0.018450797872340413,0.0022371364653244186,0.11504947916666666
1159,SultanR/SmolTulu-1.7b-Instruct,SultanR/SmolTulu-1.7b-Instruct (Merge),0.6540867121459949,0.12259829711996209,0.02643504531722054,0.07893764775413713,0.02572706935123044,0.01920572916666666
1160,SultanR/SmolTulu-1.7b-Reinforced,SultanR/SmolTulu-1.7b-Reinforced (Merge),0.6790659893526952,0.10015214516485557,0.022658610271903322,0.08475546690307327,0.03467561521252797,0.02408854166666666
1161,SultanR/SmolTulu-1.7b-it-v0,SultanR/SmolTulu-1.7b-it-v0 (Merge),0.6540867121459949,0.12259829711996209,0.02643504531722054,0.07893764775413713,0.02572706935123044,0.01920572916666666
1162,Svak/MN-12B-Inferor-v0.0,Svak/MN-12B-Inferor-v0.0 (Merge),0.5707555951541908,0.3084642679217884,0.10045317220543806,0.28431589834515364,0.07829977628635347,0.18085677083333335
1163,Svak/MN-12B-Inferor-v0.1,Svak/MN-12B-Inferor-v0.1 (Merge),0.6346527214457639,0.30850764971038175,0.11782477341389729,0.2957668439716312,0.10067114093959727,0.15052083333333335
1164,Syed-Hasan-8503/Phi-3-mini-4K-instruct-cpo-simpo,Syed-Hasan-8503/Phi-3-mini-4K-instruct-cpo-simpo,0.5714049832222946,0.39148157776889453,0.08383685800604229,0.31783761820330975,0.10738255033557048,0.08777604166666662
1165,T145/KRONOS-8B-V2,T145/KRONOS-8B-V2 (Merge),0.5180243974875552,0.3067490713784655,0.22658610271903323,0.30417036052009455,0.06487695749440718,0.08258072916666669
1166,T145/KRONOS-8B-V3,T145/KRONOS-8B-V3 (Merge),0.5474751437297481,0.30291098984835485,0.236404833836858,0.304262706855792,0.05145413870246088,0.07828645833333335
1167,T145/KRONOS-8B-V4,T145/KRONOS-8B-V4 (Merge),0.7889499860370484,0.3014061947211616,0.18580060422960729,0.30952644799054374,0.05257270693512303,0.0776979166666667
1168,T145/KRONOS-8B-V5,T145/KRONOS-8B-V5 (Merge),0.5405058577906621,0.3017368221664718,0.2190332326283988,0.30657136524822687,0.05369127516778524,0.10450260416666664
1169,T145/KRONOS-8B-V6,T145/KRONOS-8B-V6 (Merge),0.7022467054083166,0.29659286418525566,0.05513595166163141,0.27794400118203305,0.039149888143176735,0.09813020833333334
1170,T145/KRONOS-8B-V7,Removed,0.35291027806220826,0.23890173138855658,0.028700906344410873,0.18855274822695034,0.02237136465324381,0.0402265625
1171,T145/Llama-3.1-8B-Instruct-Zeus,T145/Llama-3.1-8B-Instruct-Zeus (Merge),0.7941207108250552,0.3138899072847827,0.19184290030211482,0.32143912529550833,0.06823266219239373,0.08569791666666662
1172,T145/Llama-3.1-8B-Zeus,Removed,0.3517611049792329,0.10560807756832054,0.010574018126888218,0.03692006501182032,0.020134228187919476,0.0158125
1173,T145/Meta-Llama-3.1-8B-Instruct-TIES,T145/Meta-Llama-3.1-8B-Instruct-TIES (Merge),0.5423542866261519,0.297742634799406,0.2001510574018127,0.3088800236406619,0.059284116331096204,0.08036458333333335
1174,T145/ZEUS-8B-V10,T145/ZEUS-8B-V10 (Merge),0.7706651684197928,0.3269504767226082,0.20090634441087613,0.32263962765957444,0.09955257270693513,0.09089322916666666
1175,T145/ZEUS-8B-V11,T145/ZEUS-8B-V11 (Merge),0.8099575792231279,0.3120791313817828,0.18957703927492445,0.3204233156028369,0.08612975391498878,0.07149999999999995
1176,T145/ZEUS-8B-V12,T145/ZEUS-8B-V12 (Merge),0.7815562706950892,0.3244900193426873,0.20694864048338368,0.32356309101654834,0.09395973154362418,0.08497135416666664
1177,T145/ZEUS-8B-V13,T145/ZEUS-8B-V13 (Merge),0.7904238531540756,0.32727458328192854,0.20619335347432025,0.323470744680851,0.09843400447427292,0.08393229166666664
1178,T145/ZEUS-8B-V13-abliterated,T145/ZEUS-8B-V13-abliterated (Merge),0.7877509452696623,0.3178478514894499,0.17145015105740177,0.3191304669030733,0.08165548098434001,0.08393229166666664
1179,T145/ZEUS-8B-V14,T145/ZEUS-8B-V14 (Merge),0.770939994769434,0.3269344597105668,0.20468277945619334,0.3237477836879432,0.09395973154362418,0.08289322916666662
1180,T145/ZEUS-8B-V15,Removed,0.701272623306161,0.3618160301722815,0.0075528700906344415,0.33990839243498816,0.03467561521252797,0.09416666666666665
1181,T145/ZEUS-8B-V16,T145/ZEUS-8B-V16 (Merge),0.7925471083392065,0.3253218336552364,0.20090634441087613,0.32513297872340424,0.07606263982102905,0.09518749999999997
1182,T145/ZEUS-8B-V17,T145/ZEUS-8B-V17 (Merge),0.7940708431406446,0.3233848329071727,0.2114803625377643,0.3260564420803782,0.0961968680089485,0.0963645833333333
1183,T145/ZEUS-8B-V17-abliterated,T145/ZEUS-8B-V17-abliterated (Merge),0.757600943274955,0.31522204154633215,0.022658610271903322,0.291334219858156,0.07158836689038028,0.13132552083333332
1184,T145/ZEUS-8B-V17-abliterated-V2,T145/ZEUS-8B-V17-abliterated-V2 (Merge),0.6532123654126606,0.27568611667990156,0.10876132930513595,0.26686244089834515,0.031319910514541416,0.017578124999999993
1185,T145/ZEUS-8B-V17-abliterated-V4,T145/ZEUS-8B-V17-abliterated-V4 (Merge),0.7228298691915229,0.3097161542373427,0.01812688821752266,0.3082335992907802,0.044742729306487705,0.11605208333333332
1186,T145/ZEUS-8B-V18,T145/ZEUS-8B-V18 (Merge),0.7834046995305789,0.3252958987066048,0.2001510574018127,0.32688755910165485,0.09507829977628639,0.10703124999999998
1187,T145/ZEUS-8B-V19,T145/ZEUS-8B-V19 (Merge),0.7882507302845339,0.32643628470617014,0.2001510574018127,0.3259640957446809,0.0961968680089485,0.10703124999999998
1188,T145/ZEUS-8B-V2,T145/ZEUS-8B-V2 (Merge),0.8029384255996311,0.31605592775073943,0.2114803625377643,0.3218085106382979,0.06935123042505593,0.0824427083333333
1189,T145/ZEUS-8B-V2-ORPO,Removed,0.7186830941900824,0.2959149027379915,0.1782477341389728,0.29752142434988177,0.0805369127516779,0.09754166666666662
1190,T145/ZEUS-8B-V2-abliterated,T145/ZEUS-8B-V2-abliterated (Merge),0.7895495064207414,0.3098256419519066,0.20619335347432025,0.31386672576832153,0.08389261744966443,0.07918749999999995
1191,T145/ZEUS-8B-V20,T145/ZEUS-8B-V20 (Merge),0.7955945779420827,0.3222158697725198,0.20241691842900303,0.3255023640661938,0.09731543624161071,0.10273697916666664
1192,T145/ZEUS-8B-V21,Removed,0.3785145635801894,0.07358048379917138,0.08383685800604229,0.07930703309692672,0.019015659955257263,0.015361979166666664
1193,T145/ZEUS-8B-V22,T145/ZEUS-8B-V22 (Merge),0.7995163942782927,0.3221395635996418,0.20241691842900303,0.32642582742316784,0.10402684563758392,0.09369791666666664
1194,T145/ZEUS-8B-V23,T145/ZEUS-8B-V23 (Merge),0.762122279994858,0.31467300016022753,0.16767371601208458,0.2962285756501182,0.07941834451901568,0.07191406250000001
1195,T145/ZEUS-8B-V2L1,Removed,0.3191886416929303,0.28694208206551325,0.1283987915407855,0.29308880023640665,0.08389261744966443,0.09058072916666662
1196,T145/ZEUS-8B-V2L2,Removed,0.802064078866297,0.32017509294552904,0.19864048338368578,0.3204233156028369,0.06599552572706939,0.08583593750000001
1197,T145/ZEUS-8B-V3,Removed,0.7886751596874072,0.32108252109929125,0.1661631419939577,0.31155806737588654,0.0961968680089485,0.09110937499999999
1198,T145/ZEUS-8B-V4,Removed,0.7807317916461656,0.3204614380654929,0.19108761329305135,0.3098034869976359,0.07606263982102905,0.09961979166666664
1199,T145/ZEUS-8B-V6,T145/ZEUS-8B-V6 (Merge),0.7837792612490415,0.3207784842307126,0.2001510574018127,0.30657136524822687,0.0727069351230425,0.0991692708333333
1200,T145/ZEUS-8B-V7,T145/ZEUS-8B-V7 (Merge),0.7786085364610345,0.29556016390229983,0.14652567975830816,0.3124815307328605,0.06263982102908276,0.11087499999999997
1201,T145/ZEUS-8B-V8,T145/ZEUS-8B-V8 (Merge),0.7913979352562314,0.2939403095675921,0.13217522658610273,0.3067560579196217,0.05033557046979867,0.11805208333333328
1202,T145/ZEUS-8B-V9,T145/ZEUS-8B-V9 (Merge),0.5551436854213487,0.3185054952781809,0.2114803625377643,0.3223625886524823,0.05480984340044745,0.0873255208333333
1203,T145/qwen-2.5-3B-merge-test,Removed,0.5751018408932742,0.27889341313676075,0.03096676737160121,0.2543956855791962,0.04697986577181204,0.08291145833333333
1204,THUDM/glm-4-9b,THUDM/glm-4-9b,0.1426082793654171,0.358112835812089,0.0,0.34942006501182027,0.0883668903803132,0.1418958333333333
1205,THUDM/glm-4-9b-chat,THUDM/glm-4-9b-chat,0.0,0.25205183674440235,0.0,0.24072842789598106,0.08501118568232664,0.08061718749999999
1206,THUDM/glm-4-9b-chat-1m,THUDM/glm-4-9b-chat-1m,0.0,0.1710802850816805,0.0,0.2403590425531915,0.07158836689038028,0.05232291666666668
1207,THUDM/glm-4-9b-chat-1m-hf,THUDM/glm-4-9b-chat-1m-hf (Merge),0.5341106043076814,0.14405440654648932,0.01283987915407855,0.09048093971631205,0.05592841163310966,0.035440104166666674
1208,THUDM/glm-4-9b-chat-hf,THUDM/glm-4-9b-chat-hf (Merge),0.6513140688927601,0.20668085640285003,0.012084592145015106,0.19714095744680848,0.07046979865771814,0.022460937499999997
1209,TIGER-Lab/MAmmoTH2-7B-Plus,TIGER-Lab/MAmmoTH2-7B-Plus,0.5574664113441224,0.18925953227555734,0.17598187311178248,0.22410608747044913,0.04026845637583895,0.101109375
1210,TTTXXX01/Mistral-7B-Base-SimPO2-5e-7,mistralai/Mistral-7B-v0.1,0.43918912928806675,0.20692627382557507,0.02416918429003021,0.19621749408983452,0.06375838926174497,0.05252083333333334
1211,TeeZee/DoubleBagel-57B-v1.0,TeeZee/DoubleBagel-57B-v1.0 (Merge),0.23363342597640924,0.0552278169826115,0.0,0.05308067375886525,0.03467561521252797,0.1360286458333333
1212,TencentARC/LLaMA-Pro-8B,TencentARC/LLaMA-Pro-8B,0.22771357775147721,0.092939499758607,0.01661631419939577,0.09011155437352246,0.01342281879194629,0.08593229166666669
1213,TencentARC/LLaMA-Pro-8B-Instruct,TencentARC/LLaMA-Pro-8B-Instruct,0.4486063644463357,0.19485726056875954,0.01661631419939577,0.10507166075650116,0.03243847874720355,0.11110937500000001
1214,TencentARC/MetaMath-Mistral-Pro,TencentARC/MetaMath-Mistral-Pro,0.2118767093534045,0.2237227879113455,0.04607250755287009,0.16352689125295508,0.02572706935123044,0.04985416666666667
1215,TencentARC/Mistral_Pro_8B_v0.1,TencentARC/Mistral_Pro_8B_v0.1,0.21145227995053123,0.22894188758768041,0.05664652567975831,0.1961251477541371,0.04026845637583895,0.11828645833333334
1216,TheDrummer/Cydonia-22B-v1.2,TheDrummer/Cydonia-22B-v1.2,0.5635114828654636,0.3993260406588619,0.1797583081570997,0.34895833333333337,0.10738255033557048,0.10505468750000001
1217,TheDrummer/Gemmasutra-9B-v1,TheDrummer/Gemmasutra-9B-v1 (Merge),0.24155130609006328,0.4120039631726062,0.08232628398791542,0.33833850472813237,0.0805369127516779,0.20940885416666663
1218,TheDrummer/Gemmasutra-Mini-2B-v1,TheDrummer/Gemmasutra-Mini-2B-v1,0.2548659778277193,0.0981033614467704,0.03172205438066465,0.1171690307328605,0.027964205816554788,0.011890624999999993
1219,TheDrummer/Llama-3SOME-8B-v2,TheDrummer/Llama-3SOME-8B-v2,0.45080497524346513,0.3169527340436814,0.0959214501510574,0.30592494089834515,0.06935123042505593,0.07208854166666664
1220,TheDrummer/Ministrations-8B-v1,TheDrummer/Ministrations-8B-v1,0.28219346888478125,0.2698563733629608,0.17598187311178248,0.29373522458628837,0.09955257270693513,0.14779947916666664
1221,TheDrummer/Rocinante-12B-v1,TheDrummer/Rocinante-12B-v1,0.6076499244227539,0.30025654065607255,0.06570996978851965,0.2752659574468085,0.05480984340044745,0.11281510416666665
1222,TheDrummer/Tiger-Gemma-9B-v1,TheDrummer/Tiger-Gemma-9B-v1,0.728150197032762,0.3722054605408783,0.0007552870090634441,0.34646498226950356,0.11856823266219241,0.10487500000000002
1223,TheDrummer/Tiger-Gemma-9B-v2,TheDrummer/Tiger-Gemma-9B-v2,0.6985997154217475,0.3546954056518246,0.0007552870090634441,0.3458185579196217,0.11968680089485462,0.09318749999999999
1224,TheDrummer/Tiger-Gemma-9B-v3,TheDrummer/Tiger-Gemma-9B-v3,0.6820635912711606,0.3883602273195975,0.0,0.33990839243498816,0.11856823266219241,0.077109375
1225,TheDrunkenSnail/Son-of-Rhodia,TheDrunkenSnail/Son-of-Rhodia (Merge),0.7046447869430889,0.30222057252119927,0.12160120845921449,0.28976433215130015,0.08389261744966443,0.12103124999999998
1226,TheHierophant/Underground-Cognitive-V0.3-test,TheHierophant/Underground-Cognitive-V0.3-test (Merge),0.48082975394176336,0.33665101982714996,0.006042296072507553,0.2575354609929078,0.06487695749440718,0.1455598958333333
1227,TheTsar1209/nemo-carpmuscle-v0.1,unsloth/Mistral-Nemo-Base-2407-bnb-4bit,0.2275639746982451,0.3003499578343409,0.04229607250755288,0.2673241725768321,0.06263982102908276,0.10220833333333337
1228,TheTsar1209/qwen-carpmuscle-r-v0.3,TheTsar1209/qwen-carpmuscle-r-v0.3 (Merge),0.4455090271590491,0.4637591354449345,0.2968277945619336,0.45589539007092195,0.13422818791946312,0.12003385416666669
1229,TheTsar1209/qwen-carpmuscle-v0.1,Qwen/Qwen2.5-14B,0.5621628390448454,0.4882559521217237,0.23111782477341392,0.46669991134751776,0.12527964205816552,0.10146354166666668
1230,TheTsar1209/qwen-carpmuscle-v0.2,Qwen/Qwen2.5-14B,0.5256929391791557,0.48182441433807094,0.2719033232628399,0.4607897458628841,0.14093959731543623,0.1275234375
1231,TheTsar1209/qwen-carpmuscle-v0.3,Qwen/Qwen2.5-14B,0.44763228234418007,0.455433921378403,0.2794561933534743,0.4512780732860521,0.14205816554809844,0.09781770833333335
1232,TheTsar1209/qwen-carpmuscle-v0.4,Qwen/Qwen2.5-14B,0.7202068289915203,0.49384955888655646,0.17371601208459214,0.46042036052009455,0.13646532438478745,0.15550520833333337
1233,Tijmen2/cosmosage-v3,meta-llama/Meta-Llama-3-8B,0.4482318027278731,0.22687105755012302,0.01812688821752266,0.1650967789598109,0.043624161073825496,0.10685677083333334
1234,TinyLlama/TinyLlama-1.1B-Chat-v0.1,TinyLlama/TinyLlama-1.1B-Chat-v0.1,0.1478543597654224,0.03363010673939338,0.0,0.01087839834515365,0.0,0.03904947916666667
1235,TinyLlama/TinyLlama-1.1B-Chat-v0.5,TinyLlama/TinyLlama-1.1B-Chat-v0.5,0.1633665341294432,0.03407690937569705,0.0007552870090634442,0.010693705673758856,0.0,0.035656250000000014
1236,TinyLlama/TinyLlama-1.1B-Chat-v0.6,TinyLlama/TinyLlama-1.1B-Chat-v0.6,0.15742119797692347,0.03390370709512531,0.0037764350453172208,0.016511524822695033,0.011185682326621947,0.022773437500000004
1237,TinyLlama/TinyLlama-1.1B-Chat-v1.0,TinyLlama/TinyLlama-1.1B-Chat-v1.0,0.05957636848007731,0.04013396848486799,0.00906344410876133,0.01124778368794326,0.0,0.04306770833333336
1238,TinyLlama/TinyLlama-1.1B-intermediate-step-1431k-3T,TinyLlama/TinyLlama-1.1B-intermediate-step-1431k-3T,0.22766371006706648,0.03547093389508079,0.008308157099697885,0.013371749408983452,0.0033557046979865533,0.021872395833333332
1239,TinyLlama/TinyLlama_v1.1,TinyLlama/TinyLlama_v1.1,0.20006139266036338,0.032103010497128145,0.006042296072507553,0.005429964539007081,0.0,0.03979427083333333
1240,Trappu/Magnum-Picaro-0.7-v2-12b,Trappu/Magnum-Picaro-0.7-v2-12b (Merge),0.3002788157643941,0.3574623319855443,0.0513595166163142,0.28671690307328607,0.09731543624161071,0.19556510416666664
1241,Trappu/Nemo-Picaro-12B,royallab/MN-LooseCannon-12B-v2 (Merge),0.2577139766929525,0.359731352844479,0.08232628398791542,0.2893949468085106,0.10290827740492169,0.1874088541666666
1242,Tremontaine/L3-12B-Lunaris-v1,Tremontaine/L3-12B-Lunaris-v1 (Merge),0.6909311737301471,0.321807456461844,0.08912386706948641,0.3083259456264775,0.07941834451901568,0.040539062500000014
1243,Tsunami-th/Tsunami-0.5-7B-Instruct,Tsunami-th/Tsunami-0.5-7B-Instruct (Merge),0.7400153814102137,0.3613825418700338,0.0015105740181268882,0.3792479314420804,0.07829977628635347,0.12214843750000001
1244,Tsunami-th/Tsunami-0.5x-7B-Instruct,Tsunami-th/Tsunami-0.5x-7B-Instruct (Merge),0.7099152470999173,0.3736306059795168,0.04984894259818731,0.38423463356973997,0.08612975391498878,0.18567968749999994
1245,Tsunami-th/Tsunami-1.0-14B-Instruct,Tsunami-th/Tsunami-1.0-14B-Instruct (Merge),0.7829049145157072,0.49150255113097735,0.0,0.47205599881796695,0.14205816554809844,0.16342187499999997
1246,Tsunami-th/Tsunami-1.0-7B-Instruct,Tsunami-th/Tsunami-1.0-7B-Instruct (Merge),0.7308729726015861,0.3585724274977317,0.014350453172205437,0.38044843380614657,0.08389261744966443,0.15760156249999996
1247,UCLA-AGI/Gemma-2-9B-It-SPPO-Iter1,UCLA-AGI/Gemma-2-9B-It-SPPO-Iter1,0.308221075634871,0.4180922962006354,0.0,0.32300901300236406,0.11521252796420578,0.10075520833333335
1248,UCLA-AGI/Gemma-2-9B-It-SPPO-Iter2,UCLA-AGI/Gemma-2-9B-It-SPPO-Iter2,0.3100196367859502,0.42169833801745815,0.0,0.31885342789598103,0.11297539149888143,0.10942187500000003
1249,UCLA-AGI/Gemma-2-9B-It-SPPO-Iter3,UCLA-AGI/Gemma-2-9B-It-SPPO-Iter3,0.31671409637539505,0.4253675224107426,0.0,0.31395907210401885,0.11856823266219241,0.11342187500000002
1250,UCLA-AGI/Llama-3-Instruct-8B-SPPO-Iter1,UCLA-AGI/Llama-3-Instruct-8B-SPPO-Iter1,0.7298988904994304,0.29489353188071965,0.10725075528700906,0.3012152777777778,0.02348993288590602,0.02165624999999999
1251,UCLA-AGI/Llama-3-Instruct-8B-SPPO-Iter2,UCLA-AGI/Llama-3-Instruct-8B-SPPO-Iter2,0.6988745417713887,0.2986944932809155,0.09667673716012085,0.29909131205673756,0.02237136465324381,0.01995052083333335
1252,UCLA-AGI/Llama-3-Instruct-8B-SPPO-Iter3,UCLA-AGI/Llama-3-Instruct-8B-SPPO-Iter3,0.6834122350917786,0.29739683580440696,0.08308157099697885,0.2938275709219858,0.020134228187919476,0.030911458333333326
1253,UCLA-AGI/Mistral7B-PairRM-SPPO,UCLA-AGI/Mistral7B-PairRM-SPPO,0.43549227161708715,0.22084656478561812,0.025679758308157104,0.18005688534278957,0.04138702460850116,0.07793229166666667
1254,UCLA-AGI/Mistral7B-PairRM-SPPO-Iter1,UCLA-AGI/Mistral7B-PairRM-SPPO-Iter1,0.5047352136774869,0.2293229237099634,0.022658610271903322,0.18836805555555552,0.044742729306487705,0.0829713541666667
1255,UCLA-AGI/Mistral7B-PairRM-SPPO-Iter2,UCLA-AGI/Mistral7B-PairRM-SPPO-Iter2,0.4445848127413042,0.22479924250197836,0.01661631419939577,0.18633643617021278,0.05145413870246088,0.09801041666666668
1256,UCLA-AGI/Mistral7B-PairRM-SPPO-Iter3,UCLA-AGI/Mistral7B-PairRM-SPPO-Iter3,0.43506784221421385,0.21817495985928634,0.018882175226586105,0.18421247044917258,0.03355704697986576,0.0948932291666667
1257,UKzExecution/LlamaExecutor-8B-3.0.5,UKzExecution/LlamaExecutor-8B-3.0.5 (Merge),0.740290207759855,0.2841381524085358,0.09894259818731119,0.29170360520094557,0.007829977628635318,0.04653906250000001
1258,Unbabel/TowerInstruct-Mistral-7B-v0.2,Unbabel/TowerInstruct-Mistral-7B-v0.2,0.2843422119975,0.14224326422972675,0.015861027190332326,0.10756501182033099,0.0,0.15961979166666668
1259,Undi95/MG-FinalMix-72B,Undi95/MG-FinalMix-72B (Merge),0.8013648231137824,0.5750241170628198,0.36102719033232633,0.49191046099290775,0.18008948545861295,0.21217187499999998
1260,VAGOsolutions/Llama-3-SauerkrautLM-70b-Instruct,VAGOsolutions/Llama-3-SauerkrautLM-70b-Instruct,0.8044621604010692,0.5202957975911792,0.2379154078549849,0.488031914893617,0.10402684563758392,0.13542187500000002
1261,VAGOsolutions/Llama-3-SauerkrautLM-8b-Instruct,VAGOsolutions/Llama-3-SauerkrautLM-8b-Instruct,0.7445367181301171,0.28049242452059703,0.06646525679758308,0.3174682328605201,0.07829977628635347,0.11279687499999999
1262,VAGOsolutions/Llama-3.1-SauerkrautLM-70b-Instruct,VAGOsolutions/Llama-3.1-SauerkrautLM-70b-Instruct,0.8656365111238182,0.5724162100868164,0.324773413897281,0.4816600177304965,0.12192393736017897,0.1938541666666666
1263,VAGOsolutions/Llama-3.1-SauerkrautLM-8b-Instruct,VAGOsolutions/Llama-3.1-SauerkrautLM-8b-Instruct,0.801739384832245,0.30999360665356374,0.11933534743202417,0.321162086288416,0.05369127516778524,0.11516927083333331
1264,VAGOsolutions/SauerkrautLM-1.5b,VAGOsolutions/SauerkrautLM-1.5b,0.24040324117785253,0.1341951842491528,0.027190332326283994,0.12788120567375885,0.027964205816554788,0.04971614583333335
1265,VAGOsolutions/SauerkrautLM-7b-HerO,VAGOsolutions/SauerkrautLM-7b-HerO,0.5346103893225531,0.27991873536830214,0.040785498489425975,0.22733820921985815,0.030201342281879207,0.06881510416666668
1266,VAGOsolutions/SauerkrautLM-7b-LaserChat,VAGOsolutions/SauerkrautLM-7b-LaserChat,0.5987823419637673,0.22992080116474678,0.07703927492447131,0.2560579196217494,0.06711409395973152,0.09916927083333332
1267,VAGOsolutions/SauerkrautLM-Gemma-2b,VAGOsolutions/SauerkrautLM-Gemma-2b,0.2475221301701707,0.09133870459903902,0.02190332326283988,0.05206486406619384,0.008948545861297527,0.03514583333333334
1268,VAGOsolutions/SauerkrautLM-Gemma-7b,VAGOsolutions/SauerkrautLM-Gemma-7b,0.3406705319662939,0.18492651800030926,0.05513595166163143,0.21791888297872342,0.04809843400447425,0.029283854166666675
1269,VAGOsolutions/SauerkrautLM-Mixtral-8x7B-Instruct,VAGOsolutions/SauerkrautLM-Mixtral-8x7B-Instruct,0.5601891869129465,0.3394516253986293,0.09743202416918431,0.2944739952718675,0.06375838926174497,0.11318750000000001
1270,VAGOsolutions/SauerkrautLM-Nemo-12b-Instruct,VAGOsolutions/SauerkrautLM-Nemo-12b-Instruct,0.6112969144093229,0.3234378307249567,0.09516616314199396,0.26501551418439717,0.07941834451901568,0.17161979166666666
1271,VAGOsolutions/SauerkrautLM-Phi-3-medium,VAGOsolutions/SauerkrautLM-Phi-3-medium,0.4408879550703245,0.49630350331717615,0.15483383685800606,0.4072288711583924,0.11297539149888143,0.2069583333333333
1272,VAGOsolutions/SauerkrautLM-SOLAR-Instruct,VAGOsolutions/SauerkrautLM-SOLAR-Instruct,0.49172085621705963,0.31838919738784016,0.0,0.24257535460992904,0.0738255033557047,0.08334374999999997
1273,VAGOsolutions/SauerkrautLM-gemma-2-2b-it,VAGOsolutions/SauerkrautLM-gemma-2-2b-it,0.13206625088099574,0.18914195373183343,0.0007552870090634442,0.18809101654846339,0.030201342281879207,0.08765624999999998
1274,VAGOsolutions/SauerkrautLM-gemma-2-9b-it,VAGOsolutions/SauerkrautLM-gemma-2-9b-it,0.30240096277876033,0.43249988966600456,0.00528700906344411,0.3434175531914893,0.10290827740492169,0.12344531250000002
1275,VAGOsolutions/SauerkrautLM-v2-14b-DPO,VAGOsolutions/SauerkrautLM-v2-14b-DPO (Merge),0.7411645544931892,0.5092613155208554,0.27341389728096677,0.4574652777777778,0.09284116331096197,0.13783593750000003
1276,VAGOsolutions/SauerkrautLM-v2-14b-SFT,VAGOsolutions/SauerkrautLM-v2-14b-SFT (Merge),0.6963767248677953,0.45824351326219603,0.29229607250755285,0.46725398936170215,0.11409395973154364,0.11067708333333336
1277,VIRNECT/llama-3-Korean-8B,VIRNECT/llama-3-Korean-8B,0.5021376614050719,0.27564318704783014,0.10649546827794562,0.28182254728132394,0.027964205816554788,0.03032291666666666
1278,VIRNECT/llama-3-Korean-8B-r-v-0.1,MLP-KTLim/llama-3-Korean-Bllossom-8B (Merge),0.4915712531638276,0.258849543311167,0.08157099697885198,0.2510712174940898,0.0,0.0373619791666667
1279,ValiantLabs/Llama3-70B-Fireplace,ValiantLabs/Llama3-70B-Fireplace,0.7773596280092377,0.4955653001638277,0.21601208459214502,0.4325317671394799,0.13982102908277402,0.167734375
1280,ValiantLabs/Llama3-70B-ShiningValiant2,ValiantLabs/Llama3-70B-ShiningValiant2,0.612171261142657,0.4671026104076922,0.08006042296072508,0.4330858451536643,0.10738255033557048,0.1363828125
1281,ValiantLabs/Llama3.1-70B-ShiningValiant2,meta-llama/Meta-Llama-3.1-70B,0.5355346037402979,0.523909685185231,0.2719033232628399,0.4636524822695035,0.1901565995525727,0.184796875
1282,ValiantLabs/Llama3.1-8B-Cobalt,meta-llama/Meta-Llama-3.1-8B,0.3496134700372789,0.2741777700049443,0.1253776435045317,0.2938275709219858,0.07158836689038028,0.09826822916666669
1283,ValiantLabs/Llama3.1-8B-Enigma,meta-llama/Meta-Llama-3.1-8B,0.26805542626896633,0.22012915076928266,0.08761329305135952,0.26769355791962174,0.05033557046979867,0.102171875
1284,ValiantLabs/Llama3.1-8B-Esper2,meta-llama/Meta-Llama-3.1-8B,0.2567398945907968,0.22195685067925833,0.05287009063444109,0.2115469858156028,0.030201342281879207,0.05709114583333332
1285,ValiantLabs/Llama3.1-8B-Fireplace2,meta-llama/Meta-Llama-3.1-8B,0.5328118281714739,0.24089953790013477,0.06646525679758308,0.1581708037825059,0.05257270693512303,0.04216666666666668
1286,ValiantLabs/Llama3.1-8B-ShiningValiant2,meta-llama/Meta-Llama-3.1-8B,0.26780608784691284,0.21618149642278947,0.052114803625377654,0.21413268321513002,0.06935123042505593,0.10789583333333332
1287,ValiantLabs/Llama3.2-3B-Enigma,meta-llama/Llama-3.2-3B-Instruct,0.2786218345102107,0.12434025970150066,0.04078549848942599,0.1586325354609929,0.015659955257270708,0.08050260416666669
1288,ValiantLabs/Llama3.2-3B-Esper2,meta-llama/Llama-3.2-3B-Instruct,0.2749748445236417,0.13851732907913406,0.02341389728096677,0.139701536643026,0.026845637583892648,0.04036458333333333
1289,ValiantLabs/Llama3.2-3B-ShiningValiant2,meta-llama/Llama-3.2-3B-Instruct,0.2625101397624968,0.1891270878300154,0.07175226586102719,0.20323581560283685,0.04026845637583895,0.08597395833333335
1290,Vikhrmodels/Vikhr-Llama3.1-8B-Instruct-R-21-09-24,Vikhrmodels/Vikhr-Llama3.1-8B-Instruct-R-21-09-24 (Merge),0.643145742186288,0.3266941729424733,0.1865558912386707,0.28302304964539005,0.0,0.050911458333333375
1291,Vikhrmodels/Vikhr-Nemo-12B-Instruct-R-21-09-24,Vikhrmodels/Vikhr-Nemo-12B-Instruct-R-21-09-24 (Merge),0.5999315150467427,0.31414409113376307,0.13444108761329307,0.26640070921985815,0.05480984340044745,0.09446093750000001
1292,Weyaxi/Bagel-Hermes-2x34B,Weyaxi/Bagel-Hermes-2x34B,0.5431532777474878,0.2740903144542876,0.052114803625377654,0.39873300827423164,0.10402684563758392,0.15625000000000003
1293,Weyaxi/Bagel-Hermes-34B-Slerp,Weyaxi/Bagel-Hermes-34B-Slerp,0.4602720780861448,0.4195704748055785,0.0581570996978852,0.41147680260047276,0.11297539149888143,0.17009375000000002
1294,Weyaxi/Einstein-v4-7B,mistralai/Mistral-7B-v0.1,0.47081299839980145,0.1430445141720726,0.01963746223564955,0.1398862293144208,0.04250559284116329,0.1902083333333333
1295,Weyaxi/Einstein-v6.1-Llama3-8B,meta-llama/Meta-Llama-3-8B,0.45682455883721856,0.2938377348658535,0.0649546827794562,0.23675753546099287,0.04250559284116329,0.1122682291666667
1296,Weyaxi/Einstein-v6.1-developed-by-Weyaxi-Llama3-8B,Weyaxi/Einstein-v6.1-developed-by-Weyaxi-Llama3-8B,0.3927024738804151,0.29694447476985053,0.0649546827794562,0.23250960401891252,0.031319910514541416,0.1338958333333333
1297,Weyaxi/Einstein-v7-Qwen2-7B,Qwen/Qwen2-7B,0.4099633417111043,0.3284181889691276,0.1654078549848943,0.3439716312056737,0.06599552572706939,0.140640625
1298,Weyaxi/Einstein-v8-Llama3.2-1B,meta-llama/Llama-3.2-1B,0.18622255615101263,0.030137741782829335,0.0,0.017896719858156024,0.011185682326621947,0.03222656249999999
1299,Weyaxi/SauerkrautLM-UNA-SOLAR-Instruct,Weyaxi/SauerkrautLM-UNA-SOLAR-Instruct,0.4573243438520902,0.3182468678354313,0.0,0.2392508865248227,0.08165548098434001,0.08601041666666662
1300,WizardLMTeam/WizardLM-13B-V1.0,WizardLMTeam/WizardLM-13B-V1.0,0.18504900331121427,0.02147966883446335,0.0,0.018450797872340413,0.01230425055928408,0.03548177083333333
1301,WizardLMTeam/WizardLM-13B-V1.2,WizardLMTeam/WizardLM-13B-V1.2,0.3392465325336773,0.2288865497804447,0.01812688821752266,0.1687906323877068,0.014541387024608499,0.14030468750000002
1302,WizardLMTeam/WizardLM-70B-V1.0,WizardLMTeam/WizardLM-70B-V1.0,0.49514288753839814,0.3754335453368136,0.037009063444108765,0.2718491430260047,0.021252796420581685,0.1408932291666667
1303,Xclbr7/Arcanum-12b,Xclbr7/Arcanum-12b,0.2906864896253053,0.31879959562746524,0.11555891238670694,0.28736332742316784,0.09395973154362418,0.13528906249999997
1304,Xclbr7/Hyena-12b,Xclbr7/Arcanum-12b,0.34044557330106345,0.3466564863765603,0.09365558912386708,0.27101802600472813,0.06375838926174497,0.11070052083333329
1305,Xclbr7/caliburn-12b,Xclbr7/caliburn-12b,0.3576310855197542,0.35636840567563316,0.10422960725075528,0.29724438534278963,0.11521252796420578,0.13781770833333332
1306,Xclbr7/caliburn-v2-12b,Xclbr7/caliburn-v2-12b,0.2966816934622358,0.30387966946397216,0.10422960725075528,0.309341755319149,0.1017897091722595,0.1412890625
1307,Xkev/Llama-3.2V-11B-cot,Xkev/Llama-3.2V-11B-cot (Merge),0.41580894249480266,0.28246761553003435,0.15332326283987915,0.28745567375886527,0.06040268456375841,0.10381770833333338
1308,Yash21/TinyYi-7B-Test,Yash21/TinyYi-7B-Test,0.1856485236949073,0.02267966388832264,0.0,0.010139627659574466,0.019015659955257263,0.03222656249999999
1309,Youlln/1PARAMMYL-8B-ModelStock,Youlln/1PARAMMYL-8B-ModelStock (Merge),0.5371336941537342,0.317999511933277,0.14728096676737162,0.33335180260047276,0.09843400447427292,0.14283854166666662
1310,Youlln/2PRYMMAL-Yi1.5-6B-SLERP,Youlln/2PRYMMAL-Yi1.5-6B-SLERP (Merge),0.28259351853083153,0.24495644420709067,0.11253776435045318,0.24109781323877066,0.07606263982102905,0.18150520833333336
1311,Youlln/3PRYMMAL-PHI3-3B-SLERP,Youlln/3PRYMMAL-PHI3-3B-SLERP (Merge),0.3655500738041729,0.3582766762143187,0.1540785498489426,0.3335364952718675,0.1017897091722595,0.1777213541666666
1312,Youlln/4PRYMMAL-GEMMA2-9B-SLERP,Youlln/4PRYMMAL-GEMMA2-9B-SLERP (Merge),0.2713766140507188,0.42064171912395665,0.08232628398791542,0.35662307919621744,0.10738255033557048,0.1746640625
1313,Youlln/ECE-PRYMMAL-0.5B-FT-V3,Youlln/ECE-PRYMMAL-0.5B-FT-V3 (Merge),0.16419101317836673,0.036168825108366214,0.0,0.017896719858156024,0.010067114093959738,0.03222656249999999
1314,Youlln/ECE-PRYMMAL-0.5B-FT-V3-MUSR,Youlln/ECE-PRYMMAL-0.5B-FT-V3-MUSR (Merge),0.15334977858748122,0.05062185886531173,0.024924471299093656,0.07164228723404253,0.0,0.03253906250000001
1315,Youlln/ECE-PRYMMAL-0.5B-FT-V4-MUSR,Youlln/ECE-PRYMMAL-0.5B-FT-V4-MUSR (Merge),0.11375705350691721,0.04949091743380625,0.011329305135951661,0.03571956264775414,0.026845637583892648,0.0147734375
1316,Youlln/ECE-PRYMMAL-0.5B-SLERP-V2,Youlln/ECE-PRYMMAL-0.5B-SLERP-V2 (Merge),0.16119341125990153,0.019175609031491386,0.0,0.010509013002364058,0.03243847874720355,0.05355989583333333
1317,Youlln/ECE-PRYMMAL-0.5B-SLERP-V3,Youlln/ECE-PRYMMAL-0.5B-SLERP-V3,0.16701352411601217,0.02319604893286366,0.0,0.009677895981087458,0.0022371364653244186,0.017656250000000016
1318,Youlln/ECE-PRYMMAL-YL-1B-SLERP-V1,Youlln/ECE-PRYMMAL-YL-1B-SLERP-V1,0.32510848991786234,0.18279511446207952,0.09063444108761329,0.215056146572104,0.05480984340044745,0.11589583333333332
1319,Youlln/ECE-PRYMMAL-YL-1B-SLERP-V2,Youlln/ECE-PRYMMAL-YL-1B-SLERP-V2,0.32510848991786234,0.18279511446207952,0.09063444108761329,0.215056146572104,0.05480984340044745,0.11589583333333332
1320,Youlln/ECE-PRYMMAL-YL-7B-SLERP-V4,Youlln/ECE-PRYMMAL-YL-7B-SLERP-V4,0.2509696494190969,0.13157437333845115,0.02643504531722054,0.12575723995271867,0.020134228187919476,0.07011197916666666
1321,Youlln/ECE-PRYMMAL0.5-FT,Youlln/ECE-PRYMMAL0.5-FT (Merge),0.18507338306803725,0.05151599849335524,0.0,0.05298832742316785,0.007829977628635318,0.014322916666666661
1322,Youlln/ECE-PRYMMAL0.5B-Youri,Youlln/ECE-PRYMMAL0.5B-Youri (Merge),0.1446317991817267,0.015012962555992377,0.0,0.010601359338061455,0.0,0.04007031250000002
1323,Youlln/ECE-PRYMMAL1B-FT-V1,Youlln/ECE-PRYMMAL1B-FT-V1 (Merge),0.2143745262569981,0.1618938601764277,0.06873111782477342,0.1936317966903073,0.038031319910514526,0.03873697916666666
1324,Youlln/ECE-Qwen0.5B-FT-V2,Youlln/ECE-Qwen0.5B-FT-V2 (Merge),0.2525931195893562,0.07632147610946965,0.015105740181268883,0.07395094562647753,0.02237136465324381,0.008851562499999998
1325,Youlln/ECE.EIFFEIL.ia-0.5B-SLERP,Youlln/ECE.EIFFEIL.ia-0.5B-SLERP (Merge),0.25614037420710384,0.08405356119616796,0.05287009063444109,0.10036199763593379,0.020134228187919476,0.009440104166666663
1326,YoungPanda/qwenqwen,Removed,0.12639684924888184,0.08194779944827593,0.015105740181268883,0.018635490543735225,0.0,0.024539062499999997
1327,Yuma42/KangalKhan-RawRuby-7B,Yuma42/KangalKhan-RawRuby-7B (Merge),0.547674614467391,0.26387283588738625,0.0634441087613293,0.22475251182033096,0.05033557046979867,0.07636458333333337
1328,ZeroXClem/L3-Aspire-Heart-Matrix-8B,ZeroXClem/L3-Aspire-Heart-Matrix-8B (Merge),0.4833530587729446,0.3430754710829408,0.17900302114803626,0.3094341016548463,0.09955257270693513,0.13071875
1329,ZeroXClem/Qwen-2.5-Aether-SlerpFusion-7B,ZeroXClem/Qwen-2.5-Aether-SlerpFusion-7B (Merge),0.6261597007052399,0.36011209099188735,0.24169184290030213,0.3696439125295508,0.06487695749440718,0.1128932291666667
1330,ZeroXClem/Qwen2.5-7B-HomerAnvita-NerdMix,ZeroXClem/Qwen2.5-7B-HomerAnvita-NerdMix (Merge),0.7707649037886142,0.36579205629985445,0.29531722054380666,0.3812795508274231,0.09284116331096197,0.14414843750000003
1331,ZeroXClem/Qwen2.5-7B-HomerCreative-Mix,ZeroXClem/Qwen2.5-7B-HomerCreative-Mix (Merge),0.7835044348994004,0.36770722382251597,0.32326283987915405,0.3830341312056737,0.06599552572706939,0.1376979166666667
1332,ZeroXClem/Qwen2.5-7B-Qandora-CySec,ZeroXClem/Qwen2.5-7B-Qandora-CySec (Merge),0.6773172958860268,0.3626489816589785,0.22885196374622357,0.3871897163120567,0.06711409395973152,0.13408854166666662
1333,ZeusLabs/L3-Aethora-15B-V2,ZeusLabs/L3-Aethora-15B-V2 (Merge),0.7208063493752133,0.289685046953127,0.07930513595166164,0.2777593085106383,0.05033557046979867,0.06252083333333334
1334,ZhangShenao/SELM-Llama-3-8B-Instruct-iter-3,meta-llama/Meta-Llama-3-8B-Instruct,0.6902817856620433,0.2907853088402274,0.06268882175226585,0.3092494089834515,0.011185682326621947,0.05497135416666667
1335,aaditya/Llama3-OpenBioLLM-70B,meta-llama/Meta-Llama-3-70B,0.7596743307756753,0.47147074677167916,0.19864048338368578,0.4296690307328605,0.09731543624161071,0.14348177083333336
1336,abacusai/Dracarys-72B-Instruct,abacusai/Dracarys-72B-Instruct,0.7855778224001206,0.5693552010003367,0.35649546827794565,0.4951425827423168,0.18791946308724836,0.16811197916666662
1337,abacusai/Liberated-Qwen1.5-14B,abacusai/Liberated-Qwen1.5-14B,0.36310212458499,0.28020905999685464,0.12160120845921452,0.2791445035460993,0.044742729306487705,0.10316927083333333
1338,abacusai/Llama-3-Smaug-8B,abacusai/Llama-3-Smaug-8B,0.48667535472546175,0.2788037418941594,0.07930513595166162,0.2427600472813239,0.0,0.05047916666666663
1339,abacusai/Smaug-34B-v0.1,jondurbin/bagel-34b-v0.2,0.5015625207782018,0.34261660667279953,0.0,0.39365395981087464,0.10626398210290827,0.08134375000000003
1340,abacusai/Smaug-72B-v0.1,moreh/MoMo-72B-lora-1.8.7-DPO,0.5167001334237601,0.4312510043134919,0.18126888217522658,0.40261155437352236,0.09843400447427292,0.14415364583333334
1341,abacusai/Smaug-Llama-3-70B-Instruct-32K,abacusai/Smaug-Llama-3-70B-Instruct-32K,0.7761107195574409,0.4907037043446443,0.23036253776435045,0.4183104314420804,0.06152125279642054,0.12432291666666663
1342,abacusai/Smaug-Mixtral-v0.1,abacusai/Smaug-Mixtral-v0.1,0.5554428915278129,0.31919260543426764,0.0,0.2613216607565012,0.06823266219239373,0.1299322916666667
1343,abacusai/Smaug-Qwen2-72B-Instruct,abacusai/Smaug-Qwen2-72B-Instruct,0.7825303527972446,0.5626617189727525,0.37462235649546827,0.465591755319149,0.14876957494407161,0.15175781249999998
1344,abacusai/bigstral-12b-32k,abacusai/bigstral-12b-32k (Merge),0.41938057686937324,0.255569024540723,0.011329305135951661,0.1823655437352246,0.057046979865771785,0.158640625
1345,abacusai/bigyi-15b,abacusai/bigyi-15b (Merge),0.20940327220663396,0.1994022305425607,0.024924471299093656,0.2225361997635934,0.07941834451901568,0.04289322916666667
1346,abhishek/autotrain-0tmgq-5tpbg,HuggingFaceTB/SmolLM2-135M-Instruct (Merge),0.19516549422199767,0.04419022545347729,0.0,0.01595744680851063,0.01230425055928408,0.02263541666666667
1347,abhishek/autotrain-llama3-70b-orpo-v1,abhishek/autotrain-llama3-70b-orpo-v1,0.42330239320558344,0.4156536227340845,0.004531722054380665,0.013556442080378246,0.0,0.025716145833333325
1348,abhishek/autotrain-llama3-70b-orpo-v2,abhishek/autotrain-llama3-70b-orpo-v2,0.5406055931594835,0.39882198829796456,0.20694864048338368,0.424220596926714,0.058165548098433995,0.09950000000000003
1349,abhishek/autotrain-llama3-orpo-v2,abhishek/autotrain-llama3-orpo-v2,0.4371656094717572,0.043801339950675165,0.046072507552870096,0.13536125886524822,0.02237136465324381,0.05104947916666667
1350,abhishek/autotrain-vr4a1-e5mms,meta-llama/Meta-Llama-3.1-8B,0.214224923203766,0.2845661724854773,0.13821752265861026,0.2963209219858156,0.09284116331096197,0.09040625000000001
1351,abideen/MedPhi-4-14B-v1,abideen/MedPhi-4-14B-v1,0.6276834355066778,0.5557896973123448,0.24546827794561935,0.482029403073286,0.12527964205816552,0.10832291666666669
1352,adamo1139/Yi-34B-200K-AEZAKMI-v2,adamo1139/Yi-34B-200K-AEZAKMI-v2,0.4555257827010111,0.35276424955781205,0.05438066465256799,0.39032949172576836,0.1096196868008949,0.06475520833333334
1353,adriszmar/QAIMath-Qwen2.5-7B-TIES,adriszmar/QAIMath-Qwen2.5-7B-TIES,0.16853725891745014,0.05019151283406914,0.0,0.007369237588652473,0.0,0.07169791666666668
1354,agentlans/Llama-3.2-1B-Instruct-CrashCourse12K,agentlans/Llama-3.2-1B-Instruct-CrashCourse12K,0.5395062877609188,0.09387917708519003,0.06570996978851963,0.08992686170212766,0.0,0.011968750000000005
1355,agentlans/Llama3.1-8B-drill,agentlans/Llama3.1-8B-drill (Merge),0.7651697495977339,0.28791683075355134,0.16540785498489427,0.30841829196217496,0.02348993288590602,0.04704947916666668
1356,agentlans/Qwen2.5-0.5B-Instruct-CrashCourse-dropout,agentlans/Qwen2.5-0.5B-Instruct-CrashCourse-dropout (Merge),0.2948831323111566,0.07227868281254662,0.0007552870090634441,0.06757904846335695,0.017897091722595054,0.011067708333333329
1357,ahmeda335/13_outOf_32_pruned_layers_llama3.1-8b,ahmeda335/13_outOf_32_pruned_layers_llama3.1-8b (Merge),0.17480728910402177,0.016778452402411426,0.0,0.014295212765957445,0.01230425055928408,0.046070312499999995
1358,ai21labs/Jamba-v0.1,ai21labs/Jamba-v0.1,0.20255920956395698,0.10722058918870277,0.011329305135951661,0.1657432033096927,0.02460850111856823,0.03710937499999999
1359,aixonlab/Aether-12b,Xclbr7/Arcanum-12b,0.23468286369056326,0.30551138311303117,0.09667673716012086,0.2677859042553191,0.0883668903803132,0.07991406250000002
1360,aixonlab/Grey-12b,Xclbr7/Arcanum-12b,0.396799381197445,0.38746043454917556,0.09365558912386707,0.3087876773049646,0.06711409395973152,0.16254427083333328
1361,akjindal53244/Llama-3.1-Storm-8B,akjindal53244/Llama-3.1-Storm-8B,0.8050616807847623,0.31494363445102697,0.16616314199395765,0.31146572104018905,0.1017897091722595,0.09116927083333329
1362,alcholjung/llama3_medical_tuned,alcholjung/llama3_medical_tuned,0.010566408241244343,0.23265089024969496,0.0022658610271903325,0.21625664893617016,0.04809843400447425,0.16852604166666665
1363,allenai/Llama-3.1-Tulu-3-70B,allenai/Llama-3.1-Tulu-3-70B (Merge),0.8379344583482937,0.45259480995204965,0.38293051359516617,0.406213061465721,0.1644295302013422,0.24316927083333337
1364,allenai/Llama-3.1-Tulu-3-70B-DPO,allenai/Llama-3.1-Tulu-3-70B-DPO (Merge),0.8281925291559727,0.45047180919508434,0.3882175226586103,0.4036273640661938,0.16778523489932887,0.2339921875
1365,allenai/Llama-3.1-Tulu-3-70B-SFT,allenai/Llama-3.1-Tulu-3-70B-SFT (Merge),0.8050616807847623,0.4202398394906459,0.3240181268882175,0.40270390070921985,0.12639821029082773,0.24493489583333333
1366,allenai/Llama-3.1-Tulu-3-8B,allenai/Llama-3.1-Tulu-3-8B (Merge),0.8254697535871487,0.16858052069402785,0.18882175226586104,0.20231235224586286,0.06263982102908276,0.10516927083333336
1367,allenai/Llama-3.1-Tulu-3-8B-DPO,allenai/Llama-3.1-Tulu-3-8B-DPO (Merge),0.8029384255996311,0.1742601622698448,0.18580060422960729,0.210900561465721,0.058165548098433995,0.10516927083333336
1368,allenai/Llama-3.1-Tulu-3-8B-RM,allenai/Llama-3.1-Tulu-3-8B-RM (Merge),0.16701352411601217,0.026496699813735508,0.0,0.009123817966903069,0.008948545861297527,0.04252083333333335
1369,allenai/Llama-3.1-Tulu-3-8B-SFT,allenai/Llama-3.1-Tulu-3-8B-SFT (Merge),0.7403400754442657,0.13931208168262557,0.11404833836858005,0.2012965425531915,0.03691275167785232,0.12013020833333334
1370,allenai/OLMo-1B-hf,allenai/OLMo-1B-hf,0.21819660722438683,0.03196546312430317,0.0075528700906344415,0.01928191489361701,0.015659955257270708,0.09555989583333334
1371,allenai/OLMo-2-1124-7B-Instruct,allenai/OLMo-2-1124-7B-Instruct (Merge),0.7244034716773716,0.16326772949551835,0.06117824773413897,0.18578235815602834,0.038031319910514526,0.04687499999999999
1372,allenai/OLMo-7B-Instruct-hf,allenai/OLMo-7B-Instruct-hf,0.3472652561869174,0.13159933415267033,0.008308157099697885,0.08724881796690305,0.027964205816554788,0.043265624999999995
1373,allenai/OLMo-7B-hf,allenai/OLMo-7B-hf,0.2719273749207658,0.057619870410808315,0.0067975830815709985,0.019189568557919614,0.030201342281879207,0.020833333333333325
1374,allenai/OLMoE-1B-7B-0924,allenai/OLMoE-1B-7B-0924,0.21847143357402804,0.08308106894895778,0.011329305135951661,0.08216976950354608,0.0,0.035656250000000014
1375,allenai/OLMoE-1B-7B-0924-Instruct,allenai/OLMoE-1B-7B-0924,0.46521784420892126,0.14571562821337194,0.0,0.09731456855791962,0.02348993288590602,0.0606953125
1376,allknowingroger/Chocolatine-24B,allknowingroger/Chocolatine-24B (Merge),0.19581488229010138,0.4578594021531884,0.0,0.3962396572104019,0.10067114093959727,0.12940364583333333
1377,allknowingroger/Gemma2Slerp1-2.6B,allknowingroger/Gemma2Slerp1-2.6B (Merge),0.5354348683714766,0.19770254818005953,0.10196374622356495,0.18762928486997635,0.044742729306487705,0.16820833333333338
1378,allknowingroger/Gemma2Slerp1-27B,allknowingroger/Gemma2Slerp1-27B (Merge),0.7186332265056717,0.4837766577055401,0.24924471299093656,0.38404994089834515,0.15212527964205816,0.1935651041666666
1379,allknowingroger/Gemma2Slerp2-2.6B,allknowingroger/Gemma2Slerp2-2.6B (Merge),0.5747272791748117,0.19719838751468483,0.08987915407854985,0.18846040189125293,0.0738255033557047,0.15279687500000003
1380,allknowingroger/Gemma2Slerp2-27B,allknowingroger/Gemma2Slerp2-27B (Merge),0.7545534736720789,0.5109023389049588,0.24320241691842898,0.40251920803782504,0.15995525727069348,0.16927083333333331
1381,allknowingroger/Gemma2Slerp3-27B,allknowingroger/Gemma2Slerp3-27B (Merge),0.7426384216102164,0.4995152147746908,0.25226586102719034,0.40455082742316784,0.13982102908277402,0.19119270833333327
1382,allknowingroger/Gemma2Slerp4-27B,allknowingroger/Gemma2Slerp4-27B (Merge),0.7496575752337131,0.5077376164739926,0.22885196374622357,0.40547429078014185,0.15548098434004473,0.1517994791666667
1383,allknowingroger/GemmaSlerp-9B,allknowingroger/GemmaSlerp-9B (Merge),0.704320092909037,0.41556031529840864,0.07628398791540786,0.3511746453900709,0.12527964205816552,0.17882031249999994
1384,allknowingroger/GemmaSlerp2-9B,allknowingroger/GemmaSlerp2-9B (Merge),0.7281003293483513,0.42541032642532,0.16540785498489427,0.35985520094562645,0.13646532438478745,0.19489843749999994
1385,allknowingroger/GemmaSlerp4-10B,allknowingroger/GemmaSlerp4-10B (Merge),0.7326216660682544,0.4332865843020681,0.17447129909365558,0.36114804964539005,0.13758389261744966,0.15482031250000003
1386,allknowingroger/GemmaSlerp5-10B,allknowingroger/GemmaSlerp5-10B (Merge),0.7353444416370786,0.4353846364760333,0.19788519637462232,0.36982860520094557,0.13646532438478745,0.16764322916666669
1387,allknowingroger/GemmaStock1-27B,allknowingroger/GemmaStock1-27B (Merge),0.75090648368551,0.509901358512802,0.2590634441087613,0.4144318853427896,0.15212527964205816,0.15985937499999997
1388,allknowingroger/HomerSlerp1-7B,allknowingroger/HomerSlerp1-7B (Merge),0.4621205069216346,0.36259862847099805,0.2802114803625378,0.3893136820330969,0.09060402684563762,0.13248437500000002
1389,allknowingroger/HomerSlerp2-7B,allknowingroger/HomerSlerp2-7B (Merge),0.4486817200583342,0.3796030019842789,0.2854984894259819,0.3905141843971631,0.09284116331096197,0.12846614583333335
1390,allknowingroger/HomerSlerp3-7B,allknowingroger/HomerSlerp3-7B (Merge),0.4362668829815999,0.37290018025520133,0.2809667673716012,0.39273049645390073,0.08948545861297541,0.1437213541666667
1391,allknowingroger/HomerSlerp4-7B,allknowingroger/HomerSlerp4-7B (Merge),0.4374160560645754,0.367868341584624,0.29531722054380666,0.38580452127659565,0.09284116331096197,0.1377213541666667
1392,allknowingroger/LimyQstar-7B-slerp,allknowingroger/LimyQstar-7B-slerp (Merge),0.3491136850224072,0.3019456733112008,0.06873111782477342,0.23371010638297868,0.06487695749440718,0.10197395833333335
1393,allknowingroger/Llama3.1-60B,Removed,0.181451881009056,0.07784282802508023,0.0,0.2567043439716312,0.059284116331096204,0.0218125
1394,allknowingroger/Marco-01-slerp1-7B,allknowingroger/Marco-01-slerp1-7B (Merge),0.46811571075856506,0.3623184676022296,0.3157099697885196,0.3870050236406619,0.08948545861297541,0.14648437500000003
1395,allknowingroger/Meme-7B-slerp,allknowingroger/Meme-7B-slerp (Merge),0.5163754393897082,0.24529485949424132,0.04682779456193353,0.20111184988179664,0.04809843400447425,0.10187760416666666
1396,allknowingroger/Ministral-8B-slerp,allknowingroger/Ministral-8B-slerp (Merge),0.19608970863974257,0.2519556465134829,0.0,0.2354646867612293,0.08277404921700222,0.12399739583333334
1397,allknowingroger/MistralPhi3-11B,allknowingroger/MistralPhi3-11B (Merge),0.19429114748866338,0.4616462900339792,0.0,0.4097222222222222,0.1096196868008949,0.1223463541666667
1398,allknowingroger/Mistralmash1-7B-s,allknowingroger/Mistralmash1-7B-s (Merge),0.3961001254449306,0.3344855374433827,0.09138972809667674,0.2547650709219858,0.059284116331096204,0.11805208333333334
1399,allknowingroger/Mistralmash2-7B-s,allknowingroger/Mistralmash2-7B-s (Merge),0.4101883003763348,0.3329836428588566,0.08006042296072508,0.260582890070922,0.06375838926174497,0.1365625
1400,allknowingroger/MixTAO-19B-pass,allknowingroger/MixTAO-19B-pass (Merge),0.3814368098866563,0.31577918110916897,0.06042296072507554,0.2338947990543735,0.045861297539149914,0.19950520833333332
1401,allknowingroger/MixTaoTruthful-13B-slerp,allknowingroger/MixTaoTruthful-13B-slerp (Merge),0.41388515804731446,0.3270636246605644,0.06722054380664653,0.2333407210401891,0.045861297539149914,0.12856249999999997
1402,allknowingroger/MultiCalm-7B-slerp,allknowingroger/MultiCalm-7B-slerp (Merge),0.3926526061960044,0.3146648332199455,0.06117824773413898,0.22586066784869976,0.043624161073825496,0.12960156250000004
1403,allknowingroger/MultiMash-12B-slerp,allknowingroger/MultiMash-12B-slerp (Merge),0.39744876926554873,0.3192567710646836,0.08157099697885198,0.22973921394799057,0.03579418344519018,0.14773958333333334
1404,allknowingroger/MultiMash10-13B-slerp,allknowingroger/MultiMash10-13B-slerp (Merge),0.4162832395820867,0.3245250184104656,0.06873111782477341,0.2351876477541371,0.04809843400447425,0.1297395833333333
1405,allknowingroger/MultiMash11-13B-slerp,allknowingroger/MultiMash11-13B-slerp (Merge),0.4251009543566625,0.3259670310684399,0.0702416918429003,0.23167848699763594,0.043624161073825496,0.14026822916666665
1406,allknowingroger/MultiMash2-12B-slerp,allknowingroger/MultiMash2-12B-slerp (Merge),0.4260750364588182,0.31617950213580304,0.0634441087613293,0.22696882387706854,0.039149888143176735,0.11783593750000003
1407,allknowingroger/MultiMash5-12B-slerp,allknowingroger/MultiMash5-12B-slerp (Merge),0.4141599843969556,0.31856364255964936,0.06419939577039276,0.22530658983451538,0.03691275167785232,0.11703124999999998
1408,allknowingroger/MultiMash6-12B-slerp,allknowingroger/MultiMash6-12B-slerp (Merge),0.430046720479439,0.32403879619181003,0.07175226586102719,0.23232491134751773,0.03243847874720355,0.1252291666666667
1409,allknowingroger/MultiMash7-12B-slerp,allknowingroger/MultiMash7-12B-slerp (Merge),0.4212788733892738,0.3129815009032766,0.06873111782477342,0.2254912825059102,0.038031319910514526,0.12026822916666668
1410,allknowingroger/MultiMash8-13B-slerp,allknowingroger/MultiMash8-13B-slerp (Merge),0.4320702402957486,0.32272996615315513,0.07401812688821752,0.23620345744680848,0.05145413870246088,0.14499479166666665
1411,allknowingroger/MultiMash9-13B-slerp,allknowingroger/MultiMash9-13B-slerp (Merge),0.41878105648568026,0.3255261171624742,0.07854984894259819,0.2333407210401891,0.04026845637583895,0.14211197916666665
1412,allknowingroger/MultiMerge-7B-slerp,allknowingroger/MultiMerge-7B-slerp (Merge),0.39477586138113535,0.31803983321994556,0.06722054380664652,0.22632239952718677,0.043624161073825496,0.12330729166666671
1413,allknowingroger/Multimash3-12B-slerp,allknowingroger/Multimash3-12B-slerp (Merge),0.44371046600796993,0.32150891139161897,0.06344410876132932,0.22973921394799057,0.04026845637583895,0.13032812500000002
1414,allknowingroger/Multimerge-19B-pass,Removed,0.17730510600761534,0.020803742908537422,0.0,0.01872783687943262,0.01230425055928408,0.04303124999999999
1415,allknowingroger/MultiverseEx26-7B-slerp,allknowingroger/MultiverseEx26-7B-slerp (Merge),0.3938516469633905,0.3166377531246577,0.07477341389728095,0.226137706855792,0.043624161073825496,0.12597395833333336
1416,allknowingroger/NeuralWestSeverus-7B-slerp,allknowingroger/NeuralWestSeverus-7B-slerp (Merge),0.41356046401326263,0.33414466816623895,0.07401812688821752,0.23749630614657208,0.027964205816554788,0.15409375000000003
1417,allknowingroger/Neuralcoven-7B-slerp,allknowingroger/Neuralcoven-7B-slerp (Merge),0.3858584112377381,0.3379913505465432,0.07930513595166164,0.2548574172576832,0.04697986577181204,0.11758333333333335
1418,allknowingroger/Neuralmultiverse-7B-slerp,allknowingroger/Neuralmultiverse-7B-slerp (Merge),0.3769154731667531,0.3210018047347172,0.06646525679758308,0.22687647754137116,0.045861297539149914,0.1260520833333333
1419,allknowingroger/Ph3della5-14B,allknowingroger/Ph3della5-14B (Merge),0.4798556718396078,0.4841436428305058,0.1555891238670695,0.42080378250591016,0.12304250559284118,0.14360156249999997
1420,allknowingroger/Ph3merge-14B,allknowingroger/Ph3merge-14B (Merge),0.27012881376968667,0.48882423717858964,0.0015105740181268884,0.4012263593380615,0.1174496644295302,0.132796875
1421,allknowingroger/Ph3merge2-14B,Removed,0.17061064641817045,0.10549967885447563,0.0,0.0803228427895981,0.05480984340044745,0.06652083333333335
1422,allknowingroger/Ph3merge3-14B,Removed,0.16451570721241862,0.10391379646236162,0.0,0.07191932624113473,0.04697986577181204,0.08858072916666668
1423,allknowingroger/Ph3task1-14B,allknowingroger/Ph3task1-14B (Merge),0.4694643545791833,0.4792690847304542,0.1510574018126888,0.41489361702127653,0.13422818791946312,0.16813020833333328
1424,allknowingroger/Ph3task2-14B,allknowingroger/Ph3task2-14B (Merge),0.4713127834146731,0.44081796209064356,0.1351963746223565,0.3844193262411347,0.10738255033557048,0.16620833333333326
1425,allknowingroger/Ph3task3-14B,allknowingroger/Ph3task3-14B (Merge),0.49624219293696276,0.4799849937558212,0.15709969788519637,0.4189568557919622,0.12192393736017897,0.1495234375
1426,allknowingroger/Ph3unsloth-3B-slerp,allknowingroger/Ph3unsloth-3B-slerp (Merge),0.18944511673470835,0.3645877270267158,0.07779456193353475,0.300107121749409,0.09955257270693513,0.15430989583333338
1427,allknowingroger/Phi3mash1-17B-pass,allknowingroger/Phi3mash1-17B-pass (Merge),0.188421166948142,0.4525041934691859,0.0,0.3988253546099291,0.09284116331096197,0.14840624999999993
1428,allknowingroger/Quen2-65B,Removed,0.1757813712061774,0.0123986036838978,0.0,0.012632978723404248,0.0,0.011067708333333329
1429,allknowingroger/Qwen2.5-42B-AGI,Removed,0.19129354557019818,0.022358856564144526,0.0,0.018635490543735225,0.01342281879194629,0.022539062500000012
1430,allknowingroger/Qwen2.5-7B-task2,allknowingroger/Qwen2.5-7B-task2 (Merge),0.45270327176336567,0.3752854979009311,0.30891238670694865,0.3907912234042554,0.0883668903803132,0.13054427083333336
1431,allknowingroger/Qwen2.5-7B-task3,allknowingroger/Qwen2.5-7B-task3 (Merge),0.512903540383959,0.343859841934451,0.20996978851963746,0.38903664302600466,0.08948545861297541,0.12846614583333335
1432,allknowingroger/Qwen2.5-7B-task4,allknowingroger/Qwen2.5-7B-task4 (Merge),0.5005385709916355,0.37025268624292773,0.2673716012084592,0.39568557919621744,0.09395973154362418,0.13209375
1433,allknowingroger/Qwen2.5-7B-task7,allknowingroger/Qwen2.5-7B-task7 (Merge),0.4268995155077417,0.3751817009438029,0.02190332326283988,0.3481272163120568,0.09395973154362418,0.13036979166666668
1434,allknowingroger/Qwen2.5-7B-task8,allknowingroger/Qwen2.5-7B-task8 (Merge),0.4645185884564068,0.36092736846367507,0.30060422960725075,0.3814642434988179,0.09395973154362418,0.15297656250000002
1435,allknowingroger/Qwen2.5-slerp-14B,allknowingroger/Qwen2.5-slerp-14B (Merge),0.49282016161562425,0.49789537278094714,0.21903323262839883,0.48655437352245867,0.15659955257270694,0.19366145833333331
1436,allknowingroger/QwenSlerp12-7B,allknowingroger/QwenSlerp12-7B (Merge),0.5075577246151323,0.3641130337400265,0.2673716012084592,0.3845116725768321,0.08724832214765099,0.16134895833333335
1437,allknowingroger/QwenSlerp4-14B,allknowingroger/QwenSlerp4-14B (Merge),0.6327544249258633,0.49381240124447034,0.30966767371601206,0.4928339243498819,0.1633109619686801,0.17587760416666667
1438,allknowingroger/QwenSlerp5-14B,allknowingroger/QwenSlerp5-14B (Merge),0.7119387669162268,0.4738764037444587,0.33157099697885195,0.4878472222222222,0.15324384787472037,0.17809375000000002
1439,allknowingroger/QwenSlerp6-14B,allknowingroger/QwenSlerp6-14B (Merge),0.6866846633598851,0.4758831657605246,0.3413897280966767,0.48950945626477543,0.1644295302013422,0.1832109375
1440,allknowingroger/QwenStock1-14B,allknowingroger/QwenStock1-14B (Merge),0.5634117474966422,0.5007629311887721,0.2938066465256798,0.49089465130023646,0.16890380313199105,0.18787760416666668
1441,allknowingroger/QwenStock2-14B,allknowingroger/QwenStock2-14B (Merge),0.5563427261887348,0.505982763137811,0.2990936555891239,0.48950945626477543,0.17225950782997765,0.1928385416666666
1442,allknowingroger/QwenStock3-14B,allknowingroger/QwenStock3-14B (Merge),0.5615134509767417,0.5057667411796287,0.29682779456193353,0.4920028073286053,0.17114093959731544,0.1911328125
1443,allknowingroger/Qwenslerp2-14B,allknowingroger/Qwenslerp2-14B (Merge),0.5007136619724553,0.5030369191199753,0.3021148036253777,0.4892324172576833,0.15771812080536915,0.1888385416666666
1444,allknowingroger/Qwenslerp2-7B,allknowingroger/Qwenslerp2-7B (Merge),0.5294396645345462,0.37437245340819275,0.3187311178247734,0.3906065307328605,0.08389261744966443,0.12817187500000002
1445,allknowingroger/Qwenslerp3-14B,allknowingroger/Qwenslerp3-14B (Merge),0.5052349986923584,0.4980982854016478,0.29456193353474325,0.4883089539007093,0.16666666666666663,0.18017187499999995
1446,allknowingroger/Qwenslerp3-7B,allknowingroger/Qwenslerp3-7B (Merge),0.501837347127843,0.3715398413723134,0.2824773413897281,0.39356161347517726,0.09955257270693513,0.14972135416666668
1447,allknowingroger/ROGERphi-7B-slerp,allknowingroger/ROGERphi-7B-slerp (Merge),0.3861332375873792,0.3281903240379116,0.07326283987915408,0.22807697990543732,0.05145413870246088,0.1753307291666667
1448,allknowingroger/RogerMerge-7B-slerp,allknowingroger/RogerMerge-7B-slerp (Merge),0.39330199426410817,0.3198716596760703,0.06797583081570997,0.22558362884160757,0.04026845637583895,0.1293072916666667
1449,allknowingroger/Rombos-LLM-V2.5-Qwen-42b,Removed,0.1879213819332704,0.026076397138426678,0.0,0.018635490543735225,0.016778523489932917,0.024166666666666684
1450,allknowingroger/Strangecoven-7B-slerp,allknowingroger/Strangecoven-7B-slerp (Merge),0.37464261492839,0.34832235357083774,0.0755287009063444,0.2627068557919622,0.05257270693512303,0.10419010416666667
1451,allknowingroger/Weirdslerp2-25B,Removed,0.1754068094877148,0.015659917737677605,0.0,0.014202866430260036,0.0,0.03710937499999999
1452,allknowingroger/WestlakeMaziyar-7B-slerp,allknowingroger/WestlakeMaziyar-7B-slerp (Merge),0.48377748817581795,0.33342811443772225,0.06797583081570996,0.23084736997635935,0.07158836689038028,0.1448984375
1453,allknowingroger/YamMaths-7B-slerp,allknowingroger/YamMaths-7B-slerp (Merge),0.4148093724650594,0.32133322225170097,0.08383685800604229,0.23675753546099287,0.04026845637583895,0.13462239583333335
1454,allknowingroger/Yi-1.5-34B,Removed,0.16391618682872555,0.013390433749257278,0.0,0.010601359338061455,0.011185682326621947,0.0560703125
1455,allknowingroger/Yi-blossom-40B,Removed,0.2008858717092869,0.05539183494900659,0.0,0.008939125295508273,0.03243847874720355,0.05199218749999999
1456,allknowingroger/Yibuddy-35B,allknowingroger/Yibuddy-35B (Merge),0.42347748418640324,0.4280824233844326,0.13595166163141995,0.38765144799054374,0.14093959731543623,0.1597395833333333
1457,allknowingroger/Yillama-40B,Removed,0.16968643200042555,0.1587579741223405,0.0,0.10904255319148934,0.043624161073825496,0.017578124999999993
1458,allknowingroger/Yislerp-34B,allknowingroger/Yislerp-34B (Merge),0.3691970637907419,0.45981695728558597,0.21450151057401814,0.41683289007092195,0.14429530201342286,0.15778125000000004
1459,allknowingroger/Yislerp2-34B,allknowingroger/Yislerp2-34B (Merge),0.39994658616914236,0.4720230580445542,0.22885196374622357,0.41378546099290775,0.15212527964205816,0.15854427083333328
1460,allknowingroger/Yunconglong-13B-slerp,allknowingroger/Yunconglong-13B-slerp (Merge),0.4241767399389176,0.3214072892807635,0.055135951661631426,0.22623005319148937,0.04138702460850116,0.10842447916666663
1461,allknowingroger/limyClown-7B-slerp,allknowingroger/limyClown-7B-slerp (Merge),0.4017451473202215,0.319314661071385,0.06873111782477341,0.22641474586288413,0.04138702460850116,0.12464062500000005
1462,allknowingroger/llama3-Jallabi-40B-s,Removed,0.192068156934711,0.05957911562958214,0.0,0.009770242316784857,0.0,0.04036458333333333
1463,allknowingroger/llama3AnFeng-40B,Removed,0.1742077687203287,0.12476996185725282,0.0,0.10885786052009454,0.07494407158836691,0.07149999999999998
1464,allura-org/MS-Meadowlark-22B,allura-org/MS-Meadowlark-22B (Merge),0.6696986218788371,0.3029658044666958,0.14123867069486404,0.3136820330969267,0.10067114093959727,0.05532552083333333
1465,allura-org/MoE-Girl-1BA-7BT,allenai/OLMoE-1B-7B-0924,0.27050337548814923,0.048423440285205,0.014350453172205437,0.024176270685579194,0.011185682326621947,0.0147734375
1466,allura-org/TQ2.5-14B-Aletheia-v1,allura-org/TQ2.5-14B-Aletheia-v1 (Merge),0.753029738870641,0.5088144181282322,0.29531722054380666,0.47122488179669036,0.14988814317673374,0.14611197916666668
1467,allura-org/Teleut-7b,Qwen/Qwen2.5-7B,0.6378752820294595,0.30859919035029737,0.19561933534743203,0.34785017730496454,0.1017897091722595,0.17671874999999995
1468,aloobun/Meta-Llama-3-7B-28Layers,aloobun/Meta-Llama-3-7B-28Layers (Merge),0.19636453498938372,0.22096530251343513,0.013595166163141994,0.23998965721040189,0.059284116331096204,0.05799218750000001
1469,aloobun/d-SmolLM2-360M,aloobun/d-SmolLM2-360M,0.2097035864838628,0.04762820747165694,0.0022658610271903325,0.018820183215130022,0.004474272930648763,0.077578125
1470,alpindale/WizardLM-2-8x22B,alpindale/WizardLM-2-8x22B,0.5272166739805937,0.4857616817936264,0.24546827794561935,0.39956412529550833,0.17561521252796417,0.14538541666666668
1471,alpindale/magnum-72b-v1,Qwen/Qwen2-72B,0.7606484128778308,0.576531848551427,0.37688821752265866,0.4964354314420804,0.18791946308724836,0.156171875
1472,altomek/YiSM-34B-0rn,altomek/YiSM-34B-0rn (Merge),0.42837338262476893,0.4538292724900714,0.22583081570996982,0.41064568557919623,0.1621923937360179,0.14758333333333332
1473,amazon/MegaBeam-Mistral-7B-300k,amazon/MegaBeam-Mistral-7B-300k,0.520347123410329,0.19291805959591998,0.02416918429003021,0.17211510047281323,0.031319910514541416,0.08350000000000003
1474,amd/AMD-Llama-135m,amd/AMD-Llama-135m,0.1918431982694805,0.02537952680477511,0.005287009063444109,0.01872783687943262,0.011185682326621947,0.059049479166666675
1475,anakin87/gemma-2b-orpo,google/gemma-2b,0.24779695651981185,0.0794944502776896,0.012839879154078549,0.03396498226950354,0.015659955257270708,0.04128385416666667
1476,anthracite-org/magnum-v1-72b,Qwen/Qwen2-72B,0.7606484128778308,0.576531848551427,0.37688821752265866,0.49846705082742315,0.18791946308724836,0.156171875
1477,anthracite-org/magnum-v2-12b,mistralai/Mistral-Nemo-Base-2407,0.376166349729828,0.2878555159536587,0.04833836858006042,0.24082077423167847,0.05480984340044745,0.11371614583333335
1478,anthracite-org/magnum-v2-72b,Qwen/Qwen2-72B,0.7560273407891063,0.5785470432085098,0.34063444108761337,0.4951425827423168,0.18120805369127516,0.14181770833333332
1479,anthracite-org/magnum-v2.5-12b-kto,mistralai/Mistral-Nemo-Base-2407,0.3865576669902525,0.2962505944598103,0.04607250755287009,0.24608451536643025,0.058165548098433995,0.09979427083333337
1480,anthracite-org/magnum-v3-27b-kto,anthracite-org/magnum-v3-27b-kto (Merge),0.5674831668860845,0.41160102924844305,0.16691842900302117,0.3597628546099291,0.14093959731543623,0.0991692708333333
1481,anthracite-org/magnum-v3-34b,anthracite-org/magnum-v3-34b,0.5115294086357531,0.4432790341462959,0.19486404833836857,0.41692523640661944,0.1476510067114094,0.06571614583333335
1482,anthracite-org/magnum-v3-9b-chatml,IntervitensInc/gemma-2-9b-chatml,0.12747066671985885,0.35317875412385435,0.06419939577039274,0.360224586288416,0.12751677852348994,0.13236979166666665
1483,anthracite-org/magnum-v3-9b-customgemma2,google/gemma-2-9b,0.1272955757390391,0.3411678334094384,0.06797583081570997,0.35606900118203305,0.1051454138702461,0.1505859375
1484,anthracite-org/magnum-v4-12b,anthracite-org/magnum-v4-12b,0.339296400218088,0.3050390226648477,0.09818731117824774,0.28930260047281325,0.06152125279642054,0.10360156249999995
1485,anthracite-org/magnum-v4-22b,anthracite-org/magnum-v4-22b,0.5628620947973598,0.35549148532773467,0.19184290030211482,0.3144208037825059,0.10402684563758392,0.13430989583333333
1486,anthracite-org/magnum-v4-27b,anthracite-org/magnum-v4-27b,0.3454168273514276,0.4096038433350091,0.16163141993957703,0.3750923463356973,0.15995525727069348,0.12815364583333333
1487,anthracite-org/magnum-v4-9b,anthracite-org/magnum-v4-9b,0.3502628581053826,0.33270404436476364,0.12915407854984895,0.328088061465721,0.12975391498881436,0.15646614583333332
1488,apple/DCLM-7B,apple/DCLM-7B,0.21727239280664193,0.19760934974772243,0.02945619335347432,0.23454122340425532,0.08724832214765099,0.07309114583333334
1489,appvoid/arco-2,appvoid/arco-2,0.19913717824261848,0.040591500695828266,0.0022658610271903325,0.012910017730496442,0.0,0.04199218749999999
1490,appvoid/arco-2-instruct,appvoid/arco-2-instruct (Merge),0.21644791375771838,0.03913002236158603,0.0030211480362537764,0.012540632387706852,0.0,0.04199218749999999
1491,arcee-ai/Arcee-Nova,arcee-ai/Arcee-Nova,0.7907485471881275,0.5674098753952074,0.42900302114803623,0.4946808510638298,0.18008948545861295,0.17220833333333327
1492,arcee-ai/Arcee-Spark,arcee-ai/Arcee-Spark,0.571829412625168,0.36924390435864896,0.11404833836858003,0.31257387706855794,0.07494407158836691,0.08395052083333335
1493,arcee-ai/Llama-3.1-SuperNova-Lite,meta-llama/Meta-Llama-3.1-8B,0.801739384832245,0.31572340212980665,0.17371601208459214,0.3196845449172577,0.07494407158836691,0.11673697916666663
1494,arcee-ai/Llama-Spark,arcee-ai/Llama-Spark,0.7910732412221794,0.2977025370020864,0.012084592145015107,0.30232343380614657,0.06599552572706939,0.026166666666666668
1495,arcee-ai/SuperNova-Medius,arcee-ai/SuperNova-Medius (Merge),0.7183584001560306,0.48005014627163267,0.15332326283987915,0.4483229905437352,0.11073825503355701,0.12275520833333337
1496,arcee-ai/Virtuoso-Small,arcee-ai/Virtuoso-Small (Merge),0.7935211904413622,0.5039984631189989,0.34290030211480355,0.4656841016548463,0.11521252796420578,0.14438281249999999
1497,arcee-ai/raspberry-3B,Qwen/Qwen2.5-3B,0.31541642840995227,0.19528234400992484,0.08459214501510574,0.20600620567375885,0.03691275167785232,0.09407031250000002
1498,argilla-warehouse/Llama-3.1-8B-MagPie-Ultra,meta-llama/Llama-3.1-8B,0.5756514935925565,0.23516310364827647,0.05362537764350453,0.23823507683215125,0.02237136465324381,0.04247916666666669
1499,argilla/notus-7b-v1,mistralai/Mistral-7B-v0.1,0.508207112683236,0.2274711196116141,0.027945619335347435,0.22262854609929078,0.05257270693512303,0.0658541666666667
1500,argilla/notux-8x7b-v1,mistralai/Mixtral-8x7B-v0.1,0.5422290633297429,0.3475806168290175,0.09667673716012085,0.29558215130023646,0.07829977628635347,0.10532552083333334
1501,arisin/orca-platypus-13B-slerp,arisin/orca-platypus-13B-slerp,0.26718107953563214,0.24403765951761092,0.014350453172205437,0.17691710992907797,0.06487695749440718,0.11864062500000003
1502,asharsha30/LLAMA_Harsha_8_B_ORDP_10k,asharsha30/LLAMA_Harsha_8_B_ORDP_10k (Merge),0.34639090945358314,0.2572567833858325,0.052114803625377654,0.20111184988179664,0.031319910514541416,0.0707369791666667
1503,ashercn97/a1-v0.0.1,ashercn97/a1-v0.0.1,0.2198444571514692,0.32755432240036564,0.1691842900302115,0.35163637706855794,0.08165548098434001,0.09930729166666667
1504,ashercn97/a1-v002,Qwen/Qwen2.5-7B,0.2584631001298776,0.33526527072476403,0.16691842900302112,0.35274453309692677,0.09172259507829976,0.1005625
1505,athirdpath/Llama-3.1-Instruct_NSFW-pretrained_e1-plus_reddit,athirdpath/Llama-3.1-Instruct_NSFW-pretrained_e1,0.4521037513796726,0.2801590901759341,0.09818731117824774,0.28496232269503546,0.05592841163310966,0.08299479166666666
1506,automerger/YamshadowExperiment28-7B,automerger/YamshadowExperiment28-7B (Merge),0.40701560747704973,0.3198023515667743,0.06193353474320242,0.2289080969267139,0.04921700223713646,0.12693489583333337
1507,avemio/GRAG-NEMO-12B-ORPO-HESSIAN-AI,avemio/GRAG-NEMO-12B-ORPO-HESSIAN-AI (Merge),0.0,0.004410640720934837,0.0,0.006722813238770687,0.01230425055928408,0.020833333333333325
1508,awnr/Mistral-7B-v0.1-signtensors-1-over-2,awnr/Mistral-7B-v0.1-signtensors-1-over-2,0.21792178087474565,0.2240015255970937,0.027190332326283987,0.2221668144208038,0.07606263982102905,0.0880885416666667
1509,awnr/Mistral-7B-v0.1-signtensors-1-over-4,awnr/Mistral-7B-v0.1-signtensors-1-over-4,0.2133007087860211,0.0922769372478478,0.022658610271903322,0.14561170212765956,0.026845637583892648,0.021872395833333332
1510,awnr/Mistral-7B-v0.1-signtensors-3-over-8,awnr/Mistral-7B-v0.1-signtensors-3-over-8,0.23942915907569692,0.20435230589690023,0.027945619335347432,0.22235150709219859,0.07158836689038028,0.05785416666666667
1511,awnr/Mistral-7B-v0.1-signtensors-5-over-16,awnr/Mistral-7B-v0.1-signtensors-5-over-16,0.21182684166899382,0.17543031293477834,0.02190332326283988,0.21754949763593381,0.04138702460850116,0.06142187500000003
1512,awnr/Mistral-7B-v0.1-signtensors-7-over-16,awnr/Mistral-7B-v0.1-signtensors-7-over-16,0.22936253584932423,0.21040436509874463,0.0324773413897281,0.22558362884160757,0.07158836689038028,0.07934375000000003
1513,aws-prototyping/MegaBeam-Mistral-7B-512k,aws-prototyping/MegaBeam-Mistral-7B-512k,0.5972586071623293,0.12361177501580406,0.02945619335347432,0.17654772458628842,0.043624161073825496,0.08520572916666667
1514,axolotl-ai-co/romulus-mistral-nemo-12b-simpo,Removed,0.607924750772395,0.34642400966373776,0.00906344410876133,0.2743424940898345,0.038031319910514526,0.12979427083333334
1515,bamec66557/MISCHIEVOUS-12B,bamec66557/MISCHIEVOUS-12B (Merge),0.3851835352420467,0.34071627355746226,0.12462235649546828,0.296875,0.09395973154362418,0.11277864583333332
1516,bamec66557/MISCHIEVOUS-12B-Mix_0.1v,bamec66557/MISCHIEVOUS-12B-Mix_0.1v (Merge),0.3636262893566847,0.34357592283020577,0.12764350453172205,0.2970596926713948,0.10402684563758392,0.11544531249999997
1517,bamec66557/MISCHIEVOUS-12B-Mix_0.2v,bamec66557/MISCHIEVOUS-12B-Mix_0.2v (Merge),0.3623773809048879,0.3441027746820577,0.12311178247734139,0.2958591903073286,0.10067114093959727,0.11811197916666663
1518,bamec66557/MISCHIEVOUS-12B-Mix_0.3v,bamec66557/MISCHIEVOUS-12B-Mix_0.3v (Merge),0.3869820963931258,0.34387443345273266,0.12915407854984895,0.29595153664302604,0.09284116331096197,0.11440624999999997
1519,bamec66557/MISCHIEVOUS-12B-Mix_0.4v,bamec66557/MISCHIEVOUS-12B-Mix_0.4v (Merge),0.6508142838778883,0.3059648494949586,0.11480362537764349,0.29807550236406616,0.08948545861297541,0.11969791666666664
1520,bamec66557/MISCHIEVOUS-12B-Mix_0.5v,bamec66557/MISCHIEVOUS-12B-Mix_0.5v (Merge),0.3745672593163916,0.341770041493929,0.1268882175226586,0.2956744976359338,0.09395973154362418,0.11544531249999997
1521,bamec66557/MISCHIEVOUS-12B-Mix_0.6v,bamec66557/MISCHIEVOUS-12B-Mix_0.6v (Merge),0.4365660890880641,0.34727793638656385,0.12311178247734139,0.2957668439716312,0.10402684563758392,0.12344531249999997
1522,bamec66557/MISCHIEVOUS-12B-Mix_III_IV_V,bamec66557/MISCHIEVOUS-12B-Mix_III_IV_V (Merge),0.40309379114083965,0.3485070126040164,0.1283987915407855,0.29604388297872336,0.09395973154362418,0.12344531249999997
1523,bamec66557/MISCHIEVOUS-12B-Mix_III_ex_V,bamec66557/MISCHIEVOUS-12B-Mix_III_ex_V (Merge),0.43162032296528763,0.34868634894350586,0.13141993957703926,0.29428930260047276,0.09395973154362418,0.12773958333333332
1524,bamec66557/MISCHIEVOUS-12B-Mix_Neo,bamec66557/MISCHIEVOUS-12B-Mix_Neo (Merge),0.6249606599378538,0.3036068974252419,0.1163141993957704,0.2983525413711584,0.0883668903803132,0.1164427083333333
1525,bamec66557/Mistral-Nemo-VICIOUS_MESH-12B-2407,bamec66557/Mistral-Nemo-VICIOUS_MESH-12B-2407 (Merge),0.6705729686121713,0.31356607393533825,0.12386706948640484,0.2974290780141844,0.08724832214765099,0.14340364583333334
1526,bamec66557/NameLess-12B-prob,bamec66557/NameLess-12B-prob,0.6602315190361574,0.3135572805903409,0.11102719033232629,0.2982601950354609,0.08612975391498878,0.14703125
1527,bamec66557/VICIOUS_MESH-12B,Removed,0.3730933921993643,0.3437251603029727,0.1299093655589124,0.2976137706855792,0.10402684563758392,0.11544531249999997
1528,bamec66557/VICIOUS_MESH-12B-0.1v,Removed,0.36574954454181574,0.34130238134574226,0.12915407854984895,0.29807550236406616,0.09955257270693513,0.11011197916666662
1529,bamec66557/VICIOUS_MESH-12B-0.X.ver,Removed,0.3775648612348569,0.3408924738532064,0.11858006042296072,0.29678265366430256,0.09507829977628639,0.1287786458333333
1530,bamec66557/VICIOUS_MESH-12B-ALPHA,bamec66557/VICIOUS_MESH-12B-ALPHA (Merge),0.6365011502812536,0.3051014607050993,0.11253776435045318,0.29964539007092195,0.08501118568232664,0.12436458333333332
1531,bamec66557/VICIOUS_MESH-12B-BETA,bamec66557/VICIOUS_MESH-12B-BETA (Merge),0.6720967034136092,0.31356607393533825,0.12084592145015106,0.2976137706855792,0.0883668903803132,0.14340364583333334
1532,bamec66557/VICIOUS_MESH-12B-DELTA,Removed,0.6468924675416784,0.29792447042456305,0.11858006042296072,0.294566341607565,0.08277404921700222,0.09673697916666663
1533,bamec66557/VICIOUS_MESH-12B-DIGAMMA,Removed,0.6429207835210575,0.2983322953136833,0.12160120845921449,0.29539745862884165,0.08389261744966443,0.10407031249999997
1534,bamec66557/VICIOUS_MESH-12B-EPSILON,Removed,0.6304560787599126,0.29596444965473506,0.10498489425981873,0.29419695626477543,0.08612975391498878,0.0974036458333333
1535,bamec66557/VICIOUS_MESH-12B-GAMMA,bamec66557/VICIOUS_MESH-12B-GAMMA (Merge),0.6361764562472019,0.31485974649070175,0.12160120845921449,0.2962285756501182,0.08501118568232664,0.1520703125
1536,bamec66557/VICIOUS_MESH-12B-NEMO,bamec66557/VICIOUS_MESH-12B-NEMO (Merge),0.4022194444075054,0.344014166333088,0.11706948640483382,0.3017693557919622,0.09843400447427292,0.1256614583333333
1537,bamec66557/VICIOUS_MESH-12B-OMEGA,bamec66557/VICIOUS_MESH-12B-OMEGA (Merge),0.6699734482284783,0.3152371165532987,0.12084592145015106,0.2974290780141844,0.08724832214765099,0.14540364583333334
1538,bamec66557/VICIOUS_MESH-12B-UNION,Removed,0.6428709158366468,0.3046389197050985,0.12386706948640484,0.296875,0.08277404921700222,0.13444270833333336
1539,bamec66557/VICIOUS_MESH-12B_Razor,Removed,0.37364304489864675,0.34562212009699134,0.12537764350453173,0.2965056146572104,0.09731543624161071,0.11544531249999997
1540,bamec66557/mergekit-model_stock-zdaysvi,Removed,0.6425960894870056,0.3016636018648764,0.11480362537764349,0.298721926713948,0.08501118568232664,0.1114817708333333
1541,bamec66557/mergekit-ties-sinbkow,Removed,0.6431956098706987,0.30622037887178793,0.11027190332326282,0.28921025413711576,0.09284116331096197,0.10059895833333334
1542,beomi/gemma-mling-7b,beomi/gemma-mling-7b,0.2029093915255965,0.17631391012223654,0.046072507552870096,0.18144208037825055,0.0,0.06848437499999999
1543,beowolx/CodeNinja-1.0-OpenChat-7B,beowolx/CodeNinja-1.0-OpenChat-7B,0.5446770125489258,0.21713423267203807,0.06042296072507554,0.22392139479905435,0.059284116331096204,0.11540364583333336
1544,berkeley-nest/Starling-LM-7B-alpha,berkeley-nest/Starling-LM-7B-alpha,0.5480491761858535,0.21954028087159258,0.08308157099697885,0.24128250591016545,0.06263982102908276,0.09501302083333334
1545,bfuzzy1/Gunny,bfuzzy1/Gunny,0.7128629813339716,0.2299177882913372,0.1578549848942598,0.22650709219858156,0.038031319910514526,0.02018489583333333
1546,bfuzzy1/acheron,bfuzzy1/acheron (Merge),0.19831269919369493,0.037375880621868134,0.0,0.010693705673758856,0.0,0.03548177083333333
1547,bfuzzy1/acheron-c,bfuzzy1/acheron-c (Merge),0.19286714805604685,0.027690272588902724,0.0007552870090634441,0.019097222222222217,0.0,0.0147734375
1548,bfuzzy1/acheron-d,bfuzzy1/acheron-d (Merge),0.192542454021995,0.041222474820638004,0.0022658610271903325,0.014941637115839235,0.0,0.03548177083333333
1549,bfuzzy1/acheron-m,bfuzzy1/acheron-d (Merge),0.17583123889058808,0.021820409575204095,0.0,0.012540632387706852,0.01342281879194629,0.020833333333333325
1550,bfuzzy1/acheron-m1a-llama,bfuzzy1/acheron-d (Merge),0.11245827737070972,0.02545408537429085,0.0,0.016234485815602825,0.01342281879194629,0.025794270833333348
1551,bfuzzy1/llambses-1,bfuzzy1/llambses-1 (Merge),0.3553837152089788,0.31077833088739437,0.06722054380664652,0.23777334515366427,0.06375838926174497,0.15379947916666667
1552,bhuvneshsaini/merged_model,bhuvneshsaini/merged_model,0.18127679002823618,0.07617386883057352,0.0,0.04947916666666666,0.0,0.040815104166666664
1553,bigcode/starcoder2-15b,bigcode/starcoder2-15b,0.2780223141265176,0.20373540752678548,0.060422960725075525,0.15032136524822692,0.031319910514541416,0.029283854166666675
1554,bigcode/starcoder2-3b,bigcode/starcoder2-3b,0.20370838264693233,0.08909299421083569,0.014350453172205437,0.07071882387706856,0.0,0.014322916666666661
1555,bigcode/starcoder2-7b,bigcode/starcoder2-7b,0.2209193827932109,0.11395110106503444,0.028700906344410873,0.07136524822695034,0.0022371364653244186,0.05816666666666666
1556,bigscience/bloom-1b1,bigscience/bloom-1b1,0.13733781920858879,0.04042705269260129,0.0015105740181268884,0.011986554373522447,0.01230425055928408,0.03416666666666666
1557,bigscience/bloom-1b7,bigscience/bloom-1b7,0.10438968603305895,0.0439745292760164,0.0007552870090634442,0.009585549645390061,0.011185682326621947,0.06838281250000001
1558,bigscience/bloom-3b,bigscience/bloom-3b,0.1270961050013963,0.03420098284007735,0.0007552870090634441,0.014756944444444437,0.0,0.07891145833333332
1559,bigscience/bloom-560m,bigscience/bloom-560m,0.06202431769926019,0.02885363608028119,0.0007552870090634442,0.018266105200945616,0.015659955257270708,0.08185416666666667
1560,bigscience/bloom-7b1,bigscience/bloom-7b1,0.13221696210499254,0.04038808518979752,0.0,0.011617169030732852,0.019015659955257263,0.01920572916666666
1561,bluuwhale/L3-SthenoMaid-8B-V1,bluuwhale/L3-SthenoMaid-8B-V1 (Merge),0.7344700949037443,0.3239815250380045,0.10876132930513595,0.2951204196217494,0.04026845637583895,0.04853906250000002
1562,bond005/meno-tiny-0.1,bond005/meno-tiny-0.1 (Merge),0.45497613000172876,0.1964270876311028,0.11178247734138973,0.19843380614657208,0.04250559284116329,0.09973958333333334
1563,bosonai/Higgs-Llama-3-70B,meta-llama/Meta-Llama-3-70B,0.5560678998390935,0.45897405633960653,0.17371601208459217,0.43354757683215117,0.15548098434004473,0.15518750000000003
1564,brgx53/3Bgeneral-ECE-PRYMMAL-Martial,brgx53/3Bgeneral-ECE-PRYMMAL-Martial (Merge),0.3289305708852512,0.36673582111407943,0.12462235649546828,0.3259640957446809,0.09955257270693513,0.14426822916666665
1565,brgx53/3Bgeneralv2-ECE-PRYMMAL-Martial,brgx53/3Bgeneralv2-ECE-PRYMMAL-Martial (Merge),0.5677081255513149,0.37250632564299146,0.3074018126888218,0.3894983747044918,0.08165548098434001,0.1278776041666667
1566,brgx53/3Blareneg-ECE-PRYMMAL-Martial,brgx53/3Blareneg-ECE-PRYMMAL-Martial (Merge),0.28763902002242936,0.35452585779493334,0.035498489425981876,0.3351063829787233,0.11297539149888143,0.1542864583333333
1567,brgx53/3Blarenegv2-ECE-PRYMMAL-Martial,brgx53/3Blarenegv2-ECE-PRYMMAL-Martial (Merge),0.566184390749877,0.37250632564299146,0.3074018126888218,0.3894983747044918,0.08165548098434001,0.1278776041666667
1568,bunnycore/Best-Mix-Llama-3.1-8B,bunnycore/Best-Mix-Llama-3.1-8B,0.20670598456539757,0.07255275858385576,0.14425981873111782,0.06277703900709218,0.020134228187919476,0.011067708333333329
1569,bunnycore/CyberCore-Qwen-2.1-7B,bunnycore/CyberCore-Qwen-2.1-7B (Merge),0.5765757080103016,0.36966532531674434,0.13444108761329304,0.38275709219858156,0.07718120805369126,0.09411197916666668
1570,bunnycore/FuseCyberMix-Qwen-2.5-7B-Instruct,bunnycore/FuseCyberMix-Qwen-2.5-7B-Instruct (Merge),0.7019220113742648,0.36368618717269546,0.0007552870090634441,0.3707520685579196,0.06263982102908276,0.08720572916666666
1571,bunnycore/FuseQwQen-7B,bunnycore/FuseQwQen-7B (Merge),0.7274509412802476,0.35909588839820733,0.12009063444108761,0.3785091607565011,0.059284116331096204,0.11977604166666661
1572,bunnycore/FwF-Qwen-7B-0.1,bunnycore/FwF-Qwen-7B-0.1 (Merge),0.3004539067452138,0.3050210608714299,0.19637462235649547,0.340093085106383,0.027964205816554788,0.07334375000000001
1573,bunnycore/FwF-Qwen-7B-0.2,bunnycore/FwF-Qwen-7B-0.2 (Merge),0.4479071086938212,0.3766718042893359,0.22356495468277945,0.37583111702127653,0.05369127516778524,0.12289322916666663
1574,bunnycore/Gemma-2-2B-Smart,bunnycore/Gemma-2-2B-Smart (Merge),0.13206625088099574,0.1507045874494903,0.010574018126888218,0.1584478427895981,0.043624161073825496,0.12240104166666668
1575,bunnycore/HyperLlama-3.1-8B,bunnycore/HyperLlama-3.1-8B,0.7883005979689446,0.29806655612613747,0.1797583081570997,0.3092494089834515,0.04921700223713646,0.07932552083333336
1576,bunnycore/Llama-3.1-8B-TitanFusion-Mix,bunnycore/Llama-3.1-8B-TitanFusion-Mix (Merge),0.49249546758157253,0.39535483334813365,0.12537764350453173,0.2994606973995272,0.06040268456375841,0.12462239583333336
1577,bunnycore/Llama-3.1-8B-TitanFusion-v3,bunnycore/Llama-3.1-8B-TitanFusion-v3 (Merge),0.4809549772381725,0.32072941144614087,0.14274924471299094,0.3117427600472813,0.07829977628635347,0.11942708333333334
1578,bunnycore/Llama-3.2-3B-All-Mix,bunnycore/Llama-3.2-3B-All-Mix (Merge),0.7226049105262925,0.22516311192334512,0.11858006042296072,0.23998965721040189,0.016778523489932917,0.021872395833333332
1579,bunnycore/Llama-3.2-3B-Booval,bunnycore/Llama-3.2-3B-Booval (Merge),0.6669259786256023,0.22515991469149507,0.11102719033232629,0.22863105791962168,0.02237136465324381,0.023950520833333332
1580,bunnycore/Llama-3.2-3B-Deep-Test,bunnycore/Llama-3.2-3B-Deep-Test (Merge),0.4666917113259485,0.22914432093725295,0.10574018126888216,0.2391585401891253,0.019015659955257263,0.025578125000000004
1581,bunnycore/Llama-3.2-3B-Long-Think,bunnycore/Llama-3.2-3B-Long-Think (Merge),0.5473499204333391,0.2422680316567029,0.12915407854984895,0.22752290189125293,0.014541387024608499,0.01210677083333333
1582,bunnycore/Llama-3.2-3B-Mix-Skill,bunnycore/Llama-3.2-3B-Mix-Skill (Merge),0.6404229666174639,0.23784246657651129,0.1268882175226586,0.2356493794326241,0.015659955257270708,0.027518229166666682
1583,bunnycore/Llama-3.2-3B-ProdigyPlus,bunnycore/Llama-3.2-3B-ProdigyPlus (Merge),0.401520188654991,0.20622988697146294,0.09894259818731116,0.20194296690307326,0.02460850111856823,0.0315
1584,bunnycore/Llama-3.2-3B-ProdigyPlusPlus,bunnycore/Llama-3.2-3B-ProdigyPlusPlus (Merge),0.16451570721241862,0.11561977681214479,0.02945619335347432,0.055574024822695044,0.004474272930648763,0.01698958333333333
1585,bunnycore/Llama-3.2-3B-RP-DeepThink,bunnycore/Llama-3.2-3B-RP-DeepThink (Merge),0.7143867161354096,0.23757462281904537,0.15181268882175228,0.24913194444444442,0.021252796420581685,0.009440104166666663
1586,bunnycore/Phi-3.5-mini-TitanFusion-0.1,bunnycore/Phi-3.5-mini-TitanFusion-0.1 (Merge),0.5227950726295119,0.35446219076522445,0.06797583081570997,0.3118351063829787,0.10850111856823269,0.15797395833333333
1587,bunnycore/Phi-4-Model-Stock,bunnycore/Phi-4-Model-Stock (Merge),0.6878837041272712,0.5531567822091236,0.3859516616314199,0.4853538711583924,0.13982102908277402,0.1511692708333333
1588,bunnycore/Phi-4-RP-v0,bunnycore/Phi-4-RP-v0 (Merge),0.6827129793392643,0.548449853466199,0.27794561933534745,0.4848921394799055,0.13646532438478745,0.10861718750000003
1589,bunnycore/Phi-4-Stock-RP,bunnycore/Phi-4-Stock-RP (Merge),0.6399231816025922,0.5520594989405504,0.32250755287009064,0.4796283983451538,0.14429530201342286,0.1853489583333333
1590,bunnycore/Qandora-2.5-7B-Creative,bunnycore/Qandora-2.5-7B-Creative (Merge),0.6803148978044922,0.36424651784758105,0.23564954682779457,0.3866356382978723,0.0805369127516779,0.10848437500000001
1591,bunnycore/QandoraExp-7B,bunnycore/QandoraExp-7B (Merge),0.75090648368551,0.3592474216004687,0.00906344410876133,0.3788785460992907,0.0805369127516779,0.13201041666666669
1592,bunnycore/QandoraExp-7B-Persona,bunnycore/QandoraExp-7B-Persona (Merge),0.6246858335882126,0.368327094432999,0.16012084592145015,0.3786015070921986,0.08612975391498878,0.13344531250000002
1593,bunnycore/QandoraExp-7B-v2,bunnycore/QandoraExp-7B-v2 (Merge),0.5606889719278182,0.3494496675271275,0.0,0.3231937056737588,0.07046979865771814,0.09267708333333338
1594,bunnycore/QwQen-3B-LCoT,bunnycore/QwQen-3B-LCoT (Merge),0.6025290673191577,0.28499814171968946,0.00906344410876133,0.2999224290780142,0.02237136465324381,0.10755989583333334
1595,bunnycore/Qwen2.5-3B-Model-Stock,bunnycore/Qwen2.5-3B-Model-Stock (Merge),0.6380747527671023,0.2600226442713036,0.0,0.249963061465721,0.05145413870246088,0.07202864583333334
1596,bunnycore/Qwen2.5-3B-Model-Stock-v2,bunnycore/Qwen2.5-3B-Model-Stock-v2 (Merge),0.6490157227268094,0.2564854657456816,0.0,0.2521793735224586,0.04921700223713646,0.06765625
1597,bunnycore/Qwen2.5-3B-RP-Mix,bunnycore/Qwen2.5-3B-RP-Mix (Merge),0.5720543712903984,0.28305922895366825,0.08761329305135951,0.3030622044917258,0.031319910514541416,0.12555989583333335
1598,bunnycore/Qwen2.5-3B-RP-Thinker,bunnycore/Qwen2.5-3B-RP-Thinker (Merge),0.589414974489909,0.17412964272966241,0.022658610271903322,0.2388815011820331,0.019015659955257263,0.017578124999999993
1599,bunnycore/Qwen2.5-3B-RP-Thinker-V2,bunnycore/Qwen2.5-3B-RP-Thinker-V2 (Merge),0.6419965691033124,0.2562950671978563,0.0,0.25236406619385343,0.04697986577181204,0.07965625
1600,bunnycore/Qwen2.5-7B-CyberRombos,bunnycore/Qwen2.5-7B-CyberRombos (Merge),0.7518306981032549,0.35884025077634596,0.0007552870090634441,0.37675458037825055,0.0727069351230425,0.10067708333333336
1601,bunnycore/Qwen2.5-7B-Instruct-Fusion,bunnycore/Qwen2.5-7B-Instruct-Fusion (Merge),0.6962016338869753,0.3617985917773406,0.19939577039274925,0.3852504432624112,0.0727069351230425,0.12948177083333334
1602,bunnycore/QwenMosaic-7B,bunnycore/QwenMosaic-7B (Merge),0.5819215237791283,0.3675051994174193,0.08459214501510574,0.36779698581560283,0.014541387024608499,0.1021484375
1603,bunnycore/Smol-Llama-3.2-3B,bunnycore/Smol-Llama-3.2-3B (Merge),0.6678501930433473,0.23040764481149228,0.1351963746223565,0.24756205673758866,0.03579418344519018,0.0315
1604,bunnycore/SmolLM2-1.7-Persona,bunnycore/SmolLM2-1.7-Persona,0.5465254413844156,0.1120375290705801,0.04003021148036254,0.10821143617021275,0.017897091722595054,0.030322916666666675
1605,bunnycore/SmolLM2-1.7B-roleplay-lora,HuggingFaceTB/SmolLM2-1.7B-Instruct (Merge),0.5382075116247114,0.1090723801954026,0.03927492447129909,0.10738031914893616,0.03355704697986576,0.027656250000000004
1606,bunnycore/Tulu-3.1-8B-SuperNova,bunnycore/Tulu-3.1-8B-SuperNova (Merge),0.8193748143813968,0.32499170772496944,0.24320241691842898,0.3126662234042553,0.06935123042505593,0.08687500000000002
1607,byroneverson/Mistral-Small-Instruct-2409-abliterated,mistralai/Mistral-Small-Instruct-2409,0.6970759806203097,0.31255700427788585,0.14954682779456194,0.3247635933806146,0.11073825503355701,0.03548177083333333
1608,byroneverson/Yi-1.5-9B-Chat-16K-abliterated,01-ai/Yi-1.5-9B-Chat-16K,0.5528453392553979,0.32843258967002553,0.1163141993957704,0.3136820330969267,0.08389261744966443,0.19679687499999995
1609,byroneverson/Yi-1.5-9B-Chat-abliterated,01-ai/Yi-1.5-9B-Chat,0.5723291976400395,0.3435218727198406,0.10800604229607252,0.30167700945626474,0.05592841163310966,0.13658072916666666
1610,c10x/Q-Pluse,Removed,0.11228318638988993,0.019479450969539604,0.0,0.015033983451536632,0.0,0.07126562500000001
1611,c10x/longthinker,Removed,0.3608791340310377,0.284247368611983,0.1691842900302115,0.2808067375886525,0.019015659955257263,0.06703125000000001
1612,carsenk/flippa-v6,meta-llama/Meta-Llama-3.1-8B,0.3439429602344003,0.29993501279427137,0.1382175226586103,0.296413268321513,0.057046979865771785,0.10876041666666668
1613,carsenk/phi3.5_mini_exp_825_uncensored,microsoft/Phi-3.5-mini-instruct,0.13641360479084386,0.01827812730226084,0.0,0.01946660756501181,0.0,0.03385416666666666
1614,cat-searcher/gemma-2-9b-it-sppo-iter-1,Removed,0.30147674836101546,0.4167630770023723,0.0,0.31709884751773054,0.12639821029082773,0.0715
1615,cat-searcher/gemma-2-9b-it-sppo-iter-1-evol-1,Removed,0.2941827683878775,0.4110464026733791,0.0,0.3110963356973995,0.12080536912751676,0.06904947916666669
1616,cckm/tinymistral_950m,cckm/tinymistral_950m (Merge),0.23952889444451833,0.02371788472964944,0.0030211480362537764,0.010693705673758856,0.01342281879194629,0.02053906250000001
1617,cgato/TheSalt-L3-8b-v0.3.2,cgato/TheSalt-L3-8b-v0.3.2,0.27050337548814923,0.02612714473502145,0.038519637462235655,0.01549571513002364,0.021252796420581685,0.06303125000000001
1618,chargoddard/prometheus-2-llama-3-8b,chargoddard/prometheus-2-llama-3-8b (Merge),0.5288900118352637,0.2780383919259717,0.08006042296072508,0.23186317966903072,0.030201342281879207,0.007812499999999996
1619,chujiezheng/Llama-3-Instruct-8B-SimPO-ExPO,chujiezheng/Llama-3-Instruct-8B-SimPO-ExPO,0.6433707008515184,0.2586828225174116,0.005287009063444109,0.2667700945626477,0.04921700223713646,0.09501302083333335
1620,chujiezheng/Mistral7B-PairRM-SPPO-ExPO,chujiezheng/Mistral7B-PairRM-SPPO-ExPO,0.36734863495525205,0.13678635807519432,0.010574018126888218,0.17239213947990542,0.03579418344519018,0.08658072916666666
1621,cloudyu/Llama-3-70Bx2-MOE,cloudyu/Llama-3-70Bx2-MOE,0.5482486469234964,0.5142213772529595,0.21752265861027195,0.4602356678486997,0.1912751677852349,0.20848437499999994
1622,cloudyu/Mixtral_34Bx2_MoE_60B,cloudyu/Mixtral_34Bx2_MoE_60B,0.4537770892343427,0.41209129053590965,0.07628398791540786,0.4184951241134751,0.1174496644295302,0.1778177083333333
1623,cloudyu/Mixtral_7Bx2_MoE,cloudyu/Mixtral_7Bx2_MoE,0.4480068440626427,0.322766407313606,0.06570996978851963,0.22706117021276595,0.0738255033557047,0.14644791666666662
1624,cloudyu/Yi-34Bx2-MoE-60B-DPO,cloudyu/Yi-34Bx2-MoE-60B-DPO,0.531887613753729,0.3125929800423146,0.0702416918429003,0.408521719858156,0.0961968680089485,0.1431692708333333
1625,cluebbers/Llama-3.1-8B-paraphrase-type-generation-apty-ipo,cluebbers/Llama-3.1-8B-paraphrase-type-generation-apty-ipo (Merge),0.1326668794354535,0.12669478223003602,0.006797583081570997,0.17673241725768318,0.017897091722595054,0.12419010416666666
1626,cluebbers/Llama-3.1-8B-paraphrase-type-generation-apty-sigmoid,cluebbers/Llama-3.1-8B-paraphrase-type-generation-apty-sigmoid (Merge),0.13184240038652997,0.12757325206130604,0.006797583081570997,0.1735926418439716,0.02460850111856823,0.12019010416666666
1627,cluebbers/Llama-3.1-8B-paraphrase-type-generation-etpc,cluebbers/Llama-3.1-8B-paraphrase-type-generation-etpc (Merge),0.12085156274241235,0.1269457911779628,0.004531722054380665,0.17285387115839237,0.020134228187919476,0.12048437499999999
1628,cognitivecomputations/Dolphin3.0-Llama3.1-8B,cognitivecomputations/Dolphin3.0-Llama3.1-8B (Merge),0.762122279994858,0.276317028058839,0.10498489425981873,0.2213356973995272,0.043624161073825496,0.08967968750000002
1629,cognitivecomputations/dolphin-2.9-llama3-8b,meta-llama/Meta-Llama-3-8B,0.38503393218881454,0.27858929260905124,0.055891238670694864,0.1967715721040189,0.04921700223713646,0.13791406250000005
1630,cognitivecomputations/dolphin-2.9.1-llama-3-70b,meta-llama/Meta-Llama-3-70B,0.37601674667659585,0.31101151872569244,0.05664652567975831,0.3477578309692671,0.07829977628635347,0.23695312499999996
1631,cognitivecomputations/dolphin-2.9.1-yi-1.5-34b,01-ai/Yi-1.5-34B,0.3852588908540451,0.4417408874277273,0.1623867069486405,0.3909759160756501,0.12416107382550338,0.1697395833333334
1632,cognitivecomputations/dolphin-2.9.1-yi-1.5-9b,01-ai/Yi-1.5-9B,0.44653297694561545,0.35776089725568605,0.1095166163141994,0.32965794917257685,0.1174496644295302,0.13516927083333335
1633,cognitivecomputations/dolphin-2.9.2-Phi-3-Medium,cognitivecomputations/dolphin-2.9.2-Phi-3-Medium (Merge),0.42477626032261073,0.49721940305081014,0.006042296072507553,0.3950391548463357,0.10290827740492169,0.11414843750000003
1634,cognitivecomputations/dolphin-2.9.2-Phi-3-Medium-abliterated,cognitivecomputations/dolphin-2.9.2-Phi-3-Medium-abliterated (Merge),0.4123614232458765,0.4838534691270737,0.006797583081570997,0.39162234042553196,0.1051454138702461,0.13732552083333338
1635,cognitivecomputations/dolphin-2.9.2-qwen2-72b,Qwen/Qwen2-72B,0.6343778950961227,0.4769617372826186,0.20619335347432027,0.49680481678487004,0.15995525727069348,0.17042447916666664
1636,cognitivecomputations/dolphin-2.9.2-qwen2-7b,Qwen/Qwen2-7B,0.35345993076149057,0.27914874953255536,0.12915407854984898,0.3389849290780142,0.05369127516778524,0.1165989583333333
1637,cognitivecomputations/dolphin-2.9.3-Yi-1.5-34B-32k,01-ai/Yi-1.5-34B-32k,0.36392660363391355,0.4340647565235176,0.16540785498489424,0.40335032505910173,0.12416107382550338,0.13348177083333332
1638,cognitivecomputations/dolphin-2.9.3-mistral-7B-32k,mistralai/Mistral-7B-v0.3,0.41263624959551765,0.26906353891780516,0.052114803625377654,0.20231235224586286,0.04697986577181204,0.1793255208333334
1639,cognitivecomputations/dolphin-2.9.3-mistral-nemo-12b,mistralai/Mistral-Nemo-Base-2407,0.5600894515441251,0.36082758659152925,0.05664652567975831,0.26409205082742315,0.08724832214765099,0.1520703125
1640,cognitivecomputations/dolphin-2.9.4-gemma2-2b,google/gemma-2-2b,0.08955127949396491,0.173676325443774,0.04682779456193354,0.1228021572104019,0.045861297539149914,0.10912760416666666
1641,cognitivecomputations/dolphin-2.9.4-llama3.1-8b,meta-llama/Meta-Llama-3.1-8B,0.2757239679605668,0.08972088688921526,0.0015105740181268882,0.026300236406619385,0.017897091722595054,0.00618489583333333
1642,collaiborateorg/Collaiborator-MEDLLM-Llama-3-8B-v2,Removed,0.3808871571873739,0.23648503176108246,0.057401812688821746,0.2756353427895981,0.11073825503355701,0.01595052083333333
1643,cpayne1303/cp2024,cpayne1303/cp2024,0.1658144833486261,0.027391414141414147,0.0,0.01124778368794326,0.007829977628635318,0.004557291666666663
1644,cpayne1303/cp2024-instruct,cpayne1303/cp2024,0.17061064641817045,0.02481300216779669,0.0,0.01854314420803781,0.01342281879194629,0.031794270833333325
1645,cpayne1303/llama-43m-beta,JackFram/llama-68m,0.19489066787235643,0.024960478068354778,0.0,0.012355939716312053,0.02460850111856823,0.06401041666666668
1646,cpayne1303/smallcp2024,cpayne1303/smallcp2024,0.1581958093414363,0.03118177558861132,0.0,0.012632978723404248,0.0,0.005333333333333328
1647,crestf411/MN-Slush,crestf411/MN-Slush (Merge),0.4077148632295642,0.33156422079931885,0.12235649546827794,0.27868277186761226,0.09843400447427292,0.08493489583333334
1648,cstr/llama3.1-8b-spaetzle-v90,cstr/llama3.1-8b-spaetzle-v90 (Merge),0.7356192679867197,0.32763665795841057,0.14803625377643506,0.30343158983451535,0.043624161073825496,0.11146354166666664
1649,cyberagent/calm3-22b-chat,cyberagent/calm3-22b-chat,0.509131327100981,0.2952088396885831,0.0649546827794562,0.2166260342789598,0.03579418344519018,0.16082031249999995
1650,darkc0de/BuddyGlassNeverSleeps,darkc0de/BuddyGlassNeverSleeps (Merge),0.4239019135892764,0.28477953494418695,0.06419939577039274,0.2724955673758865,0.059284116331096204,0.08608854166666668
1651,darkc0de/BuddyGlassUncensored2025.2,tiiuae/Falcon3-10B-Base,0.7731131176389758,0.43571245164023314,0.22885196374622357,0.37065972222222227,0.10402684563758392,0.09385416666666671
1652,darkc0de/BuddyGlass_v0.3_Xortron7MethedUpSwitchedUp,darkc0de/BuddyGlass_v0.3_Xortron7MethedUpSwitchedUp (Merge),0.4358424535787267,0.31869311081858004,0.12462235649546828,0.2969673463356974,0.06487695749440718,0.09491666666666669
1653,databricks/dbrx-instruct,databricks/dbrx-instruct,0.5415796752616392,0.3596381960359357,0.06873111782477341,0.29807550236406616,0.12192393736017897,0.1219921875
1654,databricks/dolly-v1-6b,databricks/dolly-v1-6b,0.22244311759464885,0.047813091701327,0.015105740181268885,0.029532358156028372,0.019015659955257263,0.08118750000000002
1655,databricks/dolly-v2-12b,databricks/dolly-v2-12b,0.23550734273948679,0.06377894137452961,0.01435045317220544,0.014295212765957445,0.0,0.055049479166666686
1656,databricks/dolly-v2-3b,databricks/dolly-v2-3b,0.22471597583301198,0.033247689565453875,0.006797583081570997,0.016142139479905428,0.014541387024608499,0.03222656249999999
1657,databricks/dolly-v2-7b,databricks/dolly-v2-7b,0.20098560707810834,0.05449892512817211,0.009818731117824775,0.016603871158392434,0.02460850111856823,0.027794270833333332
1658,davidkim205/Rhea-72b-v0.5,davidkim205/Rhea-72b-v0.5,0.014538092261865185,0.03670747300283603,0.06722054380664653,0.018450797872340413,0.0033557046979865533,0.11316927083333334
1659,davidkim205/nox-solar-10.7b-v4,davidkim205/nox-solar-10.7b-v4,0.37534187068090447,0.26631088145699616,0.0067975830815709985,0.259197695035461,0.07606263982102905,0.12563802083333334
1660,deepseek-ai/deepseek-llm-67b-chat,deepseek-ai/deepseek-llm-67b-chat,0.5587153197959193,0.3322524192534525,0.07401812688821753,0.3270722517730496,0.0883668903803132,0.2393307291666666
1661,deepseek-ai/deepseek-llm-7b-base,deepseek-ai/deepseek-llm-7b-base,0.21787191319033497,0.0976792479590425,0.014350453172205437,0.08955747635933804,0.031319910514541416,0.03755989583333332
1662,deepseek-ai/deepseek-llm-7b-chat,deepseek-ai/deepseek-llm-7b-chat,0.41708223070342243,0.11258949371501747,0.01812688821752266,0.12594193262411346,0.021252796420581685,0.1921302083333333
1663,deepseek-ai/deepseek-moe-16b-base,deepseek-ai/deepseek-moe-16b-base,0.2449744455821664,0.08355555779389383,0.01963746223564955,0.05612810283687943,0.0055928411633109736,0.033559895833333346
1664,deepseek-ai/deepseek-moe-16b-chat,deepseek-ai/deepseek-moe-16b-chat,0.36629919724109805,0.06573749026890635,0.0188821752265861,0.10710328014184398,0.0,0.05261718750000001
1665,dfurman/CalmeRys-78B-Orpo-v0.1,dfurman/CalmeRys-78B-Orpo-v0.1 (Merge),0.816327344778521,0.6192476379259158,0.40709969788519645,0.6680149231678487,0.20022371364653244,0.36372135416666657
1666,dfurman/Llama-3-70B-Orpo-v0.1,dfurman/Llama-3-70B-Orpo-v0.1 (Merge),0.20490742341431847,0.2409381654636037,0.15030211480362538,0.32143912529550833,0.010067114093959738,0.162796875
1667,dfurman/Llama-3-8B-Orpo-v0.1,dfurman/Llama-3-8B-Orpo-v0.1 (Merge),0.28351773294857646,0.1368074574746978,0.04380664652567976,0.14422650709219859,0.014541387024608499,0.022460937499999997
1668,dfurman/Qwen2-72B-Orpo-v0.1,dfurman/Qwen2-72B-Orpo-v0.1 (Merge),0.7879759039348927,0.5741436351018752,0.3814199395770393,0.49495789007092195,0.17897091722595074,0.20870052083333332
1669,dicta-il/dictalm2.0,dicta-il/dictalm2.0,0.24132745559559743,0.1648984561578202,0.017371601208459216,0.17830230496453903,0.05592841163310966,0.055127604166666684
1670,dicta-il/dictalm2.0-instruct,dicta-il/dictalm2.0,0.4412126491043764,0.1968807585119424,0.010574018126888218,0.17830230496453903,0.07046979865771814,0.09722916666666669
1671,distilbert/distilgpt2,distilbert/distilgpt2,0.06110010328151527,0.028352198455139633,0.0,0.02075945626477542,0.01230425055928408,0.111578125
1672,divyanshukunwar/SASTRI_1_9B,divyanshukunwar/SASTRI_1_9B (Merge),0.42072922068999147,0.23534216256795457,0.11329305135951662,0.24303708628841608,0.09507829977628639,0.05555989583333333
1673,djuna-test-lab/TEST-L3.2-ReWish-3B,djuna-test-lab/TEST-L3.2-ReWish-3B (Merge),0.6367759766308949,0.22066700432422257,0.12915407854984895,0.23620345744680848,0.044742729306487705,0.07918749999999995
1674,djuna-test-lab/TEST-L3.2-ReWish-3B-ties-w-base,djuna-test-lab/TEST-L3.2-ReWish-3B-ties-w-base (Merge),0.6352522418294569,0.22066700432422257,0.12915407854984895,0.23620345744680848,0.044742729306487705,0.07918749999999995
1675,djuna/G2-BigGSHT-27B-2,djuna/G2-BigGSHT-27B-2 (Merge),0.7974430067775725,0.48814372082405727,0.0,0.39199172576832153,0.15100671140939595,0.09934374999999998
1676,djuna/G2-GSHT,djuna/G2-GSHT (Merge),0.5630116978505919,0.3099205901512568,0.03474320241691843,0.23001625295508277,0.10067114093959727,0.08171614583333332
1677,djuna/Gemma-2-gemmama-9b,djuna/Gemma-2-gemmama-9b (Merge),0.770340474385741,0.32916050576064587,0.0,0.2343565307328605,0.11409395973154364,0.08459895833333332
1678,djuna/L3.1-ForStHS,djuna/L3.1-ForStHS (Merge),0.7813313120298585,0.313912168031268,0.14577039274924472,0.3038933215130024,0.05480984340044745,0.09664062500000002
1679,djuna/L3.1-Promissum_Mane-8B-Della-1.5-calc,djuna/L3.1-Promissum_Mane-8B-Della-1.5-calc (Merge),0.7235291249440374,0.34879576467762313,0.13972809667673716,0.32263962765957444,0.08612975391498878,0.13026822916666667
1680,djuna/L3.1-Promissum_Mane-8B-Della-calc,djuna/L3.1-Promissum_Mane-8B-Della-calc (Merge),0.544152847777231,0.35553825960108404,0.0,0.3112810283687943,0.06599552572706939,0.1280703125
1681,djuna/L3.1-Purosani-2-8B,djuna/L3.1-Purosani-2-8B (Merge),0.4988153654525547,0.3139134266518426,0.11329305135951664,0.3057402482269504,0.06823266219239373,0.08303124999999996
1682,djuna/L3.1-Suze-Vume-calc,djuna/L3.1-Suze-Vume-calc (Merge),0.7296739318341998,0.3113663819998827,0.11253776435045318,0.27942154255319146,0.04250559284116329,0.08303124999999996
1683,djuna/MN-Chinofun,djuna/MN-Chinofun (Merge),0.6110220880596817,0.2848357519092637,0.11178247734138973,0.28921025413711576,0.06152125279642054,0.10377604166666662
1684,djuna/MN-Chinofun-12B-2,djuna/MN-Chinofun-12B-2 (Merge),0.6170671595810228,0.2952608352696446,0.11178247734138973,0.2905954491725768,0.0738255033557047,0.13354166666666664
1685,djuna/MN-Chinofun-12B-3,djuna/MN-Chinofun-12B-3 (Merge),0.3052744495715812,0.34219196465449736,0.08685800604229607,0.22512189716312053,0.021252796420581685,0.10907291666666667
1686,djuna/Q2.5-Partron-7B,djuna/Q2.5-Partron-7B (Merge),0.7321218810533828,0.3525726531667357,0.0007552870090634441,0.36474955673758863,0.06375838926174497,0.11067708333333336
1687,djuna/Q2.5-Veltha-14B,djuna/Q2.5-Veltha-14B (Merge),0.8291666112581285,0.4975243239928858,0.2802114803625378,0.47759677895981084,0.145413870246085,0.12261718749999999
1688,djuna/Q2.5-Veltha-14B-0.5,djuna/Q2.5-Veltha-14B-0.5 (Merge),0.7795826185631901,0.5031812598570335,0.338368580060423,0.47722739361702127,0.15771812080536915,0.1417161458333333
1689,dnhkng/RYS-Llama-3-8B-Instruct,dnhkng/RYS-Llama-3-8B-Instruct,0.6957772044841022,0.25373015462245585,0.06797583081570997,0.2841312056737588,0.010067114093959738,0.0029296874999999957
1690,dnhkng/RYS-Llama-3-Huge-Instruct,dnhkng/RYS-Llama-3-Huge-Instruct,0.7685917809190724,0.49073720772233254,0.23111782477341392,0.4566341607565011,0.014541387024608499,0.1192838541666667
1691,dnhkng/RYS-Llama-3-Large-Instruct,dnhkng/RYS-Llama-3-Large-Instruct,0.8050616807847623,0.4966553902889135,0.23716012084592145,0.4596815898345154,0.05257270693512303,0.11453906250000002
1692,dnhkng/RYS-Llama-3.1-8B-Instruct,dnhkng/RYS-Llama-3.1-8B-Instruct,0.7684920455502511,0.31085445296018976,0.12613293051359514,0.2932734929078014,0.02348993288590602,0.07679687500000001
1693,dnhkng/RYS-Llama3.1-Large,dnhkng/RYS-Llama3.1-Large,0.8492001223420524,0.5541486404819653,0.304380664652568,0.47205599881796695,0.16554809843400445,0.17091145833333332
1694,dnhkng/RYS-Medium,dnhkng/RYS-Medium,0.44061312872068326,0.47734201324861514,0.07779456193353475,0.3695515661938535,0.10402684563758392,0.08732552083333331
1695,dnhkng/RYS-Phi-3-medium-4k-instruct,dnhkng/RYS-Phi-3-medium-4k-instruct,0.4391392616036561,0.46748970518349153,0.12311178247734139,0.4273603723404255,0.13982102908277402,0.11093489583333332
1696,dnhkng/RYS-XLarge,dnhkng/RYS-XLarge,0.7995662619627035,0.5877356748233938,0.4123867069486405,0.4920028073286053,0.17897091722595074,0.23721093749999997
1697,dnhkng/RYS-XLarge-base,dnhkng/RYS-XLarge-base,0.7910233735377686,0.5869214607657639,0.37160120845921457,0.4922798463356975,0.17225950782997765,0.22417187500000002
1698,dnhkng/RYS-XLarge2,Removed,0.49019712141562166,0.5154993579817893,0.2719033232628399,0.4864620271867611,0.16554809843400445,0.17050260416666663
1699,dreamgen/WizardLM-2-7B,dreamgen/WizardLM-2-7B,0.4582984259542458,0.09213113542615597,0.03021148036253777,0.18448950945626477,0.04921700223713646,0.07528385416666666
1700,dustinwloring1988/Reflexis-8b-chat-v1,Removed,0.3657750324694034,0.24109958157326172,0.11480362537764349,0.2649231678486998,0.0055928411633109736,0.048244791666666675
1701,dustinwloring1988/Reflexis-8b-chat-v2,Removed,0.39120422700656476,0.24892196306273934,0.12160120845921452,0.26418439716312053,0.026845637583892648,0.049127604166666686
1702,dustinwloring1988/Reflexis-8b-chat-v3,Removed,0.536733644507684,0.24168293247720743,0.12084592145015106,0.2831153959810875,0.0,0.04763802083333334
1703,dustinwloring1988/Reflexis-8b-chat-v4,Removed,0.4697890486132351,0.24331770038797557,0.1027190332326284,0.26556959219858156,0.0,0.030460937500000004
1704,dustinwloring1988/Reflexis-8b-chat-v5,Removed,0.4237523105360444,0.2519578426022486,0.12462235649546827,0.2463615543735224,0.027964205816554788,0.040539062500000014
1705,dustinwloring1988/Reflexis-8b-chat-v6,Removed,0.49389397908660126,0.26116102641092814,0.13595166163141995,0.2754506501182033,0.016778523489932917,0.043500000000000004
1706,dustinwloring1988/Reflexis-8b-chat-v7,Removed,0.3980482896492418,0.2598749682684877,0.14803625377643506,0.29364287825059104,0.015659955257270708,0.015361979166666664
1707,dwikitheduck/gemma-2-2b-id,dwikitheduck/gemma-2-2b-id,0.38785644312646,0.15415129369168448,0.005287009063444109,0.13037455673758863,0.06599552572706939,0.10728385416666666
1708,dwikitheduck/gemma-2-2b-id-inst,dwikitheduck/gemma-2-2b-id-inst,0.38785644312646,0.15415129369168448,0.005287009063444109,0.13037455673758863,0.06599552572706939,0.10728385416666666
1709,dwikitheduck/gemma-2-2b-id-instruct,dwikitheduck/gemma-2-2b-id-instruct,0.38785644312646,0.15415129369168448,0.005287009063444109,0.13037455673758863,0.06599552572706939,0.10728385416666666
1710,dwikitheduck/gen-inst-1,Qwen/Qwen2.5-14B,0.7750114141588762,0.4831674208220422,0.0445619335347432,0.45432550236406627,0.1621923937360179,0.1226770833333333
1711,dwikitheduck/gen-try1,dwikitheduck/gen-try1 (Merge),0.7522052598217175,0.4741312903142858,0.1351963746223565,0.4567265070921986,0.12192393736017897,0.14961979166666664
1712,dwikitheduck/gen-try1-notemp,Removed,0.26270961050013963,0.45749092669505464,0.27416918429003023,0.46780806737588654,0.13870246085011187,0.17927083333333332
1713,dzakwan/dzakwan-MoE-4x7b-Beta,dzakwan/dzakwan-MoE-4x7b-Beta (Merge),0.44426011870725235,0.32074208465442544,0.07703927492447131,0.23417183806146574,0.04809843400447425,0.12109114583333336
1714,ehristoforu/Falcon3-8B-Franken-Basestruct,ehristoforu/Falcon3-8B-Franken-Basestruct (Merge),0.17148499315150467,0.34856419062481203,0.0,0.32744163711583923,0.12080536912751676,0.018028645833333322
1715,ehristoforu/Falcon3-MoE-2x7B-Insruct,ehristoforu/Falcon3-MoE-2x7B-Insruct (Merge),0.7642954028643999,0.380671542210182,0.3217522658610272,0.3438792848699764,0.08277404921700222,0.21605208333333334
1716,ehristoforu/Gemma2-9B-it-psy10k-mental_health,google/gemma-2-9b,0.5886658510529839,0.3556600949863266,0.13746223564954685,0.3143284574468085,0.11633109619686799,0.093421875
1717,ehristoforu/Gemma2-9b-it-train6,google/gemma-2-9b,0.7025215317579578,0.4098762530159646,0.09290030211480364,0.32688755910165485,0.1051454138702461,0.09652083333333338
1718,ehristoforu/HappyLlama1,voidful/Llama-3.2-8B-Instruct,0.7362686560548235,0.2849977340708129,0.10120845921450151,0.28283835697399523,0.044742729306487705,0.11252604166666665
1719,ehristoforu/RQwen-v0.1,ehristoforu/RQwen-v0.1 (Merge),0.7624968417133207,0.48490851657603423,0.02945619335347432,0.46688460401891246,0.10067114093959727,0.10438281250000003
1720,ehristoforu/RQwen-v0.2,ehristoforu/RQwen-v0.1 (Merge),0.7503568309862277,0.4868383680717029,0.19108761329305135,0.46208259456264783,0.11633109619686799,0.11950000000000002
1721,ehristoforu/SoRu-0009,Vikhrmodels/Vikhr-Qwen-2.5-0.5b-Instruct (Merge),0.2581882737802365,0.051374576207956546,0.0,0.02657727541371158,0.014541387024608499,0.00618489583333333
1722,ehristoforu/coolqwen-3b-it,Qwen/Qwen2.5-3B,0.6472670292601408,0.27463695565892304,0.0,0.289025561465721,0.043624161073825496,0.09763802083333334
1723,ehristoforu/falcon3-ultraset,tiiuae/Falcon3-7B-Base,0.7135123694020754,0.37555134459501743,0.2031722054380665,0.33132018321512996,0.1096196868008949,0.2099739583333334
1724,ehristoforu/mllama-3.1-8b-instruct,ehristoforu/mllama-3.1-8b-instruct (Merge),0.3457913890698901,0.26370934099251986,0.27341389728096677,0.17036052009456268,0.026845637583892648,0.03683333333333334
1725,ehristoforu/mllama-3.1-8b-it,ehristoforu/mllama-3.1-8b-it (Merge),0.3878819310540477,0.28024833549561223,0.3270392749244714,0.1802415780141844,0.03579418344519018,0.06658072916666667
1726,ehristoforu/phi-4-25b,ehristoforu/phi-4-25b (Merge),0.6483663346587056,0.5567261468233141,0.0770392749244713,0.483414598108747,0.09172259507829976,0.11432291666666666
1727,ehristoforu/qwen2.5-with-lora-think-3b-it,Qwen/Qwen2.5-3B,0.5319374814381398,0.25079463471996294,0.0,0.26695478723404253,0.04026845637583895,0.12903125000000004
1728,ehristoforu/rufalcon3-3b-it,tiiuae/Falcon3-3B-Instruct,0.5942111375594533,0.1821435758381163,0.17371601208459214,0.14976728723404253,0.030201342281879207,0.10391406249999997
1729,ehristoforu/ruphi-4b,microsoft/Phi-3.5-mini-instruct,0.17518185082248436,0.02400631279750579,0.0,0.014018173758865236,0.0,0.03163802083333333
1730,elinas/Chronos-Gold-12B-1.0,mistralai/Mistral-Nemo-Base-2407,0.3165656014929277,0.3590894700063131,0.049093655589123875,0.27979092789598103,0.09060402684563762,0.19415364583333333
1731,ell44ot/gemma-2b-def,ell44ot/gemma-2b-def (Merge),0.26930433472076315,0.04586419628734295,0.017371601208459216,0.0636081560283688,0.031319910514541416,0.05310937500000001
1732,euclaise/ReMask-3B,euclaise/ReMask-3B,0.24192697597929047,0.08742082990875964,0.017371601208459216,0.03969045508274229,0.02237136465324381,0.026617187500000004
1733,ewre324/Thinker-Llama-3.2-3B-Instruct-Reasoning,ewre324/Thinker-Llama-3.2-3B-Instruct-Reasoning,0.44388555698878973,0.19412583015522838,0.09063444108761329,0.20960771276595744,0.03579418344519018,0.07191406250000001
1734,ewre324/Thinker-Qwen2.5-0.5B-Instruct-Reasoning,ewre324/Thinker-Qwen2.5-0.5B-Instruct-Reasoning,0.2476473534665798,0.07394609633807861,0.004531722054380665,0.07191932624113473,0.04697986577181204,0.0147734375
1735,ewre324/Thinker-SmolLM2-135M-Instruct-Reasoning,ewre324/Thinker-SmolLM2-135M-Instruct-Reasoning (Merge),0.2583633647610562,0.03973352610707206,0.0015105740181268882,0.010416666666666661,0.0033557046979865533,0.02965624999999999
1736,experiment-llm/exp-3-q-r,rombodawg/Rombos-LLM-V2.5-Qwen-7b (Merge),0.6035785050333117,0.339949174008218,0.23564954682779457,0.36844341016548454,0.058165548098433995,0.12142708333333334
1737,facebook/opt-1.3b,facebook/opt-1.3b,0.23832985367713222,0.036480520895226784,0.0075528700906344415,0.011894208037825047,0.0,0.020833333333333325
1738,facebook/opt-30b,facebook/opt-30b,0.2452991396162183,0.03498429385175961,0.006042296072507554,0.01817375886524822,0.02572706935123044,0.041854166666666665
1739,failspy/Llama-3-8B-Instruct-MopeyMule,failspy/Llama-3-8B-Instruct-MopeyMule,0.6750444376476638,0.13620495859752507,0.01812688821752266,0.08494015957446807,0.0,0.022460937499999997
1740,failspy/Llama-3-8B-Instruct-abliterated,failspy/Llama-3-8B-Instruct-abliterated,0.5908888416069362,0.1886459884908717,0.03776435045317221,0.19353945035460987,0.03467561521252797,0.10514583333333334
1741,failspy/Meta-Llama-3-70B-Instruct-abliterated-v3.5,failspy/Meta-Llama-3-70B-Instruct-abliterated-v3.5,0.7746867201248244,0.3787133313079306,0.13293051359516617,0.3835882092198581,0.06263982102908276,0.079734375
1742,failspy/Phi-3-medium-4k-instruct-abliterated-v3,failspy/Phi-3-medium-4k-instruct-abliterated-v3,0.6319299458769398,0.4673283933573803,0.15483383685800606,0.37777039007092195,0.08948545861297541,0.18518749999999998
1743,failspy/llama-3-70B-Instruct-abliterated,failspy/llama-3-70B-Instruct-abliterated,0.8023389052159382,0.4893981832466943,0.25528700906344415,0.4606050531914893,0.05257270693512303,0.1052838541666667
1744,fblgit/TheBeagle-v2beta-32B-MGS,fblgit/TheBeagle-v2beta-32B-MGS (Merge),0.518074265171966,0.5802797620116761,0.433534743202417,0.5461177600472813,0.1767337807606264,0.24260416666666668
1745,fblgit/UNA-SimpleSmaug-34b-v1beta,jondurbin/bagel-34b-v0.2,0.45562551806983254,0.32775788922324495,0.0015105740181268884,0.3932845744680851,0.08948545861297541,0.11961979166666667
1746,fblgit/UNA-TheBeagle-7b-v1,fblgit/UNA-TheBeagle-7b-v1,0.36887236975668997,0.30173396964633464,0.07628398791540786,0.2243831264775413,0.045861297539149914,0.16088020833333327
1747,fblgit/UNA-ThePitbull-21.4B-v2,fblgit/UNA-ThePitbull-21.4B-v2,0.37903872835188407,0.4678807384004312,0.10800604229607252,0.2795138888888889,0.06935123042505593,0.06420833333333334
1748,fblgit/cybertron-v4-qw7B-MGS,fblgit/cybertron-v4-qw7B-MGS (Merge),0.6263846593704703,0.3704162311029608,0.277190332326284,0.38589686761229314,0.0805369127516779,0.1320338541666667
1749,fblgit/cybertron-v4-qw7B-UNAMGS,fblgit/cybertron-v4-qw7B-UNAMGS (Merge),0.6084245357872666,0.3770717271699329,0.2990936555891239,0.38894429669030733,0.10850111856823269,0.12691666666666668
1750,fblgit/juanako-7b-UNA,fblgit/juanako-7b-UNA,0.48372762049140716,0.304150720159613,0.03172205438066465,0.1967715721040189,0.06152125279642054,0.17162499999999994
1751,fblgit/miniclaus-qw1.5B-UNAMGS,Qwen/Qwen2.5-1.5B,0.3348005514257725,0.18562863710456667,0.09818731117824774,0.21524083924349882,0.05592841163310966,0.12234635416666668
1752,fblgit/pancho-v1-qw25-3B-UNAMGS,Qwen/Qwen2.5-3B,0.536134124123991,0.28669650217921316,0.14425981873111782,0.3073101359338061,0.06263982102908276,0.0817578125
1753,fblgit/una-cybertron-7b-v2-bf16,fblgit/una-cybertron-7b-v2-bf16,0.4737108649494452,0.14966964848379982,0.038519637462235655,0.1602947695035461,0.06375838926174497,0.14482031250000005
1754,flammenai/Llama3.1-Flammades-70B,flammenai/Llama3.1-Flammades-70B (Merge),0.7058438277104748,0.5254794346693766,0.14350453172205438,0.41692523640661944,0.13870246085011187,0.22348177083333326
1755,flammenai/Mahou-1.2a-llama3-8B,flammenai/Mahou-1.2a-llama3-8B (Merge),0.50925655039739,0.2897258765529243,0.08685800604229608,0.3130356087470449,0.05145413870246088,0.06016666666666668
1756,flammenai/Mahou-1.2a-mistral-7B,flammenai/Mahou-1.2a-mistral-7B (Merge),0.4552010886669592,0.3116675003710749,0.06419939577039276,0.2403590425531915,0.029082774049216997,0.06969791666666668
1757,flammenai/Mahou-1.5-llama3.1-70B,flammenai/Mahou-1.5-llama3.1-70B (Merge),0.7146615424850509,0.5236957740630965,0.1435045317220544,0.4165558510638298,0.13870246085011187,0.237109375
1758,flammenai/Mahou-1.5-mistral-nemo-12B,flammenai/Mahou-1.5-mistral-nemo-12B (Merge),0.6751441730164851,0.36260510188013406,0.05664652567975832,0.28911790780141844,0.03467561521252797,0.16471874999999997
1759,flammenai/flammen15-gutenberg-DPO-v1-7B,flammenai/flammen15-gutenberg-DPO-v1-7B (Merge),0.47980580415519714,0.3266511308584827,0.07401812688821753,0.2428523936170213,0.045861297539149914,0.12530729166666668
1760,fluently-lm/Llama-TI-8B,meta-llama/Llama-3.1-8B,0.2880390696684797,0.3198433267820214,0.1971299093655589,0.2711103723404255,0.06152125279642054,0.12683854166666664
1761,fluently-sets/FalconThink3-10B-IT,tiiuae/Falcon3-10B-Base,0.7326216660682544,0.44975804333935004,0.23716012084592145,0.3816489361702128,0.11297539149888143,0.15552343749999997
1762,fluently-sets/reasoning-1-1k-demo,Qwen/Qwen2.5-14B,0.7524800861713586,0.4894403407214196,0.0007552870090634441,0.4193262411347518,0.11409395973154364,0.09691145833333335
1763,frameai/Loxa-4B,frameai/Loxa-4B,0.47648350820268,0.18307902854016178,0.10876132930513595,0.2001883865248227,0.044742729306487705,0.03873697916666666
1764,freewheelin/free-evo-qwen72b-v0.8-re,freewheelin/free-evo-qwen72b-v0.8-re,0.5330866545211151,0.4531740264996691,0.17749244712990936,0.4300384160756501,0.14205816554809844,0.20962499999999995
1765,freewheelin/free-solar-evo-v0.1,freewheelin/free-solar-evo-v0.1,0.20500715878313983,0.22635182738331655,0.0007552870090634442,0.26824763593380613,0.05480984340044745,0.22256249999999997
1766,freewheelin/free-solar-evo-v0.11,freewheelin/free-solar-evo-v0.11,0.20265894493277833,0.23182424969788912,0.0,0.2741578014184397,0.04697986577181204,0.24285677083333326
1767,freewheelin/free-solar-evo-v0.13,freewheelin/free-solar-evo-v0.13,0.23205982349056062,0.2335420388572778,0.0,0.2744348404255319,0.05145413870246088,0.24077864583333328
1768,fulim/FineLlama-3.1-8B,meta-llama/Meta-Llama-3.1-8B,0.14388267574480157,0.2246259684566392,0.045317220543806644,0.24082077423167847,0.057046979865771785,0.08109114583333335
1769,gabrielmbmb/SmolLM-1.7B-Instruct-IFEval,HuggingFaceTB/SmolLM-1.7B,0.23058595637353335,0.0450167515878636,0.0,0.017342641843971617,0.004474272930648763,0.01595052083333333
1770,gaverfraxz/Meta-Llama-3.1-8B-Instruct-HalfAbliterated-DELLA,gaverfraxz/Meta-Llama-3.1-8B-Instruct-HalfAbliterated-DELLA (Merge),0.40094615619888563,0.15276579446085892,0.008308157099697885,0.07265809692671395,0.045861297539149914,0.034635416666666675
1771,gaverfraxz/Meta-Llama-3.1-8B-Instruct-HalfAbliterated-TIES,gaverfraxz/Meta-Llama-3.1-8B-Instruct-HalfAbliterated-TIES (Merge),0.4550514856137272,0.28914235153339357,0.12915407854984895,0.2976137706855792,0.02237136465324381,0.0658541666666667
1772,gbueno86/Brinebreath-Llama-3.1-70B,gbueno86/Brinebreath-Llama-3.1-70B (Merge),0.5532952565858589,0.5546361848802468,0.2998489425981873,0.4662381796690308,0.12863534675615215,0.1749114583333333
1773,gbueno86/Meta-LLama-3-Cat-Smaug-LLama-70b,gbueno86/Meta-LLama-3-Cat-Smaug-LLama-70b (Merge),0.8071849359698932,0.5150838639894525,0.2681268882175227,0.4527556146572104,0.10290827740492169,0.15002864583333328
1774,ghost-x/ghost-8b-beta-1608,ghost-x/ghost-8b-beta,0.42727407722620425,0.23463963859654835,0.01283987915407855,0.2044363179669031,0.011185682326621947,0.0158125
1775,glaiveai/Reflection-Llama-3.1-70B,glaiveai/Reflection-Llama-3.1-70B,0.5990571683134084,0.37960486324370557,0.0,0.5934914302600472,0.08612975391498878,0.13720572916666662
1776,gmonsoon/SahabatAI-Llama-11B-Test,gmonsoon/SahabatAI-Llama-11B-Test (Merge),0.33757319467900726,0.24457264432236542,0.024924471299093656,0.24248300827423164,0.04250559284116329,0.07783593750000001
1777,gmonsoon/SahabatAI-MediChatIndo-8B-v1,gmonsoon/SahabatAI-MediChatIndo-8B-v1 (Merge),0.4162832395820867,0.2364009974170933,0.06193353474320242,0.23417183806146574,0.043624161073825496,0.045578125000000004
1778,gmonsoon/SahabatAI-Rebase-8B-Test,gmonsoon/SahabatAI-Rebase-8B-Test (Merge),0.5156263159527831,0.32002221117609536,0.11480362537764349,0.29595153664302604,0.05033557046979867,0.11426822916666664
1779,gmonsoon/StockSeaLLMs-7B-v1,gmonsoon/StockSeaLLMs-7B-v1 (Merge),0.4599218961245052,0.34012624962225657,0.17598187311178248,0.3279957151300236,0.07046979865771814,0.11071875000000003
1780,gmonsoon/gemma2-9b-sahabatai-v1-instruct-BaseTIES,gmonsoon/gemma2-9b-sahabatai-v1-instruct-BaseTIES (Merge),0.7377923908562615,0.43401341987357206,0.1933534743202417,0.3718602245862883,0.09395973154362418,0.1912526041666666
1781,godlikehhd/alpaca_data_full_2,godlikehhd/alpaca_data_full_2,0.31781450994472443,0.18446949715094674,0.09290030211480364,0.20600620567375885,0.06375838926174497,0.09944531250000002
1782,godlikehhd/alpaca_data_ifd_max_2600,godlikehhd/alpaca_data_ifd_max_2600,0.3042504997850149,0.15966392816231315,0.09441087613293052,0.21293218085106383,0.07046979865771814,0.06391406250000001
1783,godlikehhd/alpaca_data_ifd_me_max_5200,Removed,0.36832271705740766,0.1682395652793481,0.08987915407854985,0.22022754137115835,0.05480984340044745,0.06599218750000001
1784,godlikehhd/alpaca_data_ifd_min_2600,godlikehhd/alpaca_data_ifd_min_2600,0.3749673089624419,0.1861162063219574,0.07779456193353475,0.21034648345153661,0.05592841163310966,0.06703125000000003
1785,godlikehhd/alpaca_data_ins_ans_max_5200,Removed,0.34786477657061043,0.1626868941225307,0.09743202416918428,0.2111776004728132,0.05480984340044745,0.07620833333333335
1786,godlikehhd/alpaca_data_ins_max_5200,godlikehhd/alpaca_data_ins_max_5200,0.3275065714526346,0.17540671840924307,0.09214501510574018,0.21283983451536645,0.06152125279642054,0.06405208333333333
1787,godlikehhd/alpaca_data_ins_min_2600,godlikehhd/alpaca_data_ins_min_2600,0.3330019902746934,0.17536332360673618,0.09592145015105741,0.20886894208037826,0.06375838926174497,0.08167968750000001
1788,godlikehhd/alpaca_data_ins_min_5200,godlikehhd/alpaca_data_ins_min_5200,0.3359995921931586,0.18691277867616157,0.09743202416918428,0.21653368794326236,0.04921700223713646,0.09085677083333335
1789,godlikehhd/alpaca_data_sampled_ifd_5200,godlikehhd/alpaca_data_sampled_ifd_5200,0.2923853154075631,0.1596825358073914,0.11933534743202417,0.21071586879432622,0.07829977628635347,0.07575781250000001
1790,godlikehhd/alpaca_data_sampled_ifd_new_5200,godlikehhd/alpaca_data_sampled_ifd_new_5200,0.36632468516868577,0.17561425245080894,0.08610271903323262,0.21385564420803782,0.058165548098433995,0.08389583333333334
1791,godlikehhd/alpaca_data_score_max_0.1_2600,godlikehhd/alpaca_data_score_max_0.1_2600,0.3287554799044314,0.18621496831589138,0.09063444108761329,0.213670951536643,0.05480984340044745,0.072640625
1792,godlikehhd/alpaca_data_score_max_0.3_2600,godlikehhd/alpaca_data_score_max_0.3_2600,0.3375233269945966,0.16924620676581448,0.09441087613293052,0.21256279550827425,0.05257270693512303,0.08226822916666668
1793,godlikehhd/alpaca_data_score_max_0.7_2600,godlikehhd/alpaca_data_score_max_0.7_2600,0.3639764713183243,0.1814398633190028,0.09818731117824774,0.22031988770685576,0.07158836689038028,0.05324739583333333
1794,godlikehhd/alpaca_data_score_max_2500,godlikehhd/alpaca_data_score_max_2500,0.3563577973111344,0.17930587543977594,0.08081570996978851,0.215517878250591,0.06040268456375841,0.08271875000000001
1795,godlikehhd/alpaca_data_score_max_2600_3B,godlikehhd/alpaca_data_score_max_2600_3B,0.33577463352792813,0.2600926717613288,0.08308157099697885,0.2602135047281324,0.020134228187919476,0.1429765625
1796,godlikehhd/alpaca_data_score_max_5200,godlikehhd/alpaca_data_score_max_5200,0.3445424806180933,0.18575115132209194,0.08308157099697885,0.21607195626477538,0.06375838926174497,0.07440625
1797,godlikehhd/ifd_2500_qwen,Removed,0.3364738892804426,0.19136234077656636,0.08987915407854985,0.21348625886524822,0.06040268456375841,0.07250260416666668
1798,godlikehhd/ifd_new_correct_all_sample_2500_qwen,Removed,0.33757319467900726,0.15682840817827373,0.08761329305135952,0.20988475177304963,0.05369127516778524,0.06554166666666666
1799,godlikehhd/ifd_new_correct_sample_2500_qwen,Removed,0.33974631754854895,0.16877004154041816,0.08987915407854985,0.2146867612293144,0.07718120805369133,0.07901302083333334
1800,godlikehhd/ifd_new_qwen_2500,Removed,0.323959316834887,0.1763795023834911,0.10120845921450151,0.21228575650118206,0.06711409395973152,0.061697916666666686
1801,godlikehhd/qwen-2.5-1.5b-cherry,Removed,0.28933784580468713,0.16323588748077067,0.09667673716012085,0.213670951536643,0.06711409395973152,0.045697916666666664
1802,godlikehhd/qwen_2.5-1.5b-cherry_new,Removed,0.3120442647730245,0.1759708505979556,0.08836858006042297,0.21043882978723402,0.06375838926174497,0.06332552083333334
1803,godlikehhd/qwen_full_data_alpaca,Removed,0.31361786725887314,0.18614215673166096,0.09290030211480364,0.20563682033096925,0.057046979865771785,0.09677864583333334
1804,godlikehhd/qwen_ins_ans_2500,Removed,0.2698041197356348,0.17695311631481697,0.10574018126888216,0.2010195035460993,0.05592841163310966,0.06924739583333334
1805,google/codegemma-1.1-2b,google/codegemma-1.1-2b,0.22936253584932423,0.07551225280004151,0.0067975830815709985,0.030917553191489346,0.020134228187919476,0.059265625
1806,google/flan-t5-base,google/flan-t5-base,0.18907055501624576,0.11337693677304879,0.0,0.03969045508274229,0.0,0.03222656249999999
1807,google/flan-t5-large,google/flan-t5-large,0.22009490374428736,0.17510018280067285,0.0,0.0787529550827423,0.0011185682326622093,0.09007031249999999
1808,google/flan-t5-small,google/flan-t5-small,0.1524255641697363,0.0636311196167965,0.0,0.025930851063829773,0.014541387024608499,0.1036979166666667
1809,google/flan-t5-xl,google/flan-t5-xl,0.2206944241279804,0.22837587663523298,0.0007552870090634442,0.12686539598108748,0.0,0.11853906250000001
1810,google/flan-t5-xxl,google/flan-t5-xxl,0.2200450360598767,0.30119255600105876,0.0,0.14921320921985815,0.026845637583892648,0.11185416666666669
1811,google/flan-ul2,google/flan-ul2,0.23925406809487715,0.3002029012567709,0.0015105740181268882,0.16592789598108748,0.05033557046979867,0.05577604166666667
1812,google/gemma-1.1-2b-it,google/gemma-1.1-2b-it,0.30674831668860847,0.058628267227743475,0.0015105740181268884,0.05372709810874704,0.02572706935123044,0.02024479166666666
1813,google/gemma-1.1-7b-it,google/gemma-1.1-7b-it,0.5039107346285633,0.1593420938501317,0.03625377643504532,0.175993646572104,0.058165548098433995,0.11510937500000003
1814,google/gemma-2-27b,google/gemma-2-27b,0.2475221301701707,0.3739073745418646,0.16163141993957705,0.374538268321513,0.13422818791946312,0.13921093749999996
1815,google/gemma-2-27b-it,google/gemma-2-27b,0.7977677008116243,0.4927284215130387,0.007552870090634441,0.38349586288416077,0.16666666666666663,0.09112760416666667
1816,google/gemma-2-2b,google/gemma-2-2b,0.19931226922343825,0.11755807532236112,0.028700906344410873,0.13111332742316786,0.016778523489932917,0.11430468750000002
1817,google/gemma-2-2b-it,google/gemma-2-2b,0.5668337788179808,0.17980792881523425,0.0007552870090634441,0.17220744680851058,0.03243847874720355,0.07077343750000001
1818,google/gemma-2-2b-jpn-it,google/gemma-2-2b,0.5288401441508531,0.17848086390818035,0.0,0.16297281323877066,0.03355704697986576,0.049283854166666675
1819,google/gemma-2-9b,google/gemma-2-9b,0.20398320899657357,0.3409681853589784,0.1314199395770393,0.3448027482269504,0.1051454138702461,0.14297656250000002
1820,google/gemma-2-9b-it,google/gemma-2-9b,0.7435626360279614,0.42136619683664656,0.0022658610271903325,0.3194998522458629,0.1476510067114094,0.09742187500000002
1821,google/gemma-2b,google/gemma-2b,0.20375825033134304,0.08466712864840373,0.030211480362537766,0.04061391843971631,0.006711409395973183,0.07555989583333336
1822,google/gemma-2b-it,google/gemma-2b-it,0.269029508371122,0.05214303022163619,0.004531722054380665,0.0392287234042553,0.038031319910514526,0.030322916666666675
1823,google/gemma-7b,google/gemma-7b,0.2659321710838353,0.21116099323291737,0.07477341389728098,0.21644134160756498,0.04921700223713646,0.10979947916666669
1824,google/gemma-7b-it,google/gemma-7b,0.3868324933398937,0.11880091344549441,0.01812688821752266,0.07718306737588652,0.045861297539149914,0.12528385416666668
1825,google/mt5-base,google/mt5-base,0.16451570721241862,0.0129855138817669,0.0,0.00773862293144208,0.0,0.028677083333333346
1826,google/mt5-small,google/mt5-small,0.17180968718555653,0.010709714795008913,0.0,0.013648788416075646,0.0,0.059187500000000004
1827,google/mt5-xl,google/mt5-xl,0.19596448534333347,0.032824619143354036,0.0,0.013279403073286051,0.019015659955257263,0.050401041666666646
1828,google/mt5-xxl,google/mt5-xxl,0.23575668116154028,0.02504710800447747,0.0,0.009862588652482256,0.0,0.03551822916666667
1829,google/recurrentgemma-2b,google/recurrentgemma-2b,0.3017028151970106,0.04820362231034737,0.01661631419939577,0.019558953900709206,0.0,0.031049479166666668
1830,google/recurrentgemma-2b-it,google/recurrentgemma-2b-it,0.2949329999955673,0.07978763840391559,0.01661631419939577,0.04467715721040189,0.004474272930648763,0.03624479166666668
1831,google/recurrentgemma-9b,google/recurrentgemma-9b,0.31159434744256354,0.15323368888997413,0.0649546827794562,0.17830230496453903,0.04697986577181204,0.06599218750000001
1832,google/recurrentgemma-9b-it,google/recurrentgemma-9b-it,0.5010383560065071,0.21621580084740116,0.06722054380664653,0.2048057033096927,0.026845637583892648,0.13771614583333336
1833,google/switch-base-8,google/switch-base-8,0.15852050337548815,0.017024781049821334,0.0,0.01087839834515365,0.0,0.01133333333333333
1834,google/umt5-base,google/umt5-base,0.17463219812320196,0.008135531788472962,0.0,0.008662086288416063,0.0055928411633109736,0.009440104166666663
1835,goulue5/merging_LLM,goulue5/merging_LLM,0.32326006108237254,0.18282830291311988,0.07854984894259819,0.21754949763593381,0.05480984340044745,0.1276015625
1836,gpt2,gpt2,0.08333333333333331,0.09199754901960785,0.0,0.0,0.0,0.18333333333333332
1837,gradientai/Llama-3-8B-Instruct-Gradient-1048k,gradientai/Llama-3-8B-Instruct-Gradient-1048k,0.44555889484345984,0.21010528987158722,0.051359516616314195,0.21561022458628842,0.03691275167785232,0.13518749999999996
1838,grimjim/Gigantes-v1-gemma2-9b-it,grimjim/Gigantes-v1-gemma2-9b-it (Merge),0.692454908531585,0.4279787696550411,0.06268882175226587,0.3583776595744681,0.13758389261744966,0.1633489583333333
1839,grimjim/Gigantes-v2-gemma2-9b-it,grimjim/Gigantes-v2-gemma2-9b-it (Merge),0.7350696152874373,0.4270163259850296,0.04758308157099698,0.3621638593380615,0.13534675615212524,0.1713489583333333
1840,grimjim/Gigantes-v3-gemma2-9b-it,grimjim/Gigantes-v3-gemma2-9b-it (Merge),0.697625633319592,0.42795367767587655,0.05966767371601209,0.3584700059101655,0.14205816554809844,0.1733489583333333
1841,grimjim/HuatuoSkywork-o1-Llama-3.1-8B,grimjim/HuatuoSkywork-o1-Llama-3.1-8B (Merge),0.3961499931293413,0.2833277757558808,0.33987915407854985,0.2327866430260047,0.057046979865771785,0.11115104166666663
1842,grimjim/Llama-3-Instruct-8B-SPPO-Iter3-SimPO-merge,grimjim/Llama-3-Instruct-8B-SPPO-Iter3-SimPO-merge (Merge),0.4271244741729721,0.28258014912987706,0.1027190332326284,0.29170360520094557,0.05369127516778524,0.09540364583333334
1843,grimjim/Llama-3-Instruct-8B-SimPO-SPPO-Iter3-merge,grimjim/Llama-3-Instruct-8B-SimPO-SPPO-Iter3-merge (Merge),0.6805897241541332,0.2907328591447649,0.06797583081570996,0.2982601950354609,0.016778523489932917,0.06697135416666669
1844,grimjim/Llama-3.1-8B-Instruct-abliterated_via_adapter,grimjim/Llama-3.1-8B-Instruct-abliterated_via_adapter (Merge),0.4869501810751029,0.29415990262794167,0.13746223564954685,0.294566341607565,0.08501118568232664,0.09262239583333334
1845,grimjim/Llama-Nephilim-Metamorphosis-v2-8B,grimjim/Llama-Nephilim-Metamorphosis-v2-8B (Merge),0.4544519652300341,0.2818246234355982,0.13746223564954682,0.3121121453900709,0.09731543624161071,0.09470052083333334
1846,grimjim/Llama3.1-SuperNovaLite-HuatuoSkywork-o1-8B,grimjim/Llama3.1-SuperNovaLite-HuatuoSkywork-o1-8B (Merge),0.43659157701565177,0.3295297252204676,0.30060422960725075,0.2981678486997636,0.08165548098434001,0.11115104166666663
1847,grimjim/Magnolia-v1-Gemma2-8k-9B,grimjim/Magnolia-v1-Gemma2-8k-9B (Merge),0.35308536904302806,0.3679001219814328,0.16540785498489427,0.360224586288416,0.11521252796420578,0.16591927083333335
1848,grimjim/Magnolia-v2-12B,grimjim/Magnolia-v2-12B (Merge),0.3506119318962575,0.3250462527039537,0.1268882175226586,0.289025561465721,0.09172259507829976,0.1090729166666666
1849,grimjim/Magnolia-v2-Gemma2-8k-9B,grimjim/Magnolia-v2-Gemma2-8k-9B (Merge),0.7384417789243652,0.42844616955010656,0.13444108761329304,0.3701979905437352,0.14317673378076065,0.14972135416666668
1850,grimjim/Magnolia-v3-12B,grimjim/Magnolia-v3-12B (Merge),0.3964990669202162,0.3292491590836766,0.13293051359516617,0.2905954491725768,0.10067114093959727,0.11499479166666662
1851,grimjim/Magnolia-v3-Gemma2-8k-9B,grimjim/Magnolia-v3-Gemma2-8k-9B (Merge),0.7378422585406722,0.42868229945045555,0.1351963746223565,0.3707520685579196,0.14205816554809844,0.15001562500000004
1852,grimjim/Magot-v1-Gemma2-8k-9B,grimjim/Magot-v1-Gemma2-8k-9B (Merge),0.29967818720993633,0.4281812817526611,0.046072507552870096,0.3707520685579196,0.12863534675615215,0.14905468750000003
1853,grimjim/Magot-v2-Gemma2-8k-9B,grimjim/Magot-v2-Gemma2-8k-9B (Merge),0.7347449212533854,0.41459290753905553,0.0,0.35810062056737585,0.13870246085011187,0.1309947916666667
1854,grimjim/llama-3-Nephilim-v1-8B,grimjim/llama-3-Nephilim-v1-8B (Merge),0.42772399455666515,0.29907537489079244,0.09138972809667675,0.3106346040189125,0.06935123042505593,0.1063645833333333
1855,grimjim/llama-3-Nephilim-v2-8B,grimjim/llama-3-Nephilim-v2-8B (Merge),0.3922281767931311,0.29896263840620196,0.10574018126888218,0.29345818557919623,0.06599552572706939,0.07887500000000001
1856,grimjim/llama-3-Nephilim-v2.1-8B,grimjim/llama-3-Nephilim-v2.1-8B (Merge),0.3895054012243071,0.2981966445991054,0.10045317220543808,0.2938275709219858,0.06599552572706939,0.07887500000000001
1857,grimjim/llama-3-Nephilim-v3-8B,grimjim/llama-3-Nephilim-v3-8B (Merge),0.4173825449806513,0.28955635498374205,0.09894259818731119,0.2902260638297872,0.06040268456375841,0.08332552083333339
1858,gupta-tanish/llama-7b-dpo-baseline,gupta-tanish/llama-7b-dpo-baseline (Merge),0.26930433472076315,0.1438052211636719,0.01963746223564955,0.11421394799054373,0.016778523489932917,0.14769791666666668
1859,h2oai/h2o-danube3-4b-base,h2oai/h2o-danube3-4b-base,0.23380851695722904,0.10564444044561543,0.01812688821752266,0.12326388888888888,0.05480984340044745,0.06526562500000002
1860,h2oai/h2o-danube3-4b-chat,h2oai/h2o-danube3-4b-chat,0.3628771659197596,0.08839702966263845,0.03021148036253777,0.136469414893617,0.01342281879194629,0.052322916666666684
1861,h2oai/h2o-danube3-500m-chat,h2oai/h2o-danube3-500m-chat,0.2207941594968018,0.03065370444981646,0.006042296072507553,0.01595744680851063,0.0,0.028244791666666668
1862,h2oai/h2o-danube3.1-4b-chat,h2oai/h2o-danube3.1-4b-chat,0.5021121734774842,0.10942062527495286,0.021148036253776436,0.19095375295508277,0.04697986577181204,0.10202864583333338
1863,haoranxu/ALMA-13B-R,haoranxu/ALMA-13B-R,0.003921816336210145,0.08819669166822672,0.0,0.09075797872340424,0.010067114093959738,0.022322916666666668
1864,haoranxu/Llama-3-Instruct-8B-CPO-SimPO,haoranxu/Llama-3-Instruct-8B-CPO-SimPO,0.7046447869430889,0.29762188091412484,0.08232628398791542,0.29844488770685573,0.057046979865771785,0.03416666666666667
1865,haoranxu/Llama-3-Instruct-8B-SimPO,meta-llama/Meta-Llama-3-8B-Instruct,0.7347449212533854,0.282263760762505,0.07779456193353475,0.3037086288416076,0.05369127516778524,0.03742187500000001
1866,hon9kon9ize/CantoneseLLMChat-v0.5,hon9kon9ize/CantoneseLLMChat-v0.5,0.3230849701015528,0.20761385180655165,0.030966767371601214,0.16712839834515364,0.03691275167785232,0.18130729166666668
1867,hon9kon9ize/CantoneseLLMChat-v1.0-7B,Removed,0.4454835392314614,0.2853613616746739,0.19561933534743203,0.3094341016548463,0.0961968680089485,0.06303125000000004
1868,hotmailuser/Falcon3Slerp1-10B,hotmailuser/Falcon3Slerp1-10B (Merge),0.5694069513335727,0.4474398729818869,0.26057401812688824,0.3779550827423168,0.12527964205816552,0.12670052083333336
1869,hotmailuser/Falcon3Slerp2-10B,hotmailuser/Falcon3Slerp2-10B (Merge),0.6117966994241946,0.445423501026709,0.23413897280966764,0.3743535756501182,0.1174496644295302,0.09761979166666668
1870,hotmailuser/Falcon3Slerp4-10B,hotmailuser/Falcon3Slerp4-10B (Merge),0.6072254950198805,0.43758731699927134,0.22280966767371602,0.3763851950354609,0.1051454138702461,0.08785416666666668
1871,hotmailuser/FalconSlerp-3B,hotmailuser/FalconSlerp-3B (Merge),0.5694568190179834,0.24394008058642658,0.17371601208459214,0.2186576536643026,0.05033557046979867,0.08999218749999996
1872,hotmailuser/FalconSlerp1-7B,hotmailuser/FalconSlerp1-7B (Merge),0.5394564200765082,0.3504308988047655,0.23187311178247735,0.3476654846335698,0.09284116331096197,0.15256249999999993
1873,hotmailuser/FalconSlerp2-7B,hotmailuser/FalconSlerp2-7B (Merge),0.6160432097944565,0.3681735294513948,0.26661631419939574,0.34895833333333337,0.09284116331096197,0.15285677083333335
1874,hotmailuser/FalconSlerp3-10B,hotmailuser/FalconSlerp3-10B (Merge),0.6001564737119731,0.42818643189920247,0.20770392749244715,0.3692745271867611,0.11409395973154364,0.08585416666666669
1875,hotmailuser/FalconSlerp3-7B,hotmailuser/FalconSlerp3-7B (Merge),0.6096235765546528,0.36834016091662947,0.27416918429003023,0.34748079196217496,0.09172259507829976,0.1590130208333333
1876,hotmailuser/FalconSlerp4-7B,hotmailuser/FalconSlerp4-7B (Merge),0.6284580468711907,0.3646810457203872,0.19108761329305135,0.336860963356974,0.1096196868008949,0.1698177083333333
1877,hotmailuser/Gemma2Crono-27B,hotmailuser/Gemma2Crono-27B (Merge),0.7086164709637096,0.5010341199129857,0.23716012084592145,0.4036273640661938,0.1610738255033557,0.16052604166666667
1878,hotmailuser/Gemma2SimPO-27B,Removed,0.7222303488078299,0.4915921945509655,0.2190332326283988,0.4046431737588653,0.14429530201342286,0.1414869791666667
1879,hotmailuser/Gemma2atlas-27B,hotmailuser/Gemma2atlas-27B (Merge),0.7213560020744956,0.5071327914306505,0.21223564954682778,0.4166481973995272,0.14093959731543623,0.1479973958333333
1880,hotmailuser/Gemma2magnum-27b,Removed,0.5050599077115386,0.4610114598574725,0.21374622356495468,0.39956412529550833,0.18008948545861295,0.1817630208333333
1881,hotmailuser/Llama-Hermes-slerp-8B,hotmailuser/Llama-Hermes-slerp-8B (Merge),0.3390470617960345,0.3330931089323399,0.0755287009063444,0.25901300236406616,0.058165548098433995,0.10640625000000002
1882,hotmailuser/Llama-Hermes-slerp2-8B,hotmailuser/Llama-Hermes-slerp2-8B (Merge),0.3728440537773109,0.32315975836753646,0.08534743202416918,0.2643690898345154,0.06152125279642054,0.11734895833333335
1883,hotmailuser/LlamaStock-8B,hotmailuser/LlamaStock-8B (Merge),0.4249513513034304,0.3309114622817674,0.17145015105740177,0.3118351063829787,0.10290827740492169,0.12417187499999997
1884,hotmailuser/Qwen2.5-HomerSlerp-7B,hotmailuser/Qwen2.5-HomerSlerp-7B (Merge),0.44878145542715553,0.3740411935244851,0.3262839879154079,0.3943003841607564,0.08501118568232664,0.13225000000000003
1885,hotmailuser/QwenModelStock-1.8B,hotmailuser/QwenModelStock-1.8B (Merge),0.3263075306852485,0.17724176359806876,0.07930513595166164,0.2176418439716312,0.04921700223713646,0.1305625
1886,hotmailuser/QwenSlerp-14B,hotmailuser/QwenSlerp-14B (Merge),0.7024716640735471,0.49421941687333004,0.3549848942598187,0.48886303191489366,0.18344519015659957,0.16830989583333333
1887,hotmailuser/QwenSlerp-3B,hotmailuser/QwenSlerp-3B (Merge),0.433369016431956,0.2828933436034725,0.19864048338368578,0.29927600472813237,0.059284116331096204,0.12091666666666669
1888,hotmailuser/QwenSlerp-7B,hotmailuser/QwenSlerp-7B (Merge),0.4672912317096415,0.37619256345456514,0.3066465256797583,0.3898677600472813,0.09060402684563762,0.1368385416666667
1889,hotmailuser/QwenSlerp2-14B,hotmailuser/QwenSlerp2-14B (Merge),0.7036707048409332,0.49684327104915155,0.35725075528700906,0.48655437352245867,0.17449664429530198,0.19348697916666666
1890,hotmailuser/QwenSlerp2-3B,hotmailuser/QwenSlerp2-3B (Merge),0.42804868859071704,0.26901296704943545,0.17749244712990936,0.3046320921985816,0.06263982102908276,0.1171510416666667
1891,hotmailuser/QwenSlerp3-14B,hotmailuser/QwenSlerp3-14B (Merge),0.6632291209546227,0.4650024294429596,0.22583081570996982,0.4736258865248227,0.15548098434004473,0.19964322916666663
1892,hotmailuser/QwenSparse-7B,hotmailuser/QwenSparse-7B (Merge),0.10858632871891025,0.0188717525781587,0.0,0.013556442080378246,0.01342281879194629,0.04361979166666665
1893,hotmailuser/QwenStock-0.5B,hotmailuser/QwenStock-0.5B (Merge),0.20490742341431847,0.023470409575204094,0.0,0.01854314420803781,0.01342281879194629,0.04524739583333332
1894,hotmailuser/QwenStock-1.7B,hotmailuser/QwenStock-1.7B (Merge),0.3214116322468827,0.17740658716275132,0.08006042296072508,0.2171801122931442,0.05033557046979867,0.1395234375
1895,hotmailuser/QwenStock1-14B,hotmailuser/QwenStock1-14B (Merge),0.6693240601603745,0.4956243886958751,0.32779456193353473,0.4907099586288417,0.18120805369127516,0.1929765625
1896,hotmailuser/RombosBeagle-v2beta-MGS-32B,hotmailuser/RombosBeagle-v2beta-MGS-32B (Merge),0.5156761836371938,0.5811789897179108,0.43655589123867067,0.5452866430260048,0.17337807606263986,0.24460416666666662
1897,huggyllama/llama-13b,huggyllama/llama-13b,0.24105262924595627,0.16145707376925766,0.01435045317220544,0.10581043144208037,0.006711409395973183,0.028106770833333346
1898,huggyllama/llama-65b,huggyllama/llama-65b,0.2525931195893562,0.2525427711459862,0.024924471299093656,0.23084736997635935,0.03467561521252797,0.019656249999999986
1899,huggyllama/llama-7b,huggyllama/llama-7b,0.25009530268576263,0.07076660678102023,0.006797583081570997,0.034796099290780126,0.0033557046979865533,0.017578124999999993
1900,huihui-ai/QwQ-32B-Coder-Fusion-7030,huihui-ai/QwQ-32B-Coder-Fusion-7030 (Merge),0.3865077993058418,0.4495662557932721,0.22054380664652565,0.3741688829787233,0.045861297539149914,0.06761979166666666
1901,huihui-ai/QwQ-32B-Coder-Fusion-8020,huihui-ai/QwQ-32B-Coder-Fusion-8020 (Merge),0.6020547702318737,0.5179260416831474,0.35876132930513593,0.4852615248226951,0.13982102908277402,0.12434635416666667
1902,huihui-ai/QwQ-32B-Coder-Fusion-9010,huihui-ai/QwQ-32B-Coder-Fusion-9010 (Merge),0.5778246164620984,0.5302341820461157,0.4025679758308157,0.511118498817967,0.14876957494407161,0.19524739583333328
1903,huihui-ai/Qwen2.5-14B-Instruct-abliterated-v2,Qwen/Qwen2.5-14B,0.8327637335602867,0.47406188249262193,0.0,0.44019651300236406,0.11185682326621922,0.11579427083333334
1904,huihui-ai/Qwen2.5-72B-Instruct-abliterated,Qwen/Qwen2.5-72B,0.8592667455684251,0.6048786941269387,0.0037764350453172208,0.5041001773049646,0.19351230425055932,0.12342187500000003
1905,huihui-ai/Qwen2.5-7B-Instruct-abliterated,Qwen/Qwen2.5-7B,0.7546033413564897,0.32886673214320494,0.0,0.35329861111111105,0.08724832214765099,0.07483333333333334
1906,huihui-ai/Qwen2.5-7B-Instruct-abliterated-v2,Qwen/Qwen2.5-7B,0.7606484128778308,0.34369626512494017,0.0,0.3564383865248227,0.07829977628635347,0.08091145833333334
1907,iFaz/llama32_1B_en_emo_v1,meta-llama/Llama-3.2-3B-Instruct,0.44083808738591385,0.07281048316082202,0.01812688821752266,0.08457077423167847,0.0,0.02010677083333334
1908,iFaz/llama32_3B_en_emo_v2,meta-llama/Llama-3.2-3B-Instruct,0.5454017562290278,0.19029162781012052,0.10498489425981873,0.22262854609929078,0.02348993288590602,0.06761979166666668
1909,iRyanBell/ARC1,iRyanBell/ARC1,0.441112913735555,0.26564495132631716,0.0664652567975831,0.26344562647754133,0.059284116331096204,0.08148177083333336
1910,iRyanBell/ARC1-II,iRyanBell/ARC1-II,0.17083560508340093,0.07246229410679451,0.0075528700906344415,0.07616725768321511,0.029082774049216997,0.20311458333333335
1911,ibivibiv/colossus_120b,ibivibiv/colossus_120b,0.42759877126025614,0.44071497527478365,0.054380664652567974,0.32901152482269497,0.07829977628635347,0.19264062499999998
1912,ibivibiv/multimaster-7b-v6,ibivibiv/multimaster-7b-v6,0.44730758831012823,0.3240128043389345,0.0581570996978852,0.2327866430260047,0.07158836689038028,0.1337994791666667
1913,ibm-granite/granite-3.0-1b-a400m-base,ibm-granite/granite-3.0-1b-a400m-base,0.24040324117785253,0.06055007672005359,0.019637462235649546,0.01688091016548463,0.0,0.017578124999999993
1914,ibm-granite/granite-3.0-1b-a400m-instruct,ibm-granite/granite-3.0-1b-a400m-instruct (Merge),0.3331515933279255,0.05453219408698861,0.024924471299093656,0.02713135342789597,0.014541387024608499,0.026851562500000002
1915,ibm-granite/granite-3.0-2b-base,ibm-granite/granite-3.0-2b-base,0.38738214603917603,0.17563749725828334,0.05513595166163141,0.15346114066193853,0.04026845637583901,0.03461718750000001
1916,ibm-granite/granite-3.0-2b-instruct,ibm-granite/granite-3.0-2b-instruct (Merge),0.513977357854936,0.2173789141090241,0.08761329305135952,0.20157358156028368,0.06599552572706939,0.012695312499999995
1917,ibm-granite/granite-3.0-3b-a800m-base,ibm-granite/granite-3.0-3b-a800m-base,0.2732261510569733,0.113484424218006,0.044561933534743206,0.09897680260047281,0.0022371364653244186,0.03312760416666667
1918,ibm-granite/granite-3.0-3b-a800m-instruct,ibm-granite/granite-3.0-3b-a800m-instruct (Merge),0.42982176181420856,0.1316300959501,0.06797583081570996,0.12797355200945626,0.04138702460850116,0.020833333333333325
1919,ibm-granite/granite-3.0-8b-base,ibm-granite/granite-3.0-8b-base,0.4583482936386566,0.27974358298982427,0.09894259818731119,0.2569813829787234,0.10067114093959727,0.10450260416666664
1920,ibm-granite/granite-3.0-8b-instruct,ibm-granite/granite-3.0-8b-instruct (Merge),0.5309633993359841,0.31588159064715127,0.13217522658610273,0.2729572990543735,0.1096196868008949,0.0702447916666667
1921,ibm-granite/granite-3.1-1b-a400m-base,ibm-granite/granite-3.1-1b-a400m-base,0.2519437315212525,0.06429845005402345,0.02190332326283988,0.01549571513002364,0.0022371364653244186,0.017578124999999993
1922,ibm-granite/granite-3.1-1b-a400m-instruct,ibm-granite/granite-3.1-1b-a400m-instruct (Merge),0.4686398755302597,0.06178183215904788,0.04078549848942599,0.024083924349881797,0.0,0.007812499999999996
1923,ibm-granite/granite-3.1-2b-base,ibm-granite/granite-3.1-2b-base,0.35216115462528313,0.16843689846888515,0.055891238670694864,0.1389627659574468,0.03691275167785232,0.03904947916666667
1924,ibm-granite/granite-3.1-2b-instruct,ibm-granite/granite-3.1-2b-instruct (Merge),0.628557782240012,0.21822956140794506,0.11329305135951662,0.20212765957446804,0.05257270693512303,0.04867708333333334
1925,ibm-granite/granite-3.1-3b-a800m-base,ibm-granite/granite-3.1-3b-a800m-base,0.2996294276962903,0.11905605199489822,0.04003021148036254,0.08807993498817966,0.03691275167785232,0.011067708333333329
1926,ibm-granite/granite-3.1-3b-a800m-instruct,ibm-granite/granite-3.1-3b-a800m-instruct (Merge),0.5516462984880118,0.16687236366660443,0.10347432024169184,0.12751182033096925,0.05145413870246088,0.02512760416666666
1927,ibm-granite/granite-3.1-8b-base,ibm-granite/granite-3.1-8b-base,0.4221033524381973,0.26019588671011773,0.09516616314199396,0.24802378841607564,0.09507829977628639,0.08361979166666669
1928,ibm-granite/granite-3.1-8b-instruct,ibm-granite/granite-3.1-8b-instruct (Merge),0.7207564816908026,0.34089655299414057,0.2167673716012085,0.28191489361702127,0.08277404921700222,0.1900520833333333
1929,ibm-granite/granite-7b-base,ibm-granite/granite-7b-base,0.24142719096441886,0.09050800002899097,0.006797583081570997,0.09269725177304965,0.0,0.03402864583333334
1930,ibm-granite/granite-7b-instruct,ibm/granite-7b-base,0.2972313461615181,0.12639328702465263,0.0067975830815709985,0.14293365839243496,0.04697986577181204,0.08816666666666668
1931,ibm/PowerLM-3b,ibm/PowerLM-3b,0.33212764354135915,0.1202206036323482,0.03172205438066465,0.11292109929078013,0.03355704697986576,0.05636458333333334
1932,ibm/merlinite-7b,mistralai/Mistral-7B-v0.1,0.24987034402053218,0.29977247769686843,0.024924471299093656,0.22983156028368795,0.06263982102908276,0.13877864583333335
1933,icefog72/Ice0.15-02.10-RP,icefog72/Ice0.15-02.10-RP,0.5343355629729118,0.30130104071068586,0.05740181268882176,0.2295545212765957,0.03691275167785232,0.12997395833333336
1934,icefog72/Ice0.16-02.10-RP,icefog72/Ice0.16-02.10-RP,0.5069083365470286,0.29582320833025816,0.05740181268882176,0.22973921394799057,0.039149888143176735,0.1340520833333333
1935,icefog72/Ice0.17-03.10-RP,icefog72/Ice0.17-03.10-RP,0.5123538876846766,0.30376262438172097,0.06117824773413898,0.23167848699763594,0.04250559284116329,0.13338541666666662
1936,icefog72/Ice0.27-06.11-RP,icefog72/Ice0.27-06.11-RP (Merge),0.49182059158588104,0.3136475179709526,0.05664652567975831,0.2393432328605201,0.08277404921700222,0.12564322916666668
1937,icefog72/Ice0.29-06.11-RP,icefog72/Ice0.29-06.11-RP (Merge),0.486050346414181,0.31359453902395285,0.055891238670694864,0.23250960401891252,0.07046979865771814,0.14370312499999996
1938,icefog72/Ice0.31-08.11-RP,icefog72/Ice0.31-08.11-RP (Merge),0.5145768782386291,0.3046034189767125,0.06117824773413897,0.23675753546099287,0.07718120805369126,0.11891666666666667
1939,icefog72/Ice0.32-10.11-RP,icefog72/Ice0.32-10.11-RP (Merge),0.4915457652362399,0.30430940035916454,0.0513595166163142,0.2333407210401891,0.08277404921700222,0.1347604166666667
1940,icefog72/Ice0.34b-14.11-RP,icefog72/Ice0.34b-14.11-RP (Merge),0.47620868185303883,0.30806357275885793,0.0649546827794562,0.2361111111111111,0.07941834451901568,0.13615364583333334
1941,icefog72/Ice0.34n-14.11-RP,icefog72/Ice0.34n-14.11-RP (Merge),0.47865663107222167,0.312062527997519,0.06948640483383686,0.2360187647754137,0.08501118568232664,0.12844791666666666
1942,icefog72/Ice0.37-18.11-RP,icefog72/Ice0.37-18.11-RP (Merge),0.4972162750391184,0.31042850362735785,0.06419939577039276,0.23814273049645387,0.08277404921700222,0.12207552083333334
1943,icefog72/Ice0.38-19.11-RP,Removed,0.4403383023710421,0.313306289411177,0.057401812688821746,0.23777334515366427,0.0727069351230425,0.12956510416666667
1944,icefog72/Ice0.39-19.11-RP,Removed,0.47565902915375646,0.312636273781982,0.04909365558912387,0.23629580378250592,0.0805369127516779,0.12534895833333334
1945,icefog72/Ice0.40-20.11-RP,icefog72/Ice0.40-20.11-RP (Merge),0.4762585495374495,0.3150523985734019,0.06268882175226587,0.23324837470449167,0.07606263982102905,0.14274218749999995
1946,icefog72/Ice0.41-22.11-RP,icefog72/Ice0.41-22.11-RP (Merge),0.4620451513096362,0.25412777425832045,0.027190332326283987,0.17977984633569735,0.04921700223713646,0.16597395833333334
1947,icefog72/Ice0.7-29.09-RP,icefog72/Ice0.7-29.09-RP (Merge),0.5175744801570943,0.3072587571429055,0.06873111782477341,0.23629580378250592,0.05033557046979867,0.11507291666666669
1948,icefog72/IceCocoaRP-7b,icefog72/IceCocoaRP-7b (Merge),0.49624219293696276,0.2963689549472275,0.05966767371601209,0.2331560283687943,0.06040268456375841,0.1117395833333333
1949,icefog72/IceCoffeeRP-7b,icefog72/IceCoffeeRP-7b,0.4959174989029109,0.2939810739240589,0.05438066465256799,0.21939642434988177,0.04697986577181204,0.10997395833333329
1950,icefog72/IceDrinkByFrankensteinV3RP,icefog72/IceDrinkByFrankensteinV3RP,0.4974911013887596,0.28845881398160733,0.052114803625377654,0.21413268321513002,0.015659955257270708,0.1219739583333333
1951,icefog72/IceDrinkNameGoesHereRP-7b-Model_Stock,icefog72/IceDrinkNameGoesHereRP-7b-Model_Stock,0.4968417133206558,0.2622465405632467,0.038519637462235655,0.2018506205673759,0.02460850111856823,0.09309114583333339
1952,icefog72/IceDrinkNameNotFoundRP-7b-Model_Stock,icefog72/IceDrinkNameNotFoundRP-7b-Model_Stock,0.5130032757527805,0.306682514458964,0.06117824773413897,0.22936982860520094,0.03691275167785232,0.13648437500000005
1953,icefog72/IceDrunkCherryRP-7b,icefog72/IceDrunkCherryRP-7b,0.4898225596971591,0.28241090201205954,0.06193353474320243,0.22327497044917255,0.03579418344519018,0.12381770833333336
1954,icefog72/IceDrunkenCherryRP-7b,icefog72/IceDrunkenCherryRP-7b (Merge),0.4762585495374495,0.3150523985734019,0.06268882175226587,0.23324837470449167,0.07606263982102905,0.14274218749999995
1955,icefog72/IceEspressoRPv2-7b,icefog72/IceEspressoRPv2-7b (Merge),0.49771606005399005,0.313032385584181,0.06042296072507554,0.22900044326241129,0.05257270693512303,0.12766145833333334
1956,icefog72/IceLemonTeaRP-32k-7b,icefog72/IceLemonTeaRP-32k-7b (Merge),0.5212214701436632,0.30135779642023175,0.053625377643504536,0.22973921394799057,0.05369127516778524,0.12195572916666668
1957,icefog72/IceMartiniRP-7b,icefog72/IceMartiniRP-7b,0.5044603873278457,0.29685367916429145,0.06873111782477342,0.2303856382978723,0.039149888143176735,0.13144531250000005
1958,icefog72/IceSakeRP-7b,icefog72/IceSakeRP-7b (Merge),0.5227950726295119,0.31651255072156803,0.06419939577039276,0.24183658392434984,0.04697986577181204,0.10225000000000001
1959,icefog72/IceSakeV4RP-7b,Removed,0.4634192830578421,0.29234193217077536,0.05589123867069487,0.23361776004728127,0.059284116331096204,0.09858072916666663
1960,icefog72/IceSakeV6RP-7b,icefog72/IceSakeV6RP-7b,0.5032613465604596,0.303914947175522,0.06268882175226587,0.23260195035460987,0.05480984340044745,0.11634635416666664
1961,icefog72/IceSakeV8RP-7b,icefog72/IceSakeV8RP-7b,0.6085741388404987,0.28966258233266573,0.06419939577039276,0.22336731678486996,0.03467561521252797,0.08542187500000004
1962,icefog72/IceTea21EnergyDrinkRPV13-DPOv3,icefog72/IceTea21EnergyDrinkRPV13-DPOv3 (Merge),0.5263423272472595,0.30612734016702503,0.05891238670694864,0.22844636524822692,0.044742729306487705,0.13648437500000005
1963,icefog72/IceTea21EnergyDrinkRPV13-DPOv3.5,Removed,0.4870997841283351,0.2257322577923665,0.035498489425981876,0.16648197399527187,0.045861297539149914,0.0778541666666667
1964,ifable/gemma-2-Ifable-9B,ifable/gemma-2-Ifable-9B,0.2984292787581395,0.41032644646265276,0.0989425981873112,0.3584700059101655,0.12192393736017897,0.08522916666666669
1965,inflatebot/MN-12B-Mag-Mell-R1,inflatebot/MN-12B-Mag-Mell-R1 (Merge),0.461296027872711,0.32535832833079587,0.09516616314199396,0.2709256796690307,0.0883668903803132,0.112953125
1966,informatiker/Qwen2-7B-Instruct-abliterated,informatiker/Qwen2-7B-Instruct-abliterated,0.5821708622011817,0.37795723441365886,0.09138972809667674,0.3192228132387706,0.06823266219239373,0.0683229166666667
1967,instruction-pretrain/InstructLM-500M,instruction-pretrain/InstructLM-500M,0.1027662158627996,0.02317053716048478,0.0,0.015680407801418435,0.008948545861297527,0.020695312500000004
1968,internlm/internlm2-1_8b,internlm/internlm2-1_8b,0.2197702097102355,0.13633857965906718,0.012084592145015106,0.06536273640661937,0.0,0.08226822916666668
1969,internlm/internlm2-chat-1_8b,internlm/internlm2-chat-1_8b,0.23865454771118408,0.2067235743256185,0.027190332326283987,0.09325132978723402,0.021252796420581685,0.0461484375
1970,internlm/internlm2_5-1_8b-chat,internlm/internlm2_5-1_8b-chat,0.3849087088924055,0.2103092693656956,0.0,0.03322621158392436,0.05369127516778524,0.044244791666666686
1971,internlm/internlm2_5-20b-chat,internlm/internlm2_5-20b-chat,0.7009977969565199,0.6283245915287989,0.0,0.3330747635933806,0.09507829977628639,0.16744531249999994
1972,internlm/internlm2_5-7b-chat,internlm/internlm2_5-7b-chat,0.6140196899781469,0.5767364804232055,0.08987915407854985,0.30417036052009455,0.10626398210290827,0.1435416666666667
1973,intervitens/mini-magnum-12b-v1.1,intervitens/mini-magnum-12b-v1.1,0.5155509603407846,0.2973118686868687,0.03851963746223565,0.254580378250591,0.05145413870246088,0.08089322916666669
1974,invalid-coder/Sakura-SOLAR-Instruct-CarbonVillain-en-10.7B-v2-slerp,invalid-coder/Sakura-SOLAR-Instruct-CarbonVillain-en-10.7B-v2-slerp,0.45547591501660034,0.31635374808026484,0.0,0.23841976950354613,0.0738255033557047,0.0877161458333333
1975,invisietch/EtherealRainbow-v0.2-8B,invisietch/EtherealRainbow-v0.2-8B,0.39032988027323057,0.30283791366541096,0.0853474320241692,0.2947510342789598,0.07046979865771814,0.0656796875
1976,invisietch/EtherealRainbow-v0.3-8B,invisietch/EtherealRainbow-v0.3-8B,0.3682229816885863,0.3008025847510162,0.07552870090634439,0.29179595153664306,0.0727069351230425,0.07766145833333332
1977,invisietch/MiS-Firefly-v0.2-22B,invisietch/MiS-Firefly-v0.2-22B,0.5371082062261466,0.3608265621771957,0.1593655589123867,0.2911495271867612,0.0727069351230425,0.1780520833333333
1978,invisietch/Nimbus-Miqu-v0.1-70B,invisietch/Nimbus-Miqu-v0.1-70B,0.46466819150963884,0.434509951550532,0.058912386706948636,0.31700650118203305,0.11856823266219241,0.09330729166666667
1979,jaredjoss/pythia-410m-roberta-lr_8e7-kl_01-steps_12000-rlhf-model,jaredjoss/pythia-410m-roberta-lr_8e7-kl_01-steps_12000-rlhf-model,0.15722172723928066,0.018203742908537424,0.0,0.01872783687943262,0.01230425055928408,0.022539062500000012
1980,jaspionjader/Auro-Kosmos-EVAA-v2-8B,jaspionjader/Auro-Kosmos-EVAA-v2-8B (Merge),0.47780777226647514,0.3514209564301247,0.1419939577039275,0.31756057919621744,0.08724832214765099,0.11691666666666663
1981,jaspionjader/Auro-Kosmos-EVAA-v2.1-8B,jaspionjader/Auro-Kosmos-EVAA-v2.1-8B (Merge),0.46659197595712704,0.35195114448894904,0.1472809667673716,0.31395907210401885,0.07829977628635347,0.1286223958333333
1982,jaspionjader/Auro-Kosmos-EVAA-v2.2-8B,jaspionjader/Auro-Kosmos-EVAA-v2.2-8B (Merge),0.4267997801389203,0.3491772620301955,0.14350453172205438,0.31091164302600466,0.0805369127516779,0.11899479166666665
1983,jaspionjader/Auro-Kosmos-EVAA-v2.3-8B,jaspionjader/Auro-Kosmos-EVAA-v2.3-8B (Merge),0.4271244741729721,0.3502426114679496,0.1351963746223565,0.309341755319149,0.08277404921700222,0.12573958333333332
1984,jaspionjader/Kosmos-Aurora_faustus-8B,jaspionjader/Kosmos-Aurora_faustus-8B (Merge),0.443236168920686,0.3236435397107119,0.11178247734138973,0.31257387706855794,0.06040268456375841,0.1139557291666666
1985,jaspionjader/Kosmos-EVAA-8B,jaspionjader/Kosmos-EVAA-8B (Merge),0.4404635256674513,0.3309134006202049,0.11706948640483382,0.3131279550827423,0.06599552572706939,0.11425000000000005
1986,jaspionjader/Kosmos-EVAA-Franken-Immersive-v39-8B,jaspionjader/Kosmos-EVAA-Franken-Immersive-v39-8B (Merge),0.43779061778303796,0.3118947290052941,0.12915407854984895,0.32227024231678486,0.08724832214765099,0.11454427083333335
1987,jaspionjader/Kosmos-EVAA-Franken-v38-8B,jaspionjader/Kosmos-EVAA-Franken-v38-8B (Merge),0.43556762722908554,0.31762169412910324,0.12537764350453173,0.321162086288416,0.07829977628635347,0.11544531249999997
1988,jaspionjader/Kosmos-EVAA-Fusion-8B,jaspionjader/Kosmos-EVAA-Fusion-8B (Merge),0.4344683218305208,0.34610657090679114,0.12311178247734139,0.31709884751773054,0.07829977628635347,0.12225
1989,jaspionjader/Kosmos-EVAA-PRP-8B,jaspionjader/Kosmos-EVAA-PRP-8B (Merge),0.34052092891306174,0.3150744672335783,0.09063444108761329,0.29410460992907794,0.08389261744966443,0.11697656249999999
1990,jaspionjader/Kosmos-EVAA-PRP-light-8B,jaspionjader/Kosmos-EVAA-PRP-light-8B (Merge),0.38238651223198894,0.32281138265347453,0.10800604229607251,0.30906471631205673,0.08277404921700222,0.11246614583333335
1991,jaspionjader/Kosmos-EVAA-PRP-v23-8B,jaspionjader/Kosmos-EVAA-PRP-v23-8B (Merge),0.404093361170583,0.3303704089860875,0.11480362537764349,0.3006611997635934,0.07829977628635347,0.1350546875
1992,jaspionjader/Kosmos-EVAA-PRP-v24-8B,jaspionjader/Kosmos-EVAA-PRP-v24-8B (Merge),0.42587556572117535,0.3286201554441706,0.10876132930513595,0.3087876773049646,0.0805369127516779,0.1246223958333333
1993,jaspionjader/Kosmos-EVAA-PRP-v25-8B,jaspionjader/Kosmos-EVAA-PRP-v25-8B (Merge),0.44208699583771066,0.3305901994218396,0.11706948640483382,0.3017693557919622,0.09060402684563762,0.12558333333333327
1994,jaspionjader/Kosmos-EVAA-PRP-v26-8B,jaspionjader/Kosmos-EVAA-PRP-v26-8B (Merge),0.4413877400851962,0.3271975634899274,0.11178247734138973,0.31035756501182027,0.0727069351230425,0.12195572916666662
1995,jaspionjader/Kosmos-EVAA-PRP-v27-8B,jaspionjader/Kosmos-EVAA-PRP-v27-8B (Merge),0.4378404854674486,0.3299647631508889,0.1163141993957704,0.30610963356973997,0.07829977628635347,0.13291666666666663
1996,jaspionjader/Kosmos-EVAA-PRP-v28-8B,jaspionjader/Kosmos-EVAA-PRP-v28-8B (Merge),0.43659157701565177,0.33073754773711705,0.11404833836858005,0.3055555555555556,0.07606263982102905,0.1298776041666666
1997,jaspionjader/Kosmos-EVAA-PRP-v29-8B,jaspionjader/Kosmos-EVAA-PRP-v29-8B (Merge),0.4487315877427448,0.3292843632608228,0.11706948640483382,0.30721778959810875,0.0805369127516779,0.11824999999999995
1998,jaspionjader/Kosmos-EVAA-PRP-v30-8B,jaspionjader/Kosmos-EVAA-PRP-v30-8B (Merge),0.4294726880233337,0.3298002620440965,0.11782477341389729,0.32642582742316784,0.0727069351230425,0.1195833333333333
1999,jaspionjader/Kosmos-EVAA-PRP-v31-8B,jaspionjader/Kosmos-EVAA-PRP-v31-8B (Merge),0.43986400528375824,0.3291395767598818,0.11178247734138973,0.3260564420803782,0.08501118568232664,0.11899479166666665
2000,jaspionjader/Kosmos-EVAA-PRP-v32-8B,jaspionjader/Kosmos-EVAA-PRP-v32-8B (Merge),0.4487315877427448,0.3304697938500372,0.11480362537764349,0.30851063829787234,0.0883668903803132,0.11499479166666662
2001,jaspionjader/Kosmos-EVAA-PRP-v33-8B,jaspionjader/Kosmos-EVAA-PRP-v33-8B (Merge),0.43017194377584805,0.32935042544278936,0.11706948640483382,0.3231937056737588,0.08389261744966443,0.10966145833333335
2002,jaspionjader/Kosmos-EVAA-PRP-v34-8B,jaspionjader/Kosmos-EVAA-PRP-v34-8B (Merge),0.4562505263811133,0.331218626050209,0.11253776435045318,0.32522532505910173,0.08165548098434001,0.11766145833333332
2003,jaspionjader/Kosmos-EVAA-TSN-8B,jaspionjader/Kosmos-EVAA-TSN-8B (Merge),0.47213726246359655,0.31425048235694075,0.1351963746223565,0.31294326241134757,0.07046979865771814,0.1284661458333333
2004,jaspionjader/Kosmos-EVAA-TSN-light-8B,jaspionjader/Kosmos-EVAA-TSN-light-8B (Merge),0.46849027247702757,0.32317092245265294,0.12160120845921449,0.3117427600472813,0.0727069351230425,0.12283854166666665
2005,jaspionjader/Kosmos-EVAA-TSN-v19-8B,jaspionjader/Kosmos-EVAA-TSN-v19-8B (Merge),0.45635026174993454,0.3342951548321906,0.11706948640483382,0.3099881796690307,0.0738255033557047,0.12195572916666662
2006,jaspionjader/Kosmos-EVAA-TSN-v20-8B,jaspionjader/Kosmos-EVAA-TSN-v20-8B (Merge),0.4423119545029411,0.32004728580261294,0.12235649546827794,0.326241134751773,0.08501118568232664,0.1139557291666666
2007,jaspionjader/Kosmos-EVAA-TSN-v21-8B,jaspionjader/Kosmos-EVAA-TSN-v21-8B (Merge),0.46701640536000033,0.32386295261036274,0.12009063444108761,0.31294326241134757,0.08277404921700222,0.13217187499999997
2008,jaspionjader/Kosmos-EVAA-TSN-v22-8B,jaspionjader/Kosmos-EVAA-TSN-v22-8B (Merge),0.4673410993940523,0.3232633123685557,0.11253776435045318,0.3123891843971632,0.07606263982102905,0.12691666666666665
2009,jaspionjader/Kosmos-EVAA-gamma-8B,jaspionjader/Kosmos-EVAA-gamma-8B (Merge),0.45722460848326885,0.33103487394032555,0.10574018126888216,0.3223625886524823,0.09172259507829976,0.13189583333333332
2010,jaspionjader/Kosmos-EVAA-gamma-alt-8B,jaspionjader/Kosmos-EVAA-gamma-alt-8B (Merge),0.4542270065648036,0.32851169825307186,0.1095166163141994,0.3218085106382979,0.09955257270693513,0.12952343749999998
2011,jaspionjader/Kosmos-EVAA-gamma-light-8B,jaspionjader/Kosmos-EVAA-gamma-light-8B (Merge),0.4580989552166031,0.3368753243090729,0.1095166163141994,0.3269799054373522,0.0883668903803132,0.12603385416666663
2012,jaspionjader/Kosmos-EVAA-gamma-light-alt-8B,jaspionjader/Kosmos-EVAA-gamma-light-alt-8B (Merge),0.44535942410581697,0.3305767050932263,0.11329305135951662,0.3247635933806146,0.08501118568232664,0.1290729166666666
2013,jaspionjader/Kosmos-EVAA-gamma-ultra-light-8B,jaspionjader/Kosmos-EVAA-gamma-ultra-light-8B (Merge),0.4563003940655239,0.3278464802043255,0.1163141993957704,0.32384013002364065,0.0883668903803132,0.1139557291666666
2014,jaspionjader/Kosmos-EVAA-gamma-v13-8B,jaspionjader/Kosmos-EVAA-gamma-v13-8B (Merge),0.4428616072022234,0.3347406748343683,0.1095166163141994,0.3255023640661938,0.08501118568232664,0.12336718749999996
2015,jaspionjader/Kosmos-EVAA-gamma-v14-8B,jaspionjader/Kosmos-EVAA-gamma-v14-8B (Merge),0.43801557644826844,0.33659589545465063,0.10876132930513595,0.32568705673758863,0.08389261744966443,0.12299479166666664
2016,jaspionjader/Kosmos-EVAA-gamma-v15-8B,jaspionjader/Kosmos-EVAA-gamma-v15-8B (Merge),0.4654428028741517,0.33217074846815203,0.1095166163141994,0.3267952127659574,0.08165548098434001,0.12432812499999997
2017,jaspionjader/Kosmos-EVAA-gamma-v16-8B,jaspionjader/Kosmos-EVAA-gamma-v16-8B (Merge),0.45565100599742026,0.3329159037553265,0.1163141993957704,0.3241171690307328,0.08724832214765099,0.12203385416666665
2018,jaspionjader/Kosmos-EVAA-gamma-v17-8B,jaspionjader/Kosmos-EVAA-gamma-v17-8B (Merge),0.44623377083915117,0.33346731824868636,0.11329305135951662,0.3247635933806146,0.08165548098434001,0.12499479166666662
2019,jaspionjader/Kosmos-EVAA-gamma-v18-8B,jaspionjader/Kosmos-EVAA-gamma-v18-8B (Merge),0.43409376011205825,0.3323387233410255,0.11027190332326282,0.32273197399527187,0.08165548098434001,0.12795572916666662
2020,jaspionjader/Kosmos-EVAA-v10-8B,jaspionjader/Kosmos-EVAA-v10-8B (Merge),0.4261503920708165,0.34011110828899116,0.12235649546827794,0.31460549645390073,0.06599552572706939,0.1139557291666666
2021,jaspionjader/Kosmos-EVAA-v11-8B,jaspionjader/Kosmos-EVAA-v11-8B (Merge),0.44263664853699297,0.3383221649338713,0.13066465256797583,0.31506722813238763,0.08724832214765099,0.11070052083333329
2022,jaspionjader/Kosmos-EVAA-v12-8B,jaspionjader/Kosmos-EVAA-v12-8B (Merge),0.43779061778303796,0.3364435993303794,0.13595166163141995,0.31506722813238763,0.07941834451901568,0.11499479166666662
2023,jaspionjader/Kosmos-EVAA-v2-8B,jaspionjader/Kosmos-EVAA-v2-8B (Merge),0.4395891789341171,0.3360889502995319,0.13066465256797583,0.31405141843971635,0.06375838926174497,0.11499479166666662
2024,jaspionjader/Kosmos-EVAA-v3-8B,jaspionjader/Kosmos-EVAA-v3-8B (Merge),0.4410630460511443,0.33468587339989303,0.13444108761329304,0.31349734042553196,0.0738255033557047,0.11766145833333332
2025,jaspionjader/Kosmos-EVAA-v4-8B,jaspionjader/Kosmos-EVAA-v4-8B (Merge),0.4289230353240513,0.3355721455326533,0.12462235649546828,0.3130356087470449,0.06711409395973152,0.11499479166666662
2026,jaspionjader/Kosmos-EVAA-v5-8B,jaspionjader/Kosmos-EVAA-v5-8B (Merge),0.44595894448951,0.3350776477750613,0.1268882175226586,0.31340499408983447,0.07158836689038028,0.11499479166666662
2027,jaspionjader/Kosmos-EVAA-v6-8B,jaspionjader/Kosmos-EVAA-v6-8B (Merge),0.4395891789341171,0.3408408176833326,0.12613293051359517,0.31340499408983447,0.06935123042505593,0.11070052083333329
2028,jaspionjader/Kosmos-EVAA-v7-8B,jaspionjader/Kosmos-EVAA-v7-8B (Merge),0.4276741268722544,0.3350209397496653,0.13141993957703926,0.31506722813238763,0.0738255033557047,0.11070052083333329
2029,jaspionjader/Kosmos-EVAA-v8-8B,jaspionjader/Kosmos-EVAA-v8-8B (Merge),0.4383402704823203,0.3379805527334356,0.13066465256797583,0.31414376477541367,0.07158836689038028,0.11928906249999997
2030,jaspionjader/Kosmos-EVAA-v9-8B,jaspionjader/Kosmos-EVAA-v9-8B (Merge),0.43686640336529303,0.337544160404883,0.12764350453172205,0.31331264775413714,0.07494407158836691,0.11232812499999995
2031,jaspionjader/Kosmos-EVAA-v9-TitanFusion-Mix-8B,jaspionjader/Kosmos-EVAA-v9-TitanFusion-Mix-8B (Merge),0.42837338262476893,0.3624517494591178,0.11329305135951662,0.3151595744680851,0.05033557046979867,0.1303098958333333
2032,jaspionjader/Kosmos-Elusive-8b,jaspionjader/Kosmos-Elusive-8b (Merge),0.41840649476721764,0.3353558413403654,0.12537764350453173,0.30666371158392436,0.07718120805369126,0.10107291666666668
2033,jaspionjader/Kosmos-Elusive-VENN-8B,jaspionjader/Kosmos-Elusive-VENN-8B (Merge),0.4232525255211727,0.33797479898243943,0.12613293051359517,0.31081929669030733,0.06599552572706939,0.10595572916666668
2034,jaspionjader/Kosmos-Elusive-VENN-Asymmetric-8B,jaspionjader/Kosmos-Elusive-VENN-Asymmetric-8B (Merge),0.45417713888039296,0.3316698443913645,0.1336858006042296,0.31580599881796684,0.059284116331096204,0.11832812499999998
2035,jaspionjader/Kosmos-Elusive-VENN-Aurora_faustus-8B,jaspionjader/Kosmos-Elusive-VENN-Aurora_faustus-8B (Merge),0.4335441074127759,0.33008333200343887,0.11178247734138973,0.3105422576832151,0.06040268456375841,0.11558333333333329
2036,jaspionjader/Kosmos-VENN-8B,jaspionjader/Kosmos-VENN-8B (Merge),0.43321941337872405,0.3339577047946897,0.13595166163141995,0.3111886820330969,0.057046979865771785,0.11203385416666663
2037,jaspionjader/PRP-Kosmos-EVAA-8B,jaspionjader/PRP-Kosmos-EVAA-8B (Merge),0.36327721556580983,0.3211810849839039,0.09667673716012085,0.3073101359338061,0.07941834451901568,0.11425000000000002
2038,jaspionjader/PRP-Kosmos-EVAA-light-8B,jaspionjader/PRP-Kosmos-EVAA-light-8B (Merge),0.4321201079801593,0.3267446090823398,0.11027190332326282,0.29235002955082745,0.0961968680089485,0.11142708333333337
2039,jaspionjader/TSN-Kosmos-EVAA-8B,jaspionjader/TSN-Kosmos-EVAA-8B (Merge),0.49032234471203073,0.3373244759125691,0.14501510574018128,0.31451315011820324,0.09395973154362418,0.11264062499999997
2040,jaspionjader/TSN-Kosmos-EVAA-v2-8B,jaspionjader/TSN-Kosmos-EVAA-v2-8B (Merge),0.4666917113259485,0.3353146314936159,0.10800604229607251,0.3069407505910165,0.0961968680089485,0.12064062499999997
2041,jaspionjader/dp-6-8b,jaspionjader/dp-6-8b (Merge),0.48058041551970987,0.32663313339797917,0.1283987915407855,0.32190085697399523,0.07718120805369126,0.14489843749999998
2042,jaspionjader/dp-7-8b,jaspionjader/dp-7-8b (Merge),0.44983089314130953,0.3260386262129972,0.12462235649546828,0.3259640957446809,0.07494407158836691,0.14060416666666664
2043,jaspionjader/f-1-8b,jaspionjader/f-1-8b (Merge),0.49826571275327247,0.3092034478861048,0.12386706948640484,0.32300901300236406,0.07829977628635347,0.15985937499999997
2044,jaspionjader/f-2-8b,jaspionjader/f-2-8b (Merge),0.48237897667078905,0.32739413768083403,0.11858006042296072,0.3291038711583924,0.06599552572706939,0.15756510416666664
2045,jaspionjader/f-3-8b,jaspionjader/f-3-8b (Merge),0.4803055891700687,0.3237894525683091,0.12160120845921449,0.32827275413711576,0.08501118568232664,0.1432708333333333
2046,jaspionjader/f-4-8b,jaspionjader/f-4-8b (Merge),0.4797060687863757,0.32547452936213567,0.11329305135951662,0.3284574468085106,0.07829977628635347,0.15927083333333328
2047,jaspionjader/f-5-8b,jaspionjader/f-5-8b (Merge),0.5043606519590242,0.3298155315144156,0.12235649546827794,0.32762632978723405,0.07829977628635347,0.1502317708333333
2048,jaspionjader/f-6-8b,jaspionjader/f-6-8b (Merge),0.4846019672247415,0.32052317591512675,0.12235649546827794,0.32661052009456254,0.07718120805369126,0.1505260416666666
2049,jaspionjader/f-7-8b,jaspionjader/f-7-8b (Merge),0.44623377083915117,0.3232395686219942,0.12386706948640484,0.326241134751773,0.08389261744966443,0.12505468749999996
2050,jaspionjader/f-8-8b,jaspionjader/f-8-8b (Merge),0.4739358236146758,0.32106937481055675,0.11858006042296072,0.3267028664302601,0.07941834451901568,0.13097656249999995
2051,jaspionjader/f-9-8b,jaspionjader/f-9-8b (Merge),0.4601723427173233,0.32629822943023534,0.12764350453172205,0.3270722517730496,0.07494407158836691,0.15060416666666668
2052,jaspionjader/fct-14-8b,jaspionjader/fct-14-8b (Merge),0.41286120826074807,0.3153726552564611,0.12009063444108761,0.3194998522458629,0.0883668903803132,0.11219010416666662
2053,jaspionjader/fct-9-8b,jaspionjader/fct-9-8b (Merge),0.43539253624826574,0.31232275252624325,0.11858006042296072,0.325779403073286,0.07718120805369126,0.12499479166666662
2054,jaspionjader/fr-1-8b,jaspionjader/fr-1-8b (Merge),0.421079402651631,0.3105532835820168,0.11253776435045318,0.2900413711583924,0.0738255033557047,0.11662239583333334
2055,jaspionjader/fr-10-8b,jaspionjader/fr-10-8b (Merge),0.44018869931781013,0.3110114224573323,0.12235649546827794,0.31811465721040183,0.08948545861297541,0.09781770833333335
2056,jaspionjader/fr-3-8b,jaspionjader/fr-3-8b (Merge),0.4325700253106203,0.32054254099420876,0.11253776435045318,0.31811465721040183,0.0738255033557047,0.11544531249999997
2057,jaspionjader/gamma-Kosmos-EVAA-8B,jaspionjader/gamma-Kosmos-EVAA-8B (Merge),0.42500121898784116,0.3236253555048168,0.08987915407854985,0.30841829196217496,0.08501118568232664,0.1427786458333333
2058,jaspionjader/gamma-Kosmos-EVAA-v2-8B,jaspionjader/gamma-Kosmos-EVAA-v2-8B (Merge),0.4232525255211727,0.32466352365335943,0.10574018126888216,0.3062019799054373,0.09395973154362418,0.13232812499999996
2059,jaspionjader/gamma-Kosmos-EVAA-v3-8B,jaspionjader/gamma-Kosmos-EVAA-v3-8B (Merge),0.43326928106313467,0.32436623618170984,0.11253776435045318,0.3219932033096927,0.08389261744966443,0.11721093750000001
2060,jaspionjader/knf-2-8b,jaspionjader/knf-2-8b (Merge),0.42500121898784116,0.3122492769679673,0.11858006042296072,0.3194075059101654,0.0805369127516779,0.11115104166666663
2061,jaspionjader/knfp-2-8b,jaspionjader/knfp-2-8b (Merge),0.5327120928026525,0.3305584007121163,0.1404833836858006,0.30287751182033096,0.057046979865771785,0.11440624999999997
2062,jaspionjader/knfp-3-8b,jaspionjader/knfp-3-8b (Merge),0.49456885508229276,0.3123399206469839,0.12462235649546828,0.3201462765957446,0.07606263982102905,0.11440624999999997
2063,jaspionjader/test-10,Removed,0.45782412886696194,0.3289618100381385,0.11480362537764349,0.326241134751773,0.09284116331096197,0.11936718749999999
2064,jaspionjader/test-11,Removed,0.45412727119598223,0.33376751793635245,0.11782477341389729,0.32661052009456254,0.09843400447427292,0.12491666666666665
2065,jaspionjader/test-12,Removed,0.4368165356808823,0.33309634149213346,0.10725075528700906,0.3261487884160757,0.09172259507829976,0.11795572916666665
2066,jaspionjader/test-13,Removed,0.4580989552166031,0.3289714888833163,0.10574018126888216,0.3261487884160757,0.0883668903803132,0.12099479166666667
2067,jaspionjader/test-14,Removed,0.44438534200366137,0.33002110558637104,0.11027190332326282,0.3255023640661938,0.08612975391498878,0.12995572916666662
2068,jaspionjader/test-15,Removed,0.4364918416468304,0.3310384984912975,0.11329305135951662,0.3255023640661938,0.08277404921700222,0.12136718749999999
2069,jaspionjader/test-16,Removed,0.4599473840520929,0.33077561638058767,0.1095166163141994,0.3255947104018913,0.08501118568232664,0.11507291666666665
2070,jaspionjader/test-17,Removed,0.42674991245450955,0.3314214119658744,0.1095166163141994,0.3254100177304965,0.08389261744966443,0.12424999999999999
2071,jaspionjader/test-18,jaspionjader/test-18 (Merge),0.4391647495312438,0.3286222851906328,0.11404833836858005,0.3255947104018913,0.08277404921700222,0.11899479166666665
2072,jaspionjader/test-19,jaspionjader/test-19 (Merge),0.44008896394898867,0.32971901545171306,0.1095166163141994,0.3254100177304965,0.07941834451901568,0.12099479166666667
2073,jaspionjader/test-20,jaspionjader/test-20 (Merge),0.4529282304285961,0.33050643436434685,0.11329305135951662,0.32439420803782504,0.08501118568232664,0.11832812499999998
2074,jebcarter/psyonic-cetacean-20B,jebcarter/psyonic-cetacean-20B,0.2543661928128477,0.27843060379681306,0.011329305135951661,0.20951536643026003,0.031319910514541416,0.16897656249999998
2075,jeffmeloy/Qwen-7B-nerd-uncensored-v1.0,jeffmeloy/Qwen-7B-nerd-uncensored-v1.0 (Merge),0.6151189953767117,0.3418632007953577,0.24697885196374622,0.373614804964539,0.10402684563758392,0.1891145833333333
2076,jeffmeloy/Qwen2.5-7B-minperplexity-2,jeffmeloy/Qwen2.5-7B-minperplexity-2 (Merge),0.509730847484674,0.3689009035044375,0.0007552870090634441,0.371767878250591,0.08165548098434001,0.16907291666666666
2077,jeffmeloy/Qwen2.5-7B-nerd-uncensored-v0.9,jeffmeloy/Qwen2.5-7B-nerd-uncensored-v0.9 (Merge),0.6048274134851084,0.3479159883396676,0.25075528700906347,0.37370715130023646,0.09731543624161071,0.19548697916666666
2078,jeffmeloy/Qwen2.5-7B-nerd-uncensored-v1.0,jeffmeloy/Qwen2.5-7B-nerd-uncensored-v1.0 (Merge),0.7695159953368175,0.34737157075604436,0.0015105740181268882,0.3615174349881796,0.05369127516778524,0.16822656250000004
2079,jeffmeloy/Qwen2.5-7B-nerd-uncensored-v1.1,jeffmeloy/Qwen2.5-7B-nerd-uncensored-v1.1 (Merge),0.6626296005709296,0.2666115220988233,0.07401812688821752,0.3166371158392435,0.04921700223713646,0.053031249999999995
2080,jeffmeloy/Qwen2.5-7B-nerd-uncensored-v1.2,jeffmeloy/Qwen2.5-7B-nerd-uncensored-v1.2 (Merge),0.4964671516021933,0.27660911941379895,0.10574018126888216,0.3298426418439716,0.07158836689038028,0.10856249999999998
2081,jeffmeloy/Qwen2.5-7B-nerd-uncensored-v1.3,jeffmeloy/Qwen2.5-7B-nerd-uncensored-v1.3 (Merge),0.4995146212050692,0.2890026338610873,0.11178247734138973,0.3351063829787233,0.08389261744966443,0.11309114583333331
2082,jeffmeloy/Qwen2.5-7B-nerd-uncensored-v1.4,jeffmeloy/Qwen2.5-7B-nerd-uncensored-v1.4 (Merge),0.6078748830879843,0.3485601776135507,0.236404833836858,0.3798943557919622,0.09843400447427292,0.1782317708333333
2083,jeffmeloy/Qwen2.5-7B-nerd-uncensored-v1.5,jeffmeloy/Qwen2.5-7B-nerd-uncensored-v1.5 (Merge),0.5650352176669017,0.35925320953165973,0.22280966767371602,0.3831264775413712,0.10290827740492169,0.22409375
2084,jeffmeloy/Qwen2.5-7B-nerd-uncensored-v1.7,jeffmeloy/Qwen2.5-7B-nerd-uncensored-v1.7 (Merge),0.4201551882338861,0.3383351101288335,0.26963746223564955,0.3644725177304965,0.09843400447427292,0.2077213541666666
2085,jeffmeloy/Qwen2.5-7B-olm-v1.0,jeffmeloy/Qwen2.5-7B-olm-v1.0 (Merge),0.5331365222055259,0.3822235774647793,0.26132930513595165,0.3962396572104019,0.09395973154362418,0.11470052083333336
2086,jeffmeloy/Qwen2.5-7B-olm-v1.1,jeffmeloy/Qwen2.5-7B-olm-v1.1 (Merge),0.4329445870290829,0.35430516183970584,0.2998489425981873,0.372691341607565,0.07829977628635347,0.194015625
2087,jeffmeloy/Qwen2.5-7B-olm-v1.2,jeffmeloy/Qwen2.5-7B-olm-v1.2 (Merge),0.42025492360270744,0.36440700840627477,0.277190332326284,0.3763851950354609,0.08948545861297541,0.1769765625
2088,jeffmeloy/jeffmeloy_Qwen2.5-7B-minperplexity-1,jeffmeloy/jeffmeloy_Qwen2.5-7B-minperplexity-1 (Merge),0.37571643239936703,0.37821507463733967,0.2681268882175227,0.3741688829787233,0.1096196868008949,0.11928906250000003
2089,jeonsworld/CarbonVillain-en-10.7B-v4,jeonsworld/CarbonVillain-en-10.7B-v4,0.4579238642357833,0.31805639827276194,0.0,0.23795803782505906,0.07494407158836691,0.08401041666666663
2090,jiangxinyang-shanda/Homer-LLama3-8B,Removed,0.39917197480462946,0.3169897508701321,0.024924471299093656,0.23768099881796687,0.06263982102908276,0.09236458333333336
2091,jieliu/Storm-7B,mistralai/Mistral-7B-v0.1,0.3424192254329623,0.32330284379160873,0.06268882175226587,0.2354646867612293,0.07718120805369126,0.1462864583333333
2092,johnsutor/Llama-3-8B-Instruct_breadcrumbs-density-0.1-gamma-0.01,johnsutor/Llama-3-8B-Instruct_breadcrumbs-density-0.1-gamma-0.01 (Merge),0.4271244741729721,0.29550013804457737,0.04154078549848943,0.3043550531914893,0.0961968680089485,0.17803385416666662
2093,johnsutor/Llama-3-8B-Instruct_breadcrumbs-density-0.1-gamma-0.1,johnsutor/Llama-3-8B-Instruct_breadcrumbs-density-0.1-gamma-0.1 (Merge),0.42532591302189304,0.2860771839444279,0.09441087613293052,0.30269281914893614,0.06823266219239373,0.10777604166666671
2094,johnsutor/Llama-3-8B-Instruct_breadcrumbs-density-0.3-gamma-0.01,johnsutor/Llama-3-8B-Instruct_breadcrumbs-density-0.3-gamma-0.01 (Merge),0.337748285659827,0.28135682301211706,0.0,0.2814531619385342,0.08277404921700222,0.22288020833333333
2095,johnsutor/Llama-3-8B-Instruct_breadcrumbs-density-0.3-gamma-0.1,johnsutor/Llama-3-8B-Instruct_breadcrumbs-density-0.3-gamma-0.1 (Merge),0.42739930052261327,0.3051494334374904,0.08081570996978854,0.3043550531914893,0.07829977628635347,0.11397395833333336
2096,johnsutor/Llama-3-8B-Instruct_breadcrumbs-density-0.5-gamma-0.01,johnsutor/Llama-3-8B-Instruct_breadcrumbs-density-0.5-gamma-0.01 (Merge),0.3203621945327288,0.27665794638508445,0.0,0.2604905437352246,0.06935123042505593,0.23621354166666675
2097,johnsutor/Llama-3-8B-Instruct_breadcrumbs-density-0.5-gamma-0.1,johnsutor/Llama-3-8B-Instruct_breadcrumbs-density-0.5-gamma-0.1 (Merge),0.4396390466185278,0.3085473142768363,0.07930513595166162,0.2995530437352246,0.07606263982102905,0.13840625
2098,johnsutor/Llama-3-8B-Instruct_breadcrumbs-density-0.7-gamma-0.01,johnsutor/Llama-3-8B-Instruct_breadcrumbs-density-0.7-gamma-0.01 (Merge),0.2814443454478561,0.2716443115792157,0.0,0.255042109929078,0.05369127516778524,0.24472395833333338
2099,johnsutor/Llama-3-8B-Instruct_breadcrumbs-density-0.7-gamma-0.1,johnsutor/Llama-3-8B-Instruct_breadcrumbs-density-0.7-gamma-0.1 (Merge),0.4302218114602588,0.311635077147449,0.06646525679758308,0.2958591903073286,0.07718120805369126,0.12877864583333337
2100,johnsutor/Llama-3-8B-Instruct_breadcrumbs-density-0.9-gamma-0.01,johnsutor/Llama-3-8B-Instruct_breadcrumbs-density-0.9-gamma-0.01 (Merge),0.2789963962286733,0.2722486881424896,0.0,0.2560579196217494,0.059284116331096204,0.24242968750000002
2101,johnsutor/Llama-3-8B-Instruct_breadcrumbs-density-0.9-gamma-0.1,johnsutor/Llama-3-8B-Instruct_breadcrumbs-density-0.9-gamma-0.1 (Merge),0.4222784434190171,0.31124765884679534,0.07779456193353475,0.2944739952718675,0.07718120805369126,0.13670052083333337
2102,johnsutor/Llama-3-8B-Instruct_breadcrumbs_ties-density-0.1-gamma-0.01,johnsutor/Llama-3-8B-Instruct_breadcrumbs_ties-density-0.1-gamma-0.01 (Merge),0.4358923212631373,0.2953001282071684,0.04984894259818731,0.3069407505910165,0.0805369127516779,0.1634453124999999
2103,johnsutor/Llama-3-8B-Instruct_breadcrumbs_ties-density-0.1-gamma-0.1,johnsutor/Llama-3-8B-Instruct_breadcrumbs_ties-density-0.1-gamma-0.1 (Merge),0.4201551882338861,0.28504906370089667,0.09667673716012085,0.2999224290780142,0.06711409395973152,0.10777604166666671
2104,johnsutor/Llama-3-8B-Instruct_breadcrumbs_ties-density-0.3-gamma-0.01,johnsutor/Llama-3-8B-Instruct_breadcrumbs_ties-density-0.3-gamma-0.01 (Merge),0.35178659290682057,0.29136918888444113,0.012839879154078549,0.2901337174940898,0.07494407158836691,0.20354687500000002
2105,johnsutor/Llama-3-8B-Instruct_breadcrumbs_ties-density-0.3-gamma-0.1,johnsutor/Llama-3-8B-Instruct_breadcrumbs_ties-density-0.3-gamma-0.1 (Merge),0.4203801468991166,0.30244175919150706,0.09063444108761329,0.30112293144208035,0.0727069351230425,0.11915104166666671
2106,johnsutor/Llama-3-8B-Instruct_breadcrumbs_ties-density-0.5-gamma-0.01,johnsutor/Llama-3-8B-Instruct_breadcrumbs_ties-density-0.5-gamma-0.01 (Merge),0.3454168273514276,0.2932060751365874,0.012084592145015106,0.2812684692671394,0.06263982102908276,0.21058593749999996
2107,johnsutor/Llama-3-8B-Instruct_breadcrumbs_ties-density-0.5-gamma-0.1,johnsutor/Llama-3-8B-Instruct_breadcrumbs_ties-density-0.5-gamma-0.1 (Merge),0.40916435058976847,0.30693077471988917,0.08081570996978853,0.29659796099290775,0.06040268456375841,0.13262239583333335
2108,johnsutor/Llama-3-8B-Instruct_breadcrumbs_ties-density-0.7-gamma-0.01,johnsutor/Llama-3-8B-Instruct_breadcrumbs_ties-density-0.7-gamma-0.01 (Merge),0.2903872835188411,0.2873926605726859,0.006042296072507553,0.27665115248226946,0.06599552572706939,0.22250781249999993
2109,johnsutor/Llama-3-8B-Instruct_breadcrumbs_ties-density-0.7-gamma-0.1,johnsutor/Llama-3-8B-Instruct_breadcrumbs_ties-density-0.7-gamma-0.1 (Merge),0.4198803618842449,0.31007758447741607,0.08081570996978853,0.2905954491725768,0.06487695749440718,0.1313671875
2110,johnsutor/Llama-3-8B-Instruct_breadcrumbs_ties-density-0.9-gamma-0.01,johnsutor/Llama-3-8B-Instruct_breadcrumbs_ties-density-0.9-gamma-0.01 (Merge),0.29131149793658606,0.28219373273671144,0.0,0.2726802600472813,0.06711409395973152,0.21976302083333327
2111,johnsutor/Llama-3-8B-Instruct_breadcrumbs_ties-density-0.9-gamma-0.1,johnsutor/Llama-3-8B-Instruct_breadcrumbs_ties-density-0.9-gamma-0.1 (Merge),0.41623337189767595,0.3084160241378374,0.07854984894259819,0.29161125886524825,0.06263982102908276,0.12499479166666669
2112,johnsutor/Llama-3-8B-Instruct_dare_linear,johnsutor/Llama-3-8B-Instruct_dare_linear (Merge),0.21454961723781785,0.19610998997495774,0.0,0.15715499408983452,0.06152125279642054,0.21807552083333334
2113,johnsutor/Llama-3-8B-Instruct_dare_ties-density-0.1,johnsutor/Llama-3-8B-Instruct_dare_ties-density-0.1 (Merge),0.18907055501624576,0.1685891694951123,0.0,0.1405326536643026,0.029082774049216997,0.16991927083333333
2114,johnsutor/Llama-3-8B-Instruct_dare_ties-density-0.3,johnsutor/Llama-3-8B-Instruct_dare_ties-density-0.3 (Merge),0.2113270566541222,0.23094935664732202,0.0,0.22669178486997635,0.06263982102908276,0.2250182291666667
2115,johnsutor/Llama-3-8B-Instruct_dare_ties-density-0.7,johnsutor/Llama-3-8B-Instruct_dare_ties-density-0.7 (Merge),0.20338368861288048,0.25253545989338344,0.0,0.23869680851063835,0.07158836689038028,0.2370963541666667
2116,johnsutor/Llama-3-8B-Instruct_dare_ties-density-0.9,johnsutor/Llama-3-8B-Instruct_dare_ties-density-0.9 (Merge),0.21607335203925582,0.2468762324471831,0.0,0.23814273049645387,0.07718120805369126,0.25880208333333327
2117,johnsutor/Llama-3-8B-Instruct_linear,johnsutor/Llama-3-8B-Instruct_linear (Merge),0.4308213318439518,0.2877857721754846,0.09969788519637462,0.3013076241134751,0.06040268456375841,0.1014817708333333
2118,johnsutor/Llama-3-8B-Instruct_ties-density-0.1,johnsutor/Llama-3-8B-Instruct_ties-density-0.1 (Merge),0.41161229980895137,0.28768718884316496,0.07930513595166164,0.2889332151300236,0.05145413870246088,0.10671875000000001
2119,johnsutor/Llama-3-8B-Instruct_ties-density-0.3,johnsutor/Llama-3-8B-Instruct_ties-density-0.3 (Merge),0.36262782749770606,0.27724506656987163,0.06646525679758308,0.2579048463356974,0.06152125279642054,0.10477864583333335
2120,johnsutor/Llama-3-8B-Instruct_ties-density-0.5,johnsutor/Llama-3-8B-Instruct_ties-density-0.5 (Merge),0.37966373666316483,0.26012097085928987,0.06042296072507553,0.24165189125295505,0.0727069351230425,0.07797395833333334
2121,johnsutor/Llama-3-8B-Instruct_ties-density-0.7,johnsutor/Llama-3-8B-Instruct_ties-density-0.7 (Merge),0.3681232463197649,0.2537140767111521,0.06419939577039274,0.2391585401891253,0.07941834451901568,0.07575781250000001
2122,johnsutor/Llama-3-8B-Instruct_ties-density-0.9,johnsutor/Llama-3-8B-Instruct_ties-density-0.9 (Merge),0.3858085435533274,0.2546373486461887,0.06193353474320242,0.2423906619385342,0.06599552572706939,0.07738541666666668
2123,jpacifico/Chocolatine-14B-Instruct-4k-DPO,jpacifico/Chocolatine-14B-Instruct-4k-DPO,0.4688648341954902,0.48020721597804344,0.16087613293051362,0.418218085106383,0.12192393736017897,0.1515234375
2124,jpacifico/Chocolatine-14B-Instruct-DPO-v1.2,jpacifico/Chocolatine-14B-Instruct-DPO-v1.2,0.6852107962428579,0.49845064475726,0.19410876132930516,0.41073803191489355,0.10067114093959727,0.12346354166666672
2125,jpacifico/Chocolatine-3B-Instruct-DPO-Revised,jpacifico/Chocolatine-3B-Instruct-DPO-Revised,0.5622625744136669,0.371552860906475,0.16163141993957705,0.33205895390070916,0.0961968680089485,0.1510130208333333
2126,jpacifico/Chocolatine-3B-Instruct-DPO-v1.0,jpacifico/Chocolatine-3B-Instruct-DPO-v1.0,0.3737184005106451,0.36554520056455814,0.16465256797583083,0.32633348108747046,0.08724832214765099,0.19468229166666665
2127,jpacifico/Chocolatine-3B-Instruct-DPO-v1.2,jpacifico/Chocolatine-3B-Instruct-DPO-v1.2,0.5455014915978493,0.35999387851449205,0.14123867069486407,0.3196845449172577,0.11856823266219241,0.12328385416666668
2128,jsfs11/L3-8B-Stheno-slerp,jsfs11/L3-8B-Stheno-slerp (Merge),0.6751940407008958,0.3331031560721856,0.10120845921450151,0.2943816489361702,0.04697986577181204,0.051343750000000014
2129,jsfs11/MixtureofMerges-MoE-4x7b-v4,jsfs11/MixtureofMerges-MoE-4x7b-v4 (Merge),0.40299405577201824,0.32217998195336917,0.0649546827794562,0.22576832151300238,0.04809843400447425,0.13885677083333334
2130,jsfs11/MixtureofMerges-MoE-4x7b-v5,jsfs11/MixtureofMerges-MoE-4x7b-v5 (Merge),0.4199302295686556,0.3282672418068055,0.07628398791540784,0.2330636820330969,0.045861297539149914,0.12344531250000003
2131,kaist-ai/janus-7b,alpindale/Mistral-7B-v0.2-hf,0.37751499355044615,0.25749870021061566,0.04305135951661631,0.20822251773049646,0.030201342281879207,0.14279687500000005
2132,kaist-ai/janus-dpo-7b,Removed,0.40027128020319425,0.2709090157681442,0.04154078549848943,0.21958111702127658,0.04250559284116329,0.13709114583333337
2133,kaist-ai/janus-rm-7b,kaist-ai/janus-rm-7b,0.177804891022487,0.032777812036470795,0.0,0.014018173758865236,0.0022371364653244186,0.05969791666666666
2134,kaist-ai/mistral-orpo-capybara-7k,kaist-ai/mistral-orpo-capybara-7k (Merge),0.536733644507684,0.23434359116276923,0.037009063444108765,0.2190270390070922,0.04809843400447425,0.0757760416666667
2135,keeeeenw/MicroLlama,keeeeenw/MicroLlama,0.1985376578589254,0.02831363636363637,0.0,0.015311022458628842,0.014541387024608499,0.04793229166666666
2136,kekmodel/StopCarbon-10.7B-v5,kekmodel/StopCarbon-10.7B-v5,0.472836518216111,0.319932224557197,0.0,0.23962027186761228,0.07494407158836691,0.0927552083333333
2137,kevin009/llamaRAGdrama,kevin009/llamaRAGdrama,0.2598372318780835,0.16637813694151937,0.035498489425981876,0.19150783096926716,0.019015659955257263,0.12113281250000002
2138,khulaifi95/Llama-3.1-8B-Reason-Blend-888k,khulaifi95/Llama-3.1-8B-Reason-Blend-888k (Merge),0.583170432230925,0.26547568201488425,0.11178247734138973,0.2333407210401891,0.039149888143176735,0.029421874999999997
2139,kms7530/chemeng_llama-3-8b-Instruct-bnb-4bit_24_1_100_1,Removed,0.5455014915978493,0.19079190454097789,0.035498489425981876,0.1998190011820331,0.026845637583892648,0.05491145833333334
2140,kms7530/chemeng_phi-3-mini-4k-instruct-bnb-4bit_16_4_100_1_nonmath,unsloth/Phi-3-mini-4k-instruct-bnb-4bit,0.48632517276382214,0.2925963050568337,0.10045317220543806,0.2756353427895981,0.0805369127516779,0.08351822916666668
2141,kms7530/chemeng_qwen-math-7b_24_1_100_1,Qwen/Qwen2.5-7B,0.17975305522679821,0.16463149308014338,0.14803625377643503,0.17765588061465723,0.045861297539149914,0.06238281250000001
2142,kms7530/chemeng_qwen-math-7b_24_1_100_1_nonmath,Qwen/Qwen2.5-7B,0.2583633647610562,0.14135344732061383,0.2862537764350453,0.1613105791962175,0.05369127516778524,0.09453906249999998
2143,kno10/ende-chat-0.0.5,kno10/ende-chat-0.0.5,0.34044557330106345,0.11125830654491324,0.0075528700906344415,0.08780289598108747,0.020134228187919476,0.07097135416666668
2144,kno10/ende-chat-0.0.7,kno10/ende-chat-0.0.7,0.44006347602140095,0.1357894913417845,0.0,0.10738031914893616,0.04138702460850116,0.06032291666666666
2145,kyutai/helium-1-preview-2b,kyutai/helium-1-preview-2b,0.26136096667952147,0.10945139672307277,0.00906344410876133,0.09694518321513002,0.038031319910514526,0.04036458333333333
2146,kz919/QwQ-0.5B-Distilled-SFT,kz919/QwQ-0.5B-Distilled-SFT (Merge),0.3076725311063534,0.07277628928283643,0.0007552870090634441,0.06527039007092197,0.014541387024608499,0.011067708333333329
2147,ladydaina/ECE-FDF,ladydaina/ECE-FDF (Merge),0.3728440537773109,0.32250998220060006,0.07930513595166164,0.22299793144208035,0.043624161073825496,0.15899479166666666
2148,laislemke/LLaMA-2-vicuna-7b-slerp,laislemke/LLaMA-2-vicuna-7b-slerp (Merge),0.29320979445648654,0.02598263938597983,0.009818731117824773,0.038028221040189124,0.031319910514541416,0.06179427083333336
2149,lalainy/ECE-PRYMMAL-0.5B-FT-V5-MUSR,lalainy/ECE-PRYMMAL-0.5B-FT-V5-MUSR,0.21377500587330506,0.0648592241919599,0.013595166163141997,0.059267878250591016,0.03243847874720355,0.007812499999999996
2150,lalainy/ECE-PRYMMAL-0.5B-SLERP-V4,lalainy/ECE-PRYMMAL-0.5B-SLERP-V4,0.15639724819035714,0.02096080371265706,0.0,0.01872783687943262,0.016778523489932917,0.0499921875
2151,lalainy/ECE-PRYMMAL-YL-0.5B-SLERP-BIS-V1,lalainy/ECE-PRYMMAL-YL-0.5B-SLERP-BIS-V1,0.1437075847639818,0.029294493625392503,0.0,0.013464095744680847,0.0,0.029421874999999997
2152,lalainy/ECE-PRYMMAL-YL-1B-SLERP-V3,lalainy/ECE-PRYMMAL-YL-1B-SLERP-V3,0.32500875454904105,0.18228655010358238,0.08685800604229607,0.21459441489361702,0.059284116331096204,0.1082682291666667
2153,lalainy/ECE-PRYMMAL-YL-1B-SLERP-V4,lalainy/ECE-PRYMMAL-YL-1B-SLERP-V4,0.3323526022065896,0.17411751961605876,0.08308157099697885,0.21034648345153661,0.04809843400447425,0.12093489583333332
2154,lalainy/ECE-PRYMMAL-YL-6B-SLERP-V1,lalainy/ECE-PRYMMAL-YL-6B-SLERP-V1,0.3264072660540699,0.24515258836802445,0.1163141993957704,0.24599216903073284,0.05145413870246088,0.20632812500000003
2155,lalainy/ECE-PRYMMAL-YL-6B-SLERP-V2,lalainy/ECE-PRYMMAL-YL-6B-SLERP-V2,0.32488353125263186,0.24515258836802445,0.1163141993957704,0.24599216903073284,0.05145413870246088,0.20632812500000003
2156,langgptai/Qwen-las-v0.1,Qwen/Qwen1.5-4B-Chat,0.3301041237250495,0.14698639898107368,0.02265861027190333,0.14727393617021275,0.0,0.0366171875
2157,langgptai/qwen1.5-7b-chat-sa-v0.1,Qwen/Qwen1.5-7B-Chat,0.4267742922113326,0.20302342129934098,0.030211480362537766,0.2214280437352246,0.08277404921700222,0.030598958333333325
2158,leafspark/Llama-3.1-8B-MultiReflection-Instruct,leafspark/Llama-3.1-8B-MultiReflection-Instruct (Merge),0.7125382872999196,0.2844804503711862,0.13670694864048338,0.30269281914893614,0.057046979865771785,0.08524739583333335
2159,lemon07r/Gemma-2-Ataraxy-9B,lemon07r/Gemma-2-Ataraxy-9B (Merge),0.3008772279773224,0.4203199052898647,0.010574018126888218,0.3584700059101655,0.11297539149888143,0.1447005208333333
2160,lemon07r/Gemma-2-Ataraxy-Advanced-9B,lemon07r/Gemma-2-Ataraxy-Advanced-9B (Merge),0.5515964308036011,0.41161438154736807,0.0037764350453172208,0.36040927895981084,0.11409395973154364,0.06509114583333334
2161,lemon07r/Gemma-2-Ataraxy-Remix-9B,lemon07r/Gemma-2-Ataraxy-Remix-9B (Merge),0.7083416446140685,0.41592312815933785,0.015861027190332326,0.35985520094562645,0.11856823266219241,0.13715104166666664
2162,lemon07r/Gemma-2-Ataraxy-v2-9B,lemon07r/Gemma-2-Ataraxy-v2-9B (Merge),0.21362429464930827,0.3979685359725269,0.00906344410876133,0.35791592789598103,0.12304250559284118,0.04881510416666667
2163,lemon07r/Gemma-2-Ataraxy-v2a-9B,lemon07r/Gemma-2-Ataraxy-v2a-9B (Merge),0.15946909755005606,0.3119852836941699,0.0,0.27942154255319146,0.11968680089485462,0.030598958333333325
2164,lemon07r/Gemma-2-Ataraxy-v2f-9B,lemon07r/Gemma-2-Ataraxy-v2f-9B (Merge),0.37911408396388246,0.31421336195418803,0.0,0.27812869385342787,0.11856823266219241,0.035932291666666664
2165,lemon07r/Gemma-2-Ataraxy-v3-Advanced-9B,lemon07r/Gemma-2-Ataraxy-v3-Advanced-9B (Merge),0.6601816513517469,0.4221047229127766,0.0015105740181268884,0.3551455378250591,0.11521252796420578,0.1458776041666667
2166,lemon07r/Gemma-2-Ataraxy-v3b-9B,lemon07r/Gemma-2-Ataraxy-v3b-9B (Merge),0.6809144181881851,0.41623985492123317,0.024924471299093656,0.35606900118203305,0.11073825503355701,0.15209374999999997
2167,lemon07r/Gemma-2-Ataraxy-v3i-9B,lemon07r/Gemma-2-Ataraxy-v3i-9B (Merge),0.4203047912871182,0.3823882487477729,0.0015105740181268884,0.35182106973995275,0.10402684563758392,0.017578124999999993
2168,lemon07r/Gemma-2-Ataraxy-v3j-9B,lemon07r/Gemma-2-Ataraxy-v3j-9B (Merge),0.4169326276501904,0.3816656919949616,0.0007552870090634442,0.34821956264775417,0.10402684563758392,0.01920572916666666
2169,lemon07r/Gemma-2-Ataraxy-v4-Advanced-9B,lemon07r/Gemma-2-Ataraxy-v4-Advanced-9B (Merge),0.7015474496558022,0.43181897224805027,0.06722054380664652,0.374076536643026,0.11856823266219241,0.16289843750000002
2170,lemon07r/Gemma-2-Ataraxy-v4a-Advanced-9B,lemon07r/Gemma-2-Ataraxy-v4a-Advanced-9B (Merge),0.7135123694020754,0.4273751687792403,0.02416918429003021,0.36770463947990545,0.12527964205816552,0.15179947916666664
2171,lemon07r/Gemma-2-Ataraxy-v4b-9B,lemon07r/Gemma-2-Ataraxy-v4b-9B (Merge),0.6878338364428604,0.4344273930792989,0.1027190332326284,0.37296838061465726,0.12080536912751676,0.15868229166666667
2172,lemon07r/Gemma-2-Ataraxy-v4c-9B,lemon07r/Gemma-2-Ataraxy-v4c-9B (Merge),0.6945282960323056,0.4412536650674094,0.19486404833836862,0.3772163120567376,0.11185682326621922,0.15297656249999997
2173,lemon07r/Gemma-2-Ataraxy-v4d-9B,lemon07r/Gemma-2-Ataraxy-v4d-9B (Merge),0.7250029920610647,0.43595239307929895,0.1691842900302115,0.371767878250591,0.12975391498881436,0.15868229166666664
2174,lemon07r/Llama-3-RedMagic4-8B,lemon07r/Llama-3-RedMagic4-8B (Merge),0.4864005283758206,0.1947574697432607,0.09365558912386708,0.29733673167848695,0.05369127516778524,0.04379427083333333
2175,lemon07r/llama-3-NeuralMahou-8b,lemon07r/llama-3-NeuralMahou-8b (Merge),0.49009738604680025,0.1869206874721008,0.10347432024169184,0.2989066193853428,0.05145413870246088,0.061421875000000015
2176,lesubra/ECE-EIFFEL-3B,lesubra/ECE-EIFFEL-3B,0.3469405621528655,0.31286439186186243,0.09214501510574019,0.31340499408983447,0.10850111856823269,0.146953125
2177,lesubra/ECE-EIFFEL-3Bv2,lesubra/ECE-EIFFEL-3Bv2,0.3013027655509603,0.3635313296509659,0.05664652567975832,0.33325945626477543,0.11409395973154364,0.15769791666666666
2178,lesubra/ECE-EIFFEL-3Bv3,lesubra/ECE-EIFFEL-3Bv3,0.3786142989490109,0.3646408334995511,0.15709969788519637,0.3305814125295508,0.10626398210290827,0.18305468749999998
2179,lesubra/ECE-PRYMMAL-3B-SLERP-V1,lesubra/ECE-PRYMMAL-3B-SLERP-V1,0.2932840418977202,0.3505306761164019,0.09818731117824774,0.32227024231678486,0.08948545861297541,0.16638802083333334
2180,lesubra/ECE-PRYMMAL-3B-SLERP-V2,lesubra/ECE-PRYMMAL-3B-SLERP-V2,0.2932840418977202,0.3505306761164019,0.09818731117824774,0.32227024231678486,0.08948545861297541,0.16638802083333334
2181,lesubra/ECE-PRYMMAL-3B-SLERP_2-V1,lesubra/ECE-PRYMMAL-3B-SLERP_2-V1,0.3649006857360692,0.3571068108235764,0.14803625377643503,0.33224364657210403,0.09507829977628639,0.18068229166666666
2182,lesubra/ECE-PRYMMAL-3B-SLERP_2-V2,lesubra/ECE-PRYMMAL-3B-SLERP_2-V2,0.3664244205375071,0.3571068108235764,0.14803625377643503,0.33224364657210403,0.09507829977628639,0.18068229166666666
2183,lesubra/merge-test,lesubra/merge-test,0.538257379309122,0.33353311441745,0.10045317220543809,0.3193151595744681,0.0961968680089485,0.15638281249999997
2184,lightblue/suzume-llama-3-8B-multilingual,meta-llama/Meta-Llama-3-8B-Instruct,0.6678003253589365,0.2889509203723778,0.08836858006042295,0.26483082151300236,0.044742729306487705,0.07844270833333336
2185,lightblue/suzume-llama-3-8B-multilingual-orpo-borda-full,meta-llama/Meta-Llama-3-8B-Instruct,0.5817464327983085,0.2507547488849692,0.0324773413897281,0.2566119976359338,0.01230425055928408,0.040401041666666686
2186,lightblue/suzume-llama-3-8B-multilingual-orpo-borda-half,meta-llama/Meta-Llama-3-8B-Instruct,0.624910792253443,0.2634859792572119,0.08459214501510574,0.29041075650118203,0.0,0.02114583333333334
2187,lightblue/suzume-llama-3-8B-multilingual-orpo-borda-top25,meta-llama/Meta-Llama-3-8B-Instruct,0.6636535503574958,0.2766528501530011,0.09516616314199394,0.2982601950354609,0.030201342281879207,0.04808854166666668
2188,lightblue/suzume-llama-3-8B-multilingual-orpo-borda-top75,meta-llama/Meta-Llama-3-8B-Instruct,0.6687245397766813,0.2805625593898892,0.07552870090634442,0.30767952127659565,0.030201342281879207,0.05310937500000001
2189,llmat/Mistral-v0.3-7B-ORPO,mistralai/Mistral-7B-v0.3,0.37704069646316213,0.1486315851911541,0.005287009063444109,0.142010195035461,0.02237136465324381,0.02973437500000001
2190,llnYou/ECE-PRYMMAL-YL-1B-SLERP-V5,llnYou/ECE-PRYMMAL-YL-1B-SLERP-V5,0.33125329680802496,0.18879659027462833,0.09138972809667674,0.21450206855791962,0.04809843400447425,0.05650260416666666
2191,llnYou/ECE-PRYMMAL-YL-1B-SLERP-V6,llnYou/ECE-PRYMMAL-YL-1B-SLERP-V6,0.13876181864120535,0.14538923027777068,0.0,0.14995197990543732,0.05369127516778524,0.07365624999999999
2192,llnYou/ECE-PRYMMAL-YL-3B-SLERP-V1,llnYou/ECE-PRYMMAL-YL-3B-SLERP-V1,0.2346329960061526,0.1579746247814972,0.0,0.20554447399527187,0.058165548098433995,0.03222656249999999
2193,llnYou/ECE-PRYMMAL-YL-3B-SLERP-V2,llnYou/ECE-PRYMMAL-YL-3B-SLERP-V2,0.23093613833517287,0.1520224370386771,0.0,0.21108525413711582,0.03579418344519018,0.06613020833333333
2194,llnYou/ECE-PRYMMAL-YL-3B-SLERP-V3,llnYou/ECE-PRYMMAL-YL-3B-SLERP-V3,0.35808100285021516,0.36625756324513536,0.09894259818731116,0.3381538120567376,0.0727069351230425,0.14050260416666663
2195,lmsys/vicuna-13b-v1.3,lmsys/vicuna-13b-v1.3,0.3343506340953115,0.07489789311629211,0.005287009063444109,0.13813164893617022,0.02348993288590602,0.04091145833333333
2196,lmsys/vicuna-7b-v1.3,lmsys/vicuna-7b-v1.3,0.29086158060612505,0.06461378796018201,0.0,0.09306663711583923,0.0,0.05016666666666667
2197,lmsys/vicuna-7b-v1.5,lmsys/vicuna-7b-v1.5,0.23515716077784724,0.1515250931284372,0.0075528700906344415,0.12741947399527187,0.011185682326621947,0.11422656250000002
2198,lodrick-the-lafted/llama-3.1-8b-instruct-ortho-v7,lodrick-the-lafted/llama-3.1-8b-instruct-ortho-v7,0.3514618988727687,0.14437863079423618,0.01812688821752266,0.10821143617021275,0.030201342281879207,0.04732552083333332
2199,lordjia/Llama-3-Cantonese-8B-Instruct,lordjia/Llama-3-Cantonese-8B-Instruct,0.6669259786256023,0.2679103884029782,0.08836858006042297,0.27942154255319146,0.058165548098433995,0.0947552083333334
2200,lordjia/Qwen2-Cantonese-7B-Instruct,lordjia/Qwen2-Cantonese-7B-Instruct,0.5435278394659503,0.3245321665791298,0.09592145015105741,0.3158983451536643,0.06040268456375841,0.07814843749999999
2201,lt-asset/nova-1.3b,lt-asset/nova-1.3b,0.12142559519851771,0.04437619873492811,0.00906344410876133,0.015772754137115833,0.0,0.03755989583333333
2202,lunahr/thea-3b-50r-u1,CreitinGameplays/Llama-3.2-3b-Instruct-uncensored-refinetune (Merge),0.6030288523340291,0.16222936347543498,0.10196374622356495,0.20092715721040189,0.044742729306487705,0.02706770833333334
2203,lunahr/thea-v2-3b-50r,Removed,0.370396104558128,0.18711907810841777,0.021148036253776436,0.1566009160756501,0.014541387024608499,0.024401041666666675
2204,m42-health/Llama3-Med42-70B,m42-health/Llama3-Med42-70B,0.6291074349392943,0.529713478709021,0.22356495468277945,0.4402888593380615,0.12975391498881436,0.18628645833333335
2205,macadeliccc/Samantha-Qwen-2-7B,Qwen/Qwen2-7B,0.43771526217103957,0.3141189390746123,0.20619335347432025,0.3087876773049646,0.030201342281879207,0.20160156250000003
2206,macadeliccc/magistrate-3.2-3b-base,meta-llama/Llama-3.2-3B,0.1159301763764589,0.06910280939116192,0.0067975830815709985,0.0765366430260047,0.014541387024608499,0.07532552083333333
2207,macadeliccc/magistrate-3.2-3b-it,meta-llama/Llama-3.2-3B,0.22918744486850443,0.05323155419813335,0.01661631419939577,0.06582446808510639,0.0,0.05740364583333334
2208,maldv/Awqward2.5-32B-Instruct,maldv/Awqward2.5-32B-Instruct (Merge),0.8254697535871487,0.5720733868173477,0.0,0.524785756501182,0.12080536912751676,0.1386953125
2209,maldv/Lytta2.5-32B-Instruct,maldv/Lytta2.5-32B-Instruct (Merge),0.2507945584382771,0.37031539849066647,0.19637462235649547,0.44980053191489366,0.02237136465324381,0.04973437500000002
2210,maldv/Qwentile2.5-32B-Instruct,maldv/Qwentile2.5-32B-Instruct (Merge),0.7393161256576994,0.5720587763688364,0.3806646525679758,0.5421468676122931,0.17897091722595074,0.19961979166666668
2211,maldv/badger-kappa-llama-3-8b,maldv/badger-kappa-llama-3-8b,0.4694643545791833,0.30153238604373767,0.08610271903323262,0.2994606973995272,0.07046979865771814,0.04297135416666666
2212,maldv/badger-lambda-llama-3-8b,maldv/badger-lambda-llama-3-8b,0.48607583434176876,0.28103050014353714,0.09138972809667674,0.30740248226950356,0.04250559284116329,0.04520572916666667
2213,maldv/badger-mu-llama-3-8b,maldv/badger-mu-llama-3-8b,0.49194581488229006,0.30513965142145677,0.024169184290030215,0.2970596926713948,0.01230425055928408,0.0569895833333333
2214,maldv/badger-writer-llama-3-8b,maldv/badger-writer-llama-3-8b (Merge),0.5303140112678804,0.268783606145384,0.07250755287009064,0.30666371158392436,0.05257270693512303,0.03195052083333334
2215,matouLeLoup/ECE-PRYMMAL-0.5B-FT-EnhancedMUSREnsembleV3,Removed,0.18732186154957733,0.07918512040903257,0.030211480362537766,0.0799534574468085,0.014541387024608499,0.04601041666666668
2216,matouLeLoup/ECE-PRYMMAL-0.5B-FT-MUSR-ENSEMBLE-V2Mathis,Removed,0.18732186154957733,0.07918512040903257,0.030211480362537766,0.0799534574468085,0.014541387024608499,0.04601041666666668
2217,matouLeLoup/ECE-PRYMMAL-0.5B-FT-V4-MUSR-ENSEMBLE-Mathis,Removed,0.18732186154957733,0.07918512040903257,0.030211480362537766,0.0799534574468085,0.014541387024608499,0.04601041666666668
2218,matouLeLoup/ECE-PRYMMAL-0.5B-FT-V4-MUSR-Mathis,matouLeLoup/ECE-PRYMMAL-0.5B-FT-V4-MUSR-Mathis,0.18824607596732224,0.08079577103291849,0.027190332326283987,0.0800458037825059,0.017897091722595054,0.041265625
2219,matouLeLoup/ECE-PRYMMAL-0.5B-FT-V5-MUSR-Mathis,Removed,0.16521496296493304,0.03083351877626656,0.00906344410876133,0.012910017730496442,0.008948545861297527,0.12179427083333336
2220,mattshumer/Reflection-Llama-3.1-70B,meta-llama/Meta-Llama-3.1-70B,0.6562598350155366,0.42389444880223065,0.0,0.3988253546099291,0.014541387024608499,0.10016666666666665
2221,mattshumer/ref_70_e3,meta-llama/Meta-Llama-3.1-70B,0.6294321289733462,0.49274466600030187,0.0,0.4780585106382979,0.11409395973154364,0.12995052083333333
2222,maywell/Qwen2-7B-Multilingual-RP,maywell/Qwen2-7B-Multilingual-RP,0.43471766025257425,0.3054356147647468,0.22507552870090636,0.31765292553191493,0.06263982102908276,0.06228645833333334
2223,meditsolutions/Llama-3.1-MedIT-SUN-8B,meditsolutions/Llama-3.1-MedIT-SUN-8B (Merge),0.7837293935646308,0.32001650567550216,0.2001510574018127,0.32402482269503546,0.07829977628635347,0.09636458333333328
2224,meditsolutions/Llama-3.2-SUN-1B-Instruct,meditsolutions/Llama-3.2-SUN-1B-Instruct (Merge),0.6412973133507981,0.09183738602498957,0.04607250755287009,0.08678708628841607,0.0,0.040539062500000014
2225,meditsolutions/Llama-3.2-SUN-1B-chat,meditsolutions/Llama-3.2-SUN-1B-chat (Merge),0.5481743994822625,0.08690237956315014,0.04833836858006042,0.09306663711583923,0.015659955257270708,0.010479166666666664
2226,meditsolutions/Llama-3.2-SUN-2.4B-checkpoint-26000,meditsolutions/Llama-3.2-SUN-2.4B-checkpoint-26000 (Merge),0.28139447776344545,0.028953053502640425,0.006797583081570997,0.03830526004728132,0.03691275167785232,0.08491666666666665
2227,meditsolutions/Llama-3.2-SUN-2.4B-checkpoint-34800,meditsolutions/Llama-3.2-SUN-2.4B-checkpoint-34800 (Merge),0.25009530268576263,0.05466179719646344,0.0015105740181268884,0.03969045508274229,0.04809843400447425,0.08846614583333333
2228,meditsolutions/Llama-3.2-SUN-2.4B-v1.0.0,meditsolutions/Llama-3.2-SUN-2.4B-v1.0.0 (Merge),0.5636865738462834,0.07211667793228332,0.04229607250755287,0.0602836879432624,0.010067114093959738,0.030184895833333347
2229,meditsolutions/Llama-3.2-SUN-2.5B-chat,meditsolutions/Llama-3.2-SUN-2.5B-chat (Merge),0.560414145578177,0.0940909318881213,0.05060422960725076,0.09038859338061465,0.01230425055928408,0.011067708333333329
2230,meditsolutions/Llama-3.2-SUN-HDIC-1B-Instruct,meditsolutions/Llama-3.2-SUN-HDIC-1B-Instruct (Merge),0.6826631116548536,0.09529081854604923,0.027190332326283987,0.07635195035460991,0.0,0.03787239583333334
2231,meditsolutions/MSH-Lite-7B-v1-Bielik-v2.3-Instruct-Llama-Prune,meditsolutions/MSH-Lite-7B-v1-Bielik-v2.3-Instruct-Llama-Prune (Merge),0.36550020611976225,0.16138425927069103,0.017371601208459216,0.13222148345153664,0.07046979865771814,0.1156796875
2232,meditsolutions/MSH-v1-Bielik-v2.3-Instruct-MedIT-merge,meditsolutions/MSH-v1-Bielik-v2.3-Instruct-MedIT-merge (Merge),0.5814217387642566,0.38023435282057905,0.13746223564954682,0.2777593085106383,0.12751677852348994,0.13840624999999995
2233,meditsolutions/MedIT-Mesh-3B-Instruct,meditsolutions/MedIT-Mesh-3B-Instruct (Merge),0.5814217387642566,0.3754705419374355,0.1578549848942598,0.33464465130023646,0.09843400447427292,0.10595052083333334
2234,meditsolutions/SmolLM2-MedIT-Upscale-2B,meditsolutions/SmolLM2-MedIT-Upscale-2B (Merge),0.6429207835210575,0.10514326138245686,0.010574018126888218,0.10784205082742317,0.019015659955257263,0.024539062499999997
2235,meetkai/functionary-small-v3.1,meetkai/functionary-small-v3.1,0.6274584768414474,0.2861631466583614,0.010574018126888218,0.2609522754137116,0.05145413870246088,0.061872395833333343
2236,meraGPT/mera-mix-4x7B,meraGPT/mera-mix-4x7B,0.48317796779212485,0.1748643895465503,0.053625377643504536,0.19418587470449167,0.0727069351230425,0.09273697916666668
2237,mergekit-community/VirtuosoSmall-InstructModelStock,mergekit-community/VirtuosoSmall-InstructModelStock (Merge),0.5237946426592552,0.49941772258844996,0.31722054380664655,0.49117169030732855,0.1767337807606264,0.1931328125
2238,mergekit-community/diabolic6045_ELN-AOC-CAIN,mergekit-community/diabolic6045_ELN-AOC-CAIN (Merge),0.0861547361002141,0.0463001485442662,0.006042296072507553,0.0212211879432624,0.017897091722595054,0.06052083333333336
2239,mergekit-community/mergekit-della-zgowfmf,mergekit-community/mergekit-della-zgowfmf (Merge),0.48275353838925156,0.5099537348773462,0.33157099697885195,0.49052526595744683,0.18680089485458617,0.20489843749999995
2240,mergekit-community/mergekit-model_stock-azgztvm,mergekit-community/mergekit-model_stock-azgztvm (Merge),0.5061592131101034,0.5029437669451047,0.2847432024169184,0.48950945626477543,0.17561521252796417,0.19091666666666665
2241,mergekit-community/mergekit-slerp-fmrazcr,mergekit-community/mergekit-slerp-fmrazcr (Merge),0.41743241266506204,0.3365092926552356,0.11706948640483382,0.30851063829787234,0.08165548098434001,0.09840625000000001
2242,mergekit-community/mergekit-ties-ykqemwr,mergekit-community/mergekit-ties-ykqemwr (Merge),0.35995491961329273,0.34709885806490576,0.11858006042296072,0.3038009751773049,0.0961968680089485,0.11707291666666662
2243,mergekit-community/sexeh_time_testing,mergekit-community/sexeh_time_testing (Merge),0.7329463601023062,0.324874943439471,0.08987915407854985,0.2963209219858156,0.05480984340044745,0.03904947916666667
2244,meta-llama/Llama-2-13b-chat-hf,meta-llama/Llama-2-13b-chat-hf,0.398472719052115,0.07155379968626989,0.0067975830815709985,0.10257830969267138,0.0,0.081578125
2245,meta-llama/Llama-2-13b-hf,meta-llama/Llama-2-13b-hf,0.24824687385027283,0.17222559825058126,0.012084592145015107,0.15309175531914893,0.04138702460850116,0.03385416666666666
2246,meta-llama/Llama-2-70b-chat-hf,meta-llama/Llama-2-70b-chat-hf,0.4957922756065019,0.046137670825906134,0.009818731117824775,0.15918661347517732,0.019015659955257263,0.034833333333333355
2247,meta-llama/Llama-2-70b-hf,meta-llama/Llama-2-70b-hf,0.24067806752749368,0.3590006186372168,0.028700906344410873,0.301954048463357,0.07046979865771814,0.09777604166666669
2248,meta-llama/Llama-2-7b-chat-hf,meta-llama/Llama-2-7b-chat-hf,0.39864781003293487,0.044591716459594845,0.0067975830815709985,0.0764442966903073,0.004474272930648763,0.0327734375
2249,meta-llama/Llama-2-7b-hf,meta-llama/Llama-2-7b-hf,0.2518938638368418,0.1035141665784897,0.01283987915407855,0.09565233451536641,0.02237136465324381,0.037578125
2250,meta-llama/Llama-3.1-8B,meta-llama/Llama-3.1-8B,0.12459828809780273,0.25304470634754933,0.05362537764350453,0.2542109929078014,0.0805369127516779,0.08715104166666668
2251,meta-llama/Llama-3.2-1B,meta-llama/Llama-3.2-1B,0.14777900415342402,0.04366029656556756,0.0022658610271903325,0.022606382978723395,0.0,0.025578125000000004
2252,meta-llama/Llama-3.2-1B-Instruct,meta-llama/Llama-3.2-1B-Instruct,0.569831380736446,0.08742521312303046,0.032477341389728104,0.07579787234042552,0.03355704697986576,0.02973437500000001
2253,meta-llama/Llama-3.2-3B,meta-llama/Llama-3.2-3B,0.13374069690643048,0.14232664884364107,0.012084592145015107,0.16528147163120566,0.02348993288590602,0.03814843749999999
2254,meta-llama/Llama-3.2-3B-Instruct,meta-llama/Llama-3.2-3B-Instruct,0.7393161256576994,0.24059186446885472,0.17145015105740177,0.2438682033096927,0.038031319910514526,0.013734374999999997
2255,meta-llama/Llama-3.3-70B-Instruct,meta-llama/Llama-3.3-70B-Instruct (Merge),0.8997581971391463,0.5656141078802219,0.0022658610271903325,0.4812906323877069,0.1051454138702461,0.15565625
2256,meta-llama/Meta-Llama-3-70B,meta-llama/Meta-Llama-3-70B,0.16031906452656727,0.48709812647505885,0.18353474320241692,0.4121232269503546,0.19686800894854584,0.16011197916666664
2257,meta-llama/Meta-Llama-3-70B-Instruct,meta-llama/Meta-Llama-3-70B,0.8099077115387172,0.5018513318440344,0.2530211480362538,0.4674386820330969,0.04921700223713646,0.1092057291666667
2258,meta-llama/Meta-Llama-3-8B,meta-llama/Meta-Llama-3-8B,0.14550614591506095,0.2450076379676797,0.03549848942598188,0.24553043735224583,0.0738255033557047,0.062424479166666665
2259,meta-llama/Meta-Llama-3-8B-Instruct,meta-llama/Meta-Llama-3-8B-Instruct,0.47823220166934843,0.2679528350257365,0.09063444108761332,0.2879174054373522,0.057046979865771785,0.05401041666666668
2260,meta-llama/Meta-Llama-3.1-70B,meta-llama/Meta-Llama-3.1-70B,0.16843752354862876,0.4639941295581887,0.18429003021148038,0.40602836879432613,0.18344519015659957,0.16581770833333337
2261,meta-llama/Meta-Llama-3.1-70B-Instruct,meta-llama/Meta-Llama-3.1-70B,0.8668854195756149,0.5592799173898473,0.3066465256797583,0.4787972813238771,0.14205816554809844,0.17691145833333333
2262,meta-llama/Meta-Llama-3.1-8B,meta-llama/Meta-Llama-3.1-8B,0.1269963696325749,0.25294779851087174,0.0513595166163142,0.24950132978723402,0.06152125279642054,0.08981770833333334
2263,meta-llama/Meta-Llama-3.1-8B-Instruct,meta-llama/Meta-Llama-3.1-8B,0.7855778224001206,0.2989275635245275,0.1933534743202417,0.3068484042553192,0.02348993288590602,0.08407031249999995
2264,mhl1/Qwen2.5-0.5B-cinstruct-stage1,mhl1/Qwen2.5-0.5B-cinstruct-stage1 (Merge),0.1481790537994743,0.057245272906248354,0.0015105740181268882,0.01549571513002364,0.020134228187919476,0.01920572916666666
2265,microsoft/DialoGPT-medium,microsoft/DialoGPT-medium,0.14790422744983311,0.025568557723352245,0.0,0.013187056737588652,0.0055928411633109736,0.12283333333333334
2266,microsoft/Orca-2-13b,microsoft/Orca-2-13b,0.31279338820994956,0.27308019499942576,0.010574018126888218,0.19437056737588648,0.04026845637583895,0.25787760416666666
2267,microsoft/Orca-2-7b,microsoft/Orca-2-7b,0.2183462102776189,0.2242946840281846,0.008308157099697885,0.14653516548463358,0.014541387024608499,0.24093489583333327
2268,microsoft/Phi-3-medium-128k-instruct,microsoft/Phi-3-medium-128k-instruct,0.6040029344361849,0.4846045127399018,0.1729607250755287,0.41240026595744683,0.11521252796420578,0.11351822916666662
2269,microsoft/Phi-3-medium-4k-instruct,microsoft/Phi-3-medium-4k-instruct,0.6422713954529538,0.4938061007422016,0.18353474320241692,0.40842937352245867,0.11521252796420578,0.13052083333333334
2270,microsoft/Phi-3-mini-128k-instruct,microsoft/Phi-3-mini-128k-instruct,0.5976331688807919,0.3709976663224031,0.09743202416918431,0.3038009751773049,0.09060402684563762,0.07710937500000002
2271,microsoft/Phi-3-mini-4k-instruct,microsoft/Phi-3-mini-4k-instruct,0.547674614467391,0.36559855305187855,0.15483383685800603,0.3357528073286053,0.1096196868008949,0.13118749999999996
2272,microsoft/Phi-3-small-128k-instruct,microsoft/Phi-3-small-128k-instruct,0.6368258443153055,0.4563406964144793,0.0,0.38783614066193856,0.08948545861297541,0.1449713541666666
2273,microsoft/Phi-3-small-8k-instruct,microsoft/Phi-3-small-8k-instruct,0.6496651107949131,0.46205570366389076,0.028430143077010778,0.3895907210401891,0.08277404921700222,0.1677395833333333
2274,microsoft/Phi-3.5-MoE-instruct,microsoft/Phi-3.5-MoE-instruct,0.692454908531585,0.4877464635932187,0.22658610271903323,0.40639775413711576,0.14093959731543623,0.17326562499999998
2275,microsoft/Phi-3.5-mini-instruct,microsoft/Phi-3.5-mini-instruct,0.5774500547436358,0.36745853908516607,0.1593655589123867,0.3291038711583924,0.11968680089485462,0.10098958333333334
2276,microsoft/phi-1,microsoft/phi-1,0.206805719934219,0.04273999212214678,0.0067975830815709985,0.01798906619385342,0.020134228187919476,0.036971354166666665
2277,microsoft/phi-1_5,microsoft/phi-1_5,0.2032839532440591,0.07468938770070242,0.011329305135951661,0.07681368203309694,0.02348993288590602,0.03385416666666666
2278,microsoft/phi-2,microsoft/phi-2,0.273875539125077,0.280385192934393,0.0256797583081571,0.18088800236406616,0.029082774049216997,0.1383697916666666
2279,microsoft/phi-4,microsoft/phi-4,0.6751441730164851,0.5523925610958124,0.12311178247734139,0.4864620271867611,0.11633109619686799,0.10128385416666667
2280,migtissera/Llama-3-70B-Synthia-v3.5,migtissera/Llama-3-70B-Synthia-v3.5,0.6076499244227539,0.49118159695748176,0.18957703927492445,0.4064901004728132,0.18344519015659957,0.2339140625
2281,migtissera/Llama-3-8B-Synthia-v3.5,migtissera/Llama-3-8B-Synthia-v3.5,0.5069582042314393,0.2754233943005765,0.05060422960725076,0.22558362884160757,0.029082774049216997,0.09414843749999996
2282,migtissera/Tess-3-7B-SFT,mistralai/Mistral-7B-v0.3,0.3946262583279033,0.24123847398237003,0.03323262839879154,0.22595301418439717,0.027964205816554788,0.10275520833333333
2283,migtissera/Tess-3-Mistral-Nemo-12B,migtissera/Tess-3-Mistral-Nemo-12B,0.335499807178287,0.280427283444165,0.04682779456193353,0.17386968085106383,0.0011185682326622093,0.1548932291666667
2284,migtissera/Tess-v2.5-Phi-3-medium-128k-14B,microsoft/Phi-3-medium-128k-instruct,0.453876824603164,0.4621582810863877,0.02643504531722054,0.30352393617021284,0.07718120805369126,0.10112760416666669
2285,migtissera/Tess-v2.5.2-Qwen2-72B,migtissera/Tess-v2.5.2-Qwen2-72B,0.44943084349525925,0.5230813577387958,0.27416918429003023,0.5067782210401892,0.13422818791946312,0.10887500000000003
2286,migtissera/Trinity-2-Codestral-22B,mistralai/Codestral-22B-v0.1,0.42020505591829677,0.3641273800501431,0.08610271903323262,0.256427304964539,0.08612975391498878,0.0961484375
2287,migtissera/Trinity-2-Codestral-22B-v0.2,mistralai/Codestral-22B-v0.1,0.44301121025545553,0.3778604101957199,0.07854984894259819,0.26150635342789597,0.07718120805369126,0.08859895833333338
2288,minghaowu/Qwen1.5-1.8B-OpenHermes-2.5,Removed,0.27779735546128714,0.07561477534247793,0.0022658610271903325,0.08798758865248227,0.044742729306487705,0.010773437500000014
2289,ministral/Ministral-3b-instruct,ministral/Ministral-3b-instruct,0.1357642167227401,0.04675863578564667,0.0,0.01032432033096926,0.0022371364653244186,0.007812499999999996
2290,mistral-community/Mistral-7B-v0.2,mistral-community/Mistral-7B-v0.2,0.22663976028050015,0.23950865383029593,0.03021148036253777,0.21699541962174945,0.05592841163310966,0.08363802083333333
2291,mistral-community/mixtral-8x22B-v0.3,mistral-community/mixtral-8x22B-v0.3,0.25826362939223485,0.4573104089763324,0.1827794561933535,0.404366134751773,0.17002237136465323,0.07462239583333335
2292,mistralai/Codestral-22B-v0.1,mistralai/Codestral-22B-v0.1,0.5771752283939946,0.30737634411945636,0.10045317220543806,0.2395279255319149,0.06487695749440718,0.10738541666666668
2293,mistralai/Ministral-8B-Instruct-2410,mistralai/Ministral-8B-Instruct-2410,0.5896399331551394,0.2582477440941784,0.0649546827794562,0.254580378250591,0.045861297539149914,0.10718750000000005
2294,mistralai/Mistral-7B-Instruct-v0.1,mistralai/Mistral-7B-v0.1,0.44870609981515713,0.07647020535827542,0.01812688821752266,0.15715499408983452,0.0,0.0612838541666667
2295,mistralai/Mistral-7B-Instruct-v0.2,mistralai/Mistral-7B-Instruct-v0.2,0.5496227786717022,0.22910601936713604,0.027190332326283994,0.19076906028368795,0.03467561521252797,0.07608854166666668
2296,mistralai/Mistral-7B-Instruct-v0.3,mistralai/Mistral-7B-v0.3,0.5465254413844156,0.2556911494885904,0.035498489425981876,0.23057033096926716,0.039149888143176735,0.04304947916666669
2297,mistralai/Mistral-7B-v0.1,mistralai/Mistral-7B-v0.1,0.23855481234236273,0.2216840245789813,0.027190332326283994,0.22364435579196215,0.05592841163310966,0.10675520833333335
2298,mistralai/Mistral-7B-v0.3,mistralai/Mistral-7B-v0.3,0.22663976028050015,0.23950865383029593,0.03021148036253777,0.21699541962174945,0.05592841163310966,0.08363802083333333
2299,mistralai/Mistral-Large-Instruct-2411,mistralai/Mistral-Large-Instruct-2411,0.8400577135334246,0.527448919952634,0.011329305135951661,0.5068705673758865,0.2494407158836689,0.17216666666666666
2300,mistralai/Mistral-Nemo-Base-2407,mistralai/Mistral-Nemo-Base-2407,0.16299197241098062,0.29374736440966875,0.053625377643504536,0.2746195330969267,0.058165548098433995,0.06516927083333336
2301,mistralai/Mistral-Nemo-Instruct-2407,mistralai/Mistral-Nemo-Base-2407,0.6380248850826917,0.29679970381152804,0.0649546827794562,0.2796985815602837,0.05369127516778524,0.08483333333333333
2302,mistralai/Mistral-Small-Instruct-2409,mistralai/Mistral-Small-Instruct-2409,0.6282829558903709,0.40559713034899203,0.19788519637462237,0.3443410165484633,0.11073825503355701,0.10225000000000001
2303,mistralai/Mixtral-8x22B-Instruct-v0.1,mistralai/Mixtral-8x22B-v0.1,0.7183584001560306,0.4411434558724835,0.18731117824773413,0.3870050236406619,0.1644295302013422,0.13489322916666663
2304,mistralai/Mixtral-8x22B-v0.1,mistralai/Mixtral-8x22B-v0.1,0.25826362939223485,0.4558840384342722,0.1827794561933535,0.404366134751773,0.16778523489932887,0.07462239583333335
2305,mistralai/Mixtral-8x7B-Instruct-v0.1,mistralai/Mixtral-8x7B-v0.1,0.5599143605633053,0.29742398380967333,0.09290030211480362,0.29909131205673756,0.07046979865771814,0.11073697916666667
2306,mistralai/Mixtral-8x7B-v0.1,mistralai/Mixtral-8x7B-v0.1,0.24152692633324022,0.3029419491896148,0.09516616314199396,0.3166371158392435,0.08501118568232664,0.1258359375
2307,mixtao/MixTAO-7Bx2-MoE-v8.1,mixtao/MixTAO-7Bx2-MoE-v8.1,0.41623337189767595,0.3231034233969924,0.09063444108761327,0.23592641843971626,0.045861297539149914,0.15291666666666665
2308,mkurman/llama-3.2-MEDIT-3B-o1,mkurman/llama-3.2-MEDIT-3B-o1 (Merge),0.4381651795015004,0.20819346310345163,0.11933534743202417,0.19344710401891252,0.021252796420581685,0.03001041666666666
2309,mkurman/phi-4-MedIT-11B-exp-1,mkurman/phi-4-MedIT-11B-exp-1,0.5947607902587357,0.3473718585543679,0.07250755287009064,0.31386672576832153,0.06823266219239373,0.062322916666666686
2310,mkxu/llama-3-8b-po1,mkxu/llama-3-8b-po1,0.4081149128756145,0.29181758873323105,0.0702416918429003,0.2846852836879432,0.06263982102908276,0.06852083333333335
2311,mlabonne/AlphaMonarch-7B,mlabonne/AlphaMonarch-7B (Merge),0.49394384677101205,0.23947378025426247,0.04229607250755287,0.1636192375886525,0.026845637583892648,0.09316927083333332
2312,mlabonne/Beyonder-4x7B-v3,mlabonne/Beyonder-4x7B-v3 (Merge),0.5608385749810503,0.24557209180110334,0.052114803625377654,0.16805186170212763,0.04697986577181204,0.08934375000000001
2313,mlabonne/BigQwen2.5-52B-Instruct,mlabonne/BigQwen2.5-52B-Instruct (Merge),0.7928718023732586,0.5980960695923371,0.1865558912386707,0.5021609042553191,0.06935123042505593,0.10446093750000002
2314,mlabonne/BigQwen2.5-Echo-47B-Instruct,mlabonne/BigQwen2.5-Echo-47B-Instruct (Merge),0.7356691356711303,0.4452224375363397,0.035498489425981876,0.41489361702127653,0.08612975391498878,0.10193229166666667
2315,mlabonne/ChimeraLlama-3-8B-v2,mlabonne/ChimeraLlama-3-8B-v2 (Merge),0.446883158907255,0.2847879573339652,0.09138972809667674,0.2854240543735224,0.04697986577181204,0.05252083333333334
2316,mlabonne/ChimeraLlama-3-8B-v3,mlabonne/ChimeraLlama-3-8B-v3 (Merge),0.44078821970150317,0.27646093550330053,0.08761329305135952,0.2965056146572104,0.05592841163310966,0.08377604166666669
2317,mlabonne/Daredevil-8B,mlabonne/Daredevil-8B (Merge),0.454776659264086,0.31626854762529916,0.10045317220543808,0.31451315011820324,0.07718120805369126,0.07534375000000003
2318,mlabonne/Daredevil-8B-abliterated,mlabonne/Daredevil-8B-abliterated,0.44263664853699297,0.19865777111108127,0.09667673716012085,0.300107121749409,0.05369127516778524,0.0917760416666667
2319,mlabonne/Hermes-3-Llama-3.1-70B-lorablated,mlabonne/Hermes-3-Llama-3.1-70B-lorablated (Merge),0.34244360518978534,0.5275007315730804,0.21223564954682778,0.4087987588652482,0.15436241610738258,0.2473255208333333
2320,mlabonne/Meta-Llama-3.1-8B-Instruct-abliterated,meta-llama/Meta-Llama-3.1-8B,0.7344700949037443,0.2712916478111247,0.07250755287009063,0.27812869385342787,0.008948545861297527,0.03210677083333333
2321,mlabonne/NeuralBeagle14-7B,mlabonne/Beagle14-7B (Merge),0.4935194173681387,0.23959695145493204,0.05438066465256799,0.17793291962174945,0.04250559284116329,0.12893489583333337
2322,mlabonne/NeuralDaredevil-8B-abliterated,mlabonne/NeuralDaredevil-8B-abliterated,0.7560772084735169,0.3030798586214647,0.08836858006042297,0.3157136524822695,0.07494407158836691,0.09075520833333338
2323,mlabonne/OrpoLlama-3-8B,meta-llama/Meta-Llama-3-8B,0.36527524745453177,0.2195410762879941,0.04531722054380666,0.18947621158392433,0.039149888143176735,0.04008854166666667
2324,mlabonne/phixtral-2x2_8,mlabonne/phixtral-2x2_8,0.3431184811854767,0.285026448557713,0.030211480362537763,0.172299793144208,0.020134228187919476,0.07710937500000002
2325,mlx-community/Josiefied-Qwen2.5-0.5B-Instruct-abliterated-v1-float32,Qwen/Qwen2.5-0.5B,0.3368983186833158,0.07221169084071985,0.010574018126888218,0.07090351654846336,0.010067114093959738,0.007812499999999996
2326,mmnga/Llama-3-70B-japanese-suzume-vector-v0.1,mmnga/Llama-3-70B-japanese-suzume-vector-v0.1,0.4648931501748693,0.5002266053282723,0.2628398791540785,0.4693779550827423,0.04809843400447425,0.10757812500000002
2327,moeru-ai/L3.1-Moe-2x8B-v0.2,moeru-ai/L3.1-Moe-2x8B-v0.2 (Merge),0.7347947889377962,0.3294589106477927,0.15256797583081572,0.31756057919621744,0.06711409395973152,0.1138177083333333
2328,moeru-ai/L3.1-Moe-4x8B-v0.1,moeru-ai/L3.1-Moe-4x8B-v0.1 (Merge),0.43321941337872405,0.27856764788876914,0.11102719033232629,0.2726802600472813,0.01230425055928408,0.03981250000000002
2329,moeru-ai/L3.1-Moe-4x8B-v0.2,moeru-ai/L3.1-Moe-4x8B-v0.2 (Merge),0.5406554608438943,0.2133700714055054,0.05287009063444108,0.19584810874704492,0.02237136465324381,0.022911458333333332
2330,monsterapi/Llama-3_1-8B-Instruct-orca-ORPO,meta-llama/Meta-Llama-3.1-8B,0.22728914834860395,0.013404688979507674,0.0,0.018635490543735225,0.0,0.030598958333333325
2331,monsterapi/gemma-2-2b-LoRA-MonsterInstruct,monsterapi/gemma-2-2b-LoRA-MonsterInstruct,0.39025452466123217,0.11965057260762338,0.011329305135951661,0.10968897754137115,0.026845637583892648,0.0541484375
2332,mosaicml/mpt-7b,mosaicml/mpt-7b,0.2151990053059216,0.06550600790794162,0.013595166163141997,0.02288342198581559,0.01342281879194629,0.02904947916666668
2333,mosama/Qwen2.5-1.5B-Instruct-CoT-Reflection,mosama/Qwen2.5-1.5B-Instruct-CoT-Reflection (Merge),0.2870394996387363,0.17973737754110075,0.0,0.1834736997635934,0.015659955257270708,0.018666666666666682
2334,mukaj/Llama-3.1-Hawkish-8B,mukaj/Llama-3.1-Hawkish-8B,0.6720468357291984,0.2813584109991744,0.0445619335347432,0.25901300236406616,0.05369127516778524,0.08557812499999998
2335,natong19/Mistral-Nemo-Instruct-2407-abliterated,natong19/Mistral-Nemo-Instruct-2407-abliterated,0.6392239258500778,0.2991504426635899,0.0634441087613293,0.27979092789598103,0.04921700223713646,0.10149999999999998
2336,natong19/Qwen2-7B-Instruct-abliterated,natong19/Qwen2-7B-Instruct-abliterated,0.5836945970026197,0.37746833853463096,0.11102719033232629,0.31580599881796684,0.06823266219239373,0.08928385416666669
2337,nazimali/Mistral-Nemo-Kurdish,nazimali/Mistral-Nemo-Kurdish (Merge),0.34012087926701157,0.29855897080399063,0.08912386706948641,0.24830082742316784,0.06823266219239373,0.11779947916666669
2338,nazimali/Mistral-Nemo-Kurdish-Instruct,nazimali/Mistral-Nemo-Kurdish-Instruct (Merge),0.4963917959901949,0.2556142263482943,0.004531722054380665,0.2291851359338061,0.043624161073825496,0.0840104166666667
2339,nbeerbower/Flammades-Mistral-Nemo-12B,nbeerbower/Flammades-Mistral-Nemo-12B (Merge),0.38415958545548035,0.3239377187272594,0.06948640483383685,0.2956744976359338,0.07158836689038028,0.20311458333333332
2340,nbeerbower/Gemma2-Gutenberg-Doppel-9B,nbeerbower/Gemma2-Gutenberg-Doppel-9B (Merge),0.7171094917042337,0.4108306318800703,0.03549848942598188,0.34748079196217496,0.10626398210290827,0.1729765625
2341,nbeerbower/Gutensuppe-mistral-nemo-12B,nbeerbower/Gutensuppe-mistral-nemo-12B (Merge),0.29161070404305023,0.35569347974580523,0.12009063444108761,0.297798463356974,0.11633109619686799,0.14328906249999998
2342,nbeerbower/Hermes2-Gutenberg2-Mistral-7B,nbeerbower/Hermes2-Gutenberg2-Mistral-7B (Merge),0.37214479802479644,0.2890733466476735,0.0581570996978852,0.2214280437352246,0.05257270693512303,0.16921093750000002
2343,nbeerbower/Llama-3.1-Nemotron-lorablated-70B,nbeerbower/Llama-3.1-Nemotron-lorablated-70B (Merge),0.7228797368759337,0.5418258128894629,0.324773413897281,0.48258348108747046,0.18791946308724836,0.1835416666666667
2344,nbeerbower/Llama3.1-Gutenberg-Doppel-70B,nbeerbower/Llama3.1-Gutenberg-Doppel-70B (Merge),0.7092159913474027,0.5255677899519905,0.14501510574018125,0.4151706560283688,0.12639821029082773,0.22681510416666664
2345,nbeerbower/Lyra-Gutenberg-mistral-nemo-12B,nbeerbower/Lyra-Gutenberg-mistral-nemo-12B (Merge),0.34948824674086976,0.3699243243937594,0.09138972809667674,0.2919806442080379,0.11185682326621922,0.14758333333333332
2346,nbeerbower/Lyra4-Gutenberg-12B,nbeerbower/Lyra4-Gutenberg-12B (Merge),0.22121858889967508,0.34235592754801625,0.1283987915407855,0.28570109338061467,0.09172259507829976,0.11973958333333329
2347,nbeerbower/Lyra4-Gutenberg2-12B,nbeerbower/Lyra4-Gutenberg2-12B (Merge),0.25851296781428834,0.3373063962440059,0.11631419939577038,0.2850546690307328,0.08389261744966443,0.11485677083333329
2348,nbeerbower/Mahou-1.5-mistral-nemo-12B-lorablated,nbeerbower/Mahou-1.5-mistral-nemo-12B-lorablated (Merge),0.6824880206740338,0.36077381004161374,0.0581570996978852,0.2859781323877068,0.039149888143176735,0.16554166666666664
2349,nbeerbower/Mistral-Gutenberg-Doppel-7B-FFT,nbeerbower/Mistral-Gutenberg-Doppel-7B-FFT (Merge),0.5716798095719358,0.17346574955843688,0.024924471299093656,0.19206190898345155,0.044742729306487705,0.09342187500000002
2350,nbeerbower/Mistral-Nemo-Gutenberg-Doppel-12B,nbeerbower/Mistral-Nemo-Gutenberg-Doppel-12B (Merge),0.3567068711020093,0.3242152675939865,0.11782477341389729,0.2865322104018913,0.0883668903803132,0.11485677083333329
2351,nbeerbower/Mistral-Nemo-Gutenberg-Doppel-12B-v2,nbeerbower/Mistral-Nemo-Gutenberg-Doppel-12B-v2 (Merge),0.6535869271311232,0.3435741284991507,0.0445619335347432,0.2829307033096927,0.027964205816554788,0.13046093749999998
2352,nbeerbower/Mistral-Nemo-Moderne-12B-FFT-experimental,nbeerbower/Mistral-Nemo-Moderne-12B-FFT-experimental (Merge),0.3352249808286457,0.32071539755097594,0.020392749244712995,0.2727726063829787,0.04138702460850116,0.04002864583333334
2353,nbeerbower/Mistral-Nemo-Prism-12B,nbeerbower/Mistral-Nemo-Prism-12B (Merge),0.6858103166265508,0.35918008390026473,0.052114803625377654,0.28680924940898345,0.07718120805369126,0.17960156249999998
2354,nbeerbower/Mistral-Nemo-Prism-12B-v2,nbeerbower/Mistral-Nemo-Prism-12B-v2 (Merge),0.6974006746543614,0.3619978764533613,0.057401812688821746,0.2852393617021276,0.0738255033557047,0.176640625
2355,nbeerbower/Mistral-Nemo-Prism-12B-v7,nbeerbower/Mistral-Nemo-Prism-12B-v7 (Merge),0.6961517662025648,0.3644001728504705,0.045317220543806644,0.28782505910165485,0.06599552572706939,0.18085677083333335
2356,nbeerbower/Mistral-Small-Drummer-22B,nbeerbower/Mistral-Small-Drummer-22B (Merge),0.6331289866443259,0.4012177010845507,0.18429003021148038,0.3438792848699764,0.12416107382550338,0.09795572916666667
2357,nbeerbower/Mistral-Small-Gutenberg-Doppel-22B,nbeerbower/Mistral-Small-Gutenberg-Doppel-22B (Merge),0.48932277468228746,0.40931345197471125,0.21148036253776437,0.3471114066193854,0.12863534675615215,0.08566145833333333
2358,nbeerbower/Nemo-Loony-12B-experimental,nbeerbower/Nemo-Loony-12B-experimental (Merge),0.37344357416100393,0.12974588389942945,0.01283987915407855,0.06545508274231676,0.026845637583892648,0.017578124999999993
2359,nbeerbower/Qwen2.5-Gutenberg-Doppel-14B,nbeerbower/Qwen2.5-Gutenberg-Doppel-14B (Merge),0.8090832324897937,0.4823890863039215,0.0,0.43567154255319146,0.11073825503355701,0.10024479166666668
2360,nbeerbower/SmolNemo-12B-FFT-experimental,nbeerbower/SmolNemo-12B-FFT-experimental (Merge),0.3348005514257725,0.06542438534179723,0.0022658610271903325,0.024083924349881797,0.01342281879194629,0.059205729166666686
2361,nbeerbower/Stella-mistral-nemo-12B-v2,nbeerbower/Stella-mistral-nemo-12B-v2 (Merge),0.32743121584063617,0.35364516100686416,0.11253776435045319,0.2982601950354609,0.1096196868008949,0.14432812499999997
2362,nbeerbower/gemma2-gutenberg-27B,nbeerbower/gemma2-gutenberg-27B (Merge),0.2947080413303368,0.13091524912026523,0.0,0.10913489952718675,0.030201342281879207,0.041578125
2363,nbeerbower/gemma2-gutenberg-9B,nbeerbower/gemma2-gutenberg-9B (Merge),0.2795948084416016,0.4235561106809721,0.01661631419939577,0.354683806146572,0.1174496644295302,0.16705468749999994
2364,nbeerbower/llama-3-gutenberg-8B,nbeerbower/llama-3-gutenberg-8B (Merge),0.4371910973993448,0.2795813272419133,0.07779456193353475,0.31451315011820324,0.06823266219239373,0.10046093749999999
2365,nbeerbower/llama3.1-cc-8B,nbeerbower/llama3.1-cc-8B (Merge),0.5068086011782071,0.2648381169342659,0.07099697885196375,0.2607675827423168,0.04697986577181204,0.06497135416666669
2366,nbeerbower/mistral-nemo-bophades-12B,nbeerbower/mistral-nemo-bophades-12B (Merge),0.6794405510711579,0.29543905352144945,0.0702416918429003,0.2778516548463357,0.04697986577181204,0.12089322916666667
2367,nbeerbower/mistral-nemo-bophades3-12B,nbeerbower/mistral-nemo-bophades3-12B (Merge),0.6577835698169746,0.3524465712316055,0.07401812688821752,0.26344562647754133,0.08277404921700222,0.18889322916666668
2368,nbeerbower/mistral-nemo-cc-12B,nbeerbower/mistral-nemo-cc-12B (Merge),0.143532493783162,0.34446547019522666,0.01812688821752266,0.2886561761229314,0.08724832214765099,0.1426223958333334
2369,nbeerbower/mistral-nemo-gutades-12B,nbeerbower/mistral-nemo-gutades-12B (Merge),0.3425189608017837,0.3457440821872691,0.11329305135951662,0.2845005910165484,0.08724832214765099,0.08671875000000004
2370,nbeerbower/mistral-nemo-gutenberg-12B,nbeerbower/mistral-nemo-gutenberg-12B (Merge),0.350386973231027,0.3243387434197657,0.11480362537764352,0.2846852836879432,0.07606263982102905,0.10966145833333335
2371,nbeerbower/mistral-nemo-gutenberg-12B-v2,nbeerbower/mistral-nemo-gutenberg-12B-v2 (Merge),0.6203395878491292,0.3473061633928093,0.024924471299093656,0.2776669621749409,0.03691275167785232,0.13987239583333333
2372,nbeerbower/mistral-nemo-gutenberg-12B-v3,nbeerbower/mistral-nemo-gutenberg-12B-v3 (Merge),0.21827085466562057,0.34957914562956416,0.05287009063444109,0.2938275709219858,0.08612975391498878,0.1499557291666666
2373,nbeerbower/mistral-nemo-gutenberg-12B-v4,nbeerbower/mistral-nemo-gutenberg-12B-v4 (Merge),0.237929804031082,0.3197125827358258,0.12084592145015106,0.2861628250591017,0.0883668903803132,0.13203385416666663
2374,nbeerbower/mistral-nemo-gutenberg2-12B-test,nbeerbower/mistral-nemo-gutenberg2-12B-test (Merge),0.33847192116916447,0.3204475928596384,0.11329305135951664,0.2838541666666667,0.08948545861297541,0.10966145833333335
2375,nbeerbower/mistral-nemo-kartoffel-12B,nbeerbower/mistral-nemo-kartoffel-12B (Merge),0.7031709198260614,0.36052532566869006,0.054380664652567974,0.287178634751773,0.0727069351230425,0.18426822916666666
2376,nbeerbower/mistral-nemo-narwhal-12B,nbeerbower/mistral-nemo-narwhal-12B (Merge),0.5549187267561182,0.29562789508057297,0.04758308157099698,0.2759123817966903,0.027964205816554788,0.061872395833333343
2377,nbeerbower/mistral-nemo-wissenschaft-12B,nbeerbower/mistral-nemo-wissenschaft-12B (Merge),0.6520133246452745,0.2956799941571522,0.07175226586102719,0.2813608156028369,0.057046979865771785,0.12289322916666665
2378,nbrahme/IndusQ,nbrahme/IndusQ,0.24397487555242311,0.03747096495974055,0.0,0.013371749408983452,0.020134228187919545,0.022460937499999997
2379,neopolita/jessi-v0.1-bf16-falcon3-7b-instruct,Removed,0.7527050448365891,0.3613467912106424,0.3444108761329305,0.324855939716312,0.07046979865771814,0.20544531249999995
2380,neopolita/jessi-v0.1-qwen2.5-7b-instruct,neopolita/jessi-v0.1-qwen2.5-7b-instruct (Merge),0.7274509412802476,0.3508792837335866,0.0,0.36290263002364065,0.05369127516778524,0.07342187500000003
2381,neopolita/jessi-v0.1-virtuoso-small,neopolita/jessi-v0.1-virtuoso-small (Merge),0.7959192719761344,0.48860314572263397,0.32250755287009064,0.4588504728132389,0.10738255033557048,0.14154166666666662
2382,neopolita/jessi-v0.2-falcon3-7b-instruct,neopolita/jessi-v0.2-falcon3-7b-instruct (Merge),0.7243536039929609,0.34621293444225043,0.34743202416918434,0.3218085106382979,0.08501118568232664,0.2067005208333333
2383,neopolita/jessi-v0.3-falcon3-7b-instruct,neopolita/jessi-v0.3-falcon3-7b-instruct (Merge),0.75090648368551,0.3456526833956577,0.33534743202416917,0.3300273345153664,0.09284116331096197,0.18544531249999996
2384,neopolita/jessi-v0.5-falcon3-7b-instruct,neopolita/jessi-v0.5-falcon3-7b-instruct (Merge),0.7411645544931892,0.3716806936900627,0.3021148036253776,0.32956560283687947,0.08165548098434001,0.21248437499999998
2385,netcat420/Llama3.1-MFANN-8b,netcat420/Llama3.1-MFANN-8b (Merge),0.29695651981187693,0.19286683760193657,0.02643504531722054,0.19169252364066197,0.05033557046979867,0.025716145833333325
2386,netcat420/MFANN-Llama3.1-Abliterated-SLERP-TIES-V2,netcat420/MFANN-Llama3.1-Abliterated-SLERP-TIES-V2,0.42097966728280967,0.2693837009672457,0.07628398791540786,0.2802526595744681,0.06263982102908276,0.04328385416666667
2387,netcat420/MFANN-Llama3.1-Abliterated-SLERP-TIES-V3,netcat420/MFANN-Llama3.1-Abliterated-SLERP-TIES-V3 (Merge),0.4238021782204551,0.2697885094619748,0.0755287009063444,0.27665115248226946,0.06263982102908276,0.04491145833333334
2388,netcat420/MFANN-Llama3.1-Abliterated-SLERP-V4,netcat420/MFANN-Llama3.1-Abliterated-SLERP-V4,0.4168827599657797,0.267060744434418,0.06873111782477341,0.2796062352245862,0.0738255033557047,0.058617187500000015
2389,netcat420/MFANN-Llama3.1-Abliterated-SLERP-V5,netcat420/MFANN-Llama3.1-Abliterated-SLERP-V5 (Merge),0.43289471934467216,0.27367143487206935,0.08157099697885195,0.2716644503546099,0.058165548098433995,0.051656250000000015
2390,netcat420/MFANN-Llama3.1-Abliterated-Slerp-TIES,netcat420/MFANN-Llama3.1-Abliterated-Slerp-TIES (Merge),0.42934746472692453,0.2759982935067644,0.05966767371601209,0.2812684692671394,0.05592841163310966,0.04587239583333335
2391,netcat420/MFANN-Llama3.1-Abliterated-Slerp-V3.2,netcat420/MFANN-Llama3.1-Abliterated-Slerp-V3.2 (Merge),0.4128113405763375,0.27774394299037053,0.06193353474320242,0.2808067375886525,0.05033557046979867,0.051283854166666705
2392,netcat420/MFANN-SFT,netcat420/MFANN-SFT (Merge),0.3682229816885863,0.2620853268810661,0.05891238670694864,0.25956708037825055,0.0883668903803132,0.03801041666666666
2393,netcat420/MFANN-abliterated-phi2-merge-unretrained,netcat420/MFANN-abliterated-phi2-merge-unretrained (Merge),0.3005037744296245,0.17590366415972786,0.022658610271903322,0.05308067375886525,0.014541387024608499,0.005596354166666665
2394,netcat420/MFANN-llama3.1-Abliterated-SLERP,netcat420/MFANN-llama3.1-Abliterated-SLERP (Merge),0.25906262051357065,0.2228062513418979,0.04984894259818731,0.21422502955082742,0.031319910514541416,0.05714583333333336
2395,netcat420/MFANN-llama3.1-abliterated-SLERP-v3,netcat420/MFANN-llama3.1-abliterated-SLERP-v3 (Merge),0.37993856301280604,0.271872703942033,0.06646525679758308,0.28117612293144206,0.05480984340044745,0.03053906250000002
2396,netcat420/MFANN-llama3.1-abliterated-SLERP-v3.1,netcat420/MFANN-llama3.1-abliterated-SLERP-v3.1 (Merge),0.4201551882338861,0.2702631553274447,0.07326283987915409,0.2825613179669031,0.057046979865771785,0.03846093750000001
2397,netcat420/MFANN-llama3.1-abliterated-v2,netcat420/MFANN-llama3.1-abliterated-v2 (Merge),0.4429114748866341,0.2735361826731554,0.07250755287009063,0.2767434988179669,0.057046979865771785,0.06201041666666668
2398,netcat420/MFANN-phigments-slerp-V2,netcat420/MFANN-phigments-slerp-V2 (Merge),0.32316032571355113,0.2692749154408088,0.015861027190332326,0.19076906028368795,0.030201342281879207,0.13099479166666664
2399,netcat420/MFANN3b,netcat420/MFANN3b (Merge),0.2524435165361242,0.2223921095390767,0.010574018126888218,0.14505762411347517,0.05592841163310966,0.06142187500000003
2400,netcat420/MFANN3bv0.15,netcat420/MFANN3bv0.15,0.20121056574333882,0.2346934667082661,0.01963746223564955,0.16315750591016545,0.0022371364653244186,0.08773958333333334
2401,netcat420/MFANN3bv0.18,netcat420/MFANN3bv0.18,0.22064455644356973,0.2307340376774899,0.020392749244712995,0.16666666666666663,0.010067114093959738,0.10595572916666668
2402,netcat420/MFANN3bv0.19,netcat420/MFANN3bv0.19,0.22581528123157665,0.229070546869096,0.017371601208459216,0.16888297872340427,0.010067114093959738,0.09899479166666668
2403,netcat420/MFANN3bv0.20,netcat420/MFANN3bv0.19.12 (Merge),0.21934578030736224,0.22790710795250108,0.015105740181268881,0.16666666666666663,0.01230425055928408,0.10166145833333334
2404,netcat420/MFANN3bv0.21,netcat420/MFANN3bv0.21 (Merge),0.19151850423542868,0.22583425716572333,0.01283987915407855,0.15475398936170212,0.019015659955257263,0.09826822916666669
2405,netcat420/MFANN3bv0.22,netcat420/MFANN3bv0.22,0.19793813747523237,0.22491536796939632,0.006042296072507553,0.16860593971631205,0.015659955257270708,0.10183593749999996
2406,netcat420/MFANN3bv0.23,netcat420/MFANN3bv0.23,0.20480768804549704,0.22696340563264983,0.00906344410876133,0.15752437943262412,0.0022371364653244186,0.07042447916666666
2407,netcat420/MFANN3bv0.24,netcat420/MFANN3bv0.24,0.2200450360598767,0.21545384724695676,0.010574018126888218,0.15022901891252952,0.011185682326621947,0.08375781250000001
2408,netcat420/MFANN3bv1.1,netcat420/MFANN3bv1.1,0.2506948230694557,0.0839170874742591,0.009818731117824773,0.01761968085106383,0.02237136465324381,0.004557291666666663
2409,netcat420/MFANNv0.19,netcat420/MFANNv0.19,0.30567449921763146,0.2492410586579366,0.02945619335347432,0.1636192375886525,0.07606263982102905,0.027205729166666668
2410,netcat420/MFANNv0.20,netcat420/MFANNv0.20,0.34786477657061043,0.22401696904581672,0.05362537764350453,0.24469932033096925,0.05369127516778524,0.06757812500000003
2411,netcat420/MFANNv0.21,netcat420/MFANNv0.20.12 (Merge),0.3233099287667832,0.22058431786302454,0.0581570996978852,0.22567597517730498,0.038031319910514526,0.0881666666666667
2412,netcat420/MFANNv0.22.1,netcat420/MFANNv0.22.1 (Merge),0.3089469274857379,0.23602792666118613,0.05664652567975832,0.2603058510638298,0.03467561521252797,0.0464609375
2413,netcat420/MFANNv0.23,netcat420/MFANNv0.23 (Merge),0.31274352052553894,0.2704234546686432,0.04984894259818731,0.26529255319148937,0.045861297539149914,0.054989583333333376
2414,netcat420/MFANNv0.24,netcat420/MFANNv0.24 (Merge),0.3162409074588758,0.253517249924116,0.06117824773413897,0.2608599290780142,0.045861297539149914,0.046244791666666674
2415,netcat420/MFANNv0.25,netcat420/MFANNv0.25 (Merge),0.34666573580322435,0.2540978426488902,0.055891238670694864,0.2603058510638298,0.04026845637583895,0.03632291666666667
2416,netcat420/Qwen2.5-7B-nerd-uncensored-v0.9-MFANN,netcat420/Qwen2.5-7B-nerd-uncensored-v0.9-MFANN,0.5878413720040604,0.3226698603219006,0.07099697885196375,0.32263962765957444,0.04138702460850116,0.06971614583333335
2417,netcat420/Qwen2.5-Coder-Scholar-7B-Abliterated-MFANN,netcat420/Qwen2.5-Coder-Scholar-7B-Abliterated-MFANN,0.57422749415994,0.2998074987281026,0.0649546827794562,0.23962027186761228,0.057046979865771785,0.0963046875
2418,newsbang/Homer-7B-v0.1,newsbang/Homer-7B-v0.1,0.6108724850064495,0.3730922654202453,0.2824773413897281,0.3860815602836879,0.09955257270693513,0.1279557291666667
2419,newsbang/Homer-7B-v0.2,Removed,0.7493827488840721,0.364034863975643,0.2537764350453172,0.3788785460992907,0.1096196868008949,0.13118750000000004
2420,newsbang/Homer-v0.3-Qwen2.5-7B,Removed,0.5154013572875527,0.3641367722607503,0.29531722054380666,0.3839575945626477,0.11185682326621922,0.19462239583333332
2421,newsbang/Homer-v0.4-Qwen2.5-7B,Removed,0.7999408236811659,0.366037028382434,0.2764350453172205,0.373614804964539,0.08724832214765099,0.1318541666666667
2422,newsbang/Homer-v0.5-Qwen2.5-7B,Removed,0.7880756393037142,0.3667808911980736,0.36253776435045315,0.3743535756501182,0.07046979865771814,0.11379427083333335
2423,newsbang/Homer-v1.0-Qwen2.5-72B,newsbang/Homer-v1.0-Qwen2.5-72B,0.7627716680629618,0.6227406507872839,0.48338368580060426,0.5716976950354611,0.2214765100671141,0.17899479166666668
2424,newsbang/Homer-v1.0-Qwen2.5-7B,newsbang/Homer-v1.0-Qwen2.5-7B,0.6392737935344884,0.3781084749225178,0.30362537764350456,0.39273049645390073,0.0961968680089485,0.11877864583333335
2425,nguyentd/FinancialAdvice-Qwen2.5-7B,nguyentd/FinancialAdvice-Qwen2.5-7B (Merge),0.44960593447607905,0.25630435622160336,0.09365558912386707,0.3058325945626477,0.059284116331096204,0.09144531250000001
2426,ngxson/MiniThinky-1B-Llama-3.2,ngxson/MiniThinky-1B-Llama-3.2 (Merge),0.2771479673931834,0.04347795393431276,0.02643504531722054,0.016326832151300222,0.0,0.021872395833333332
2427,ngxson/MiniThinky-v2-1B-Llama-3.2,ngxson/MiniThinky-v2-1B-Llama-3.2 (Merge),0.2963071317437732,0.04893769484250589,0.01812688821752266,0.012910017730496442,0.0,0.00618489583333333
2428,nhyha/N3N_Delirium-v1_1030_0227,unsloth/gemma-2-9b-it,0.8022890375315274,0.4077504007448568,0.09365558912386707,0.34997414302600466,0.11633109619686799,0.09859895833333335
2429,nhyha/N3N_Llama-3.1-8B-Instruct_1028_0216,meta-llama/Meta-Llama-3.1-8B,0.4780825986161163,0.2898046412481066,0.16767371601208458,0.29308880023640665,0.07494407158836691,0.10062239583333335
2430,nhyha/N3N_gemma-2-9b-it_20241029_1532,unsloth/gemma-2-9b-it,0.6751940407008958,0.40986667733249704,0.20468277945619334,0.3469267139479906,0.12080536912751676,0.163859375
2431,nhyha/N3N_gemma-2-9b-it_20241110_2026,unsloth/gemma-2-9b-it,0.6282829558903709,0.40944105549057747,0.13821752265861026,0.3355681146572104,0.11521252796420578,0.09779427083333336
2432,nhyha/merge_Qwen2.5-7B-Instruct_20241023_0314,Qwen/Qwen2.5-7B,0.5694568190179834,0.36365185289823876,0.21978851963746224,0.39356161347517726,0.09507829977628639,0.11099479166666669
2433,nidum/Nidum-Limitless-Gemma-2B,nidum/Nidum-Limitless-Gemma-2B,0.24235140538216376,0.03451060151610112,0.0,0.01928191489361701,0.019015659955257263,0.04120572916666667
2434,nisten/franqwenstein-35b,nisten/franqwenstein-35b (Merge),0.3913538300597969,0.5168027687329707,0.304380664652568,0.5123190011820331,0.145413870246085,0.196796875
2435,nisten/tqwendo-36b,nisten/tqwendo-36b (Merge),0.6777672132164878,0.4941493648187427,0.3935045317220544,0.3756464243498817,0.10850111856823269,0.15103124999999998
2436,nlpguy/Mistral-NeMo-Minitron-Upscale-v1,nlpguy/Mistral-NeMo-Minitron-Upscale-v1 (Merge),0.16484040124647045,0.2206890968577206,0.0075528700906344415,0.17082225177304963,0.04026845637583895,0.048442708333333355
2437,nlpguy/Mistral-NeMo-Minitron-Upscale-v2,nlpguy/Mistral-NeMo-Minitron-Upscale-v2 (Merge),0.15727159492369136,0.14382673288078204,0.006042296072507553,0.102947695035461,0.031319910514541416,0.05252083333333334
2438,nlpguy/Mistral-NeMo-Minitron-Upscale-v3,nlpguy/Mistral-NeMo-Minitron-Upscale-v3 (Merge),0.14120976786038822,0.03398266447716487,0.0,0.019004875886524816,0.01230425055928408,0.09430468750000001
2439,nlpguy/StableProse,nlpguy/StableProse (Merge),0.19723888172271792,0.30180202714185955,0.05287009063444109,0.27425014775413714,0.07046979865771814,0.08871875000000001
2440,nlpguy/StarFusion-alpha1,nlpguy/StarFusion-alpha1 (Merge),0.5660092997690572,0.21933181635654744,0.07250755287009064,0.24340647163120568,0.06040268456375841,0.08879687500000001
2441,noname0202/gemma-2-9b-sft-jp-en-zh-v1,noname0202/gemma-2-9b-sft-jp-en-zh-v1 (Merge),0.29880494864736673,0.22000240215001798,0.02643504531722054,0.2361111111111111,0.07606263982102905,0.09101302083333335
2442,noname0202/gemma-2-9b-sft-jp-en-zh-v2,noname0202/gemma-2-9b-sft-jp-en-zh-v2 (Merge),0.3993470657854493,0.22658058596327027,0.0256797583081571,0.29724438534278963,0.05033557046979867,0.07011197916666666
2443,nothingiisreal/L3.1-8B-Celeste-V1.5,nothingiisreal/L3.1-8B-Celeste-V1.5,0.732671533752665,0.28887966925667624,0.14350453172205438,0.3004765070921986,0.045861297539149914,0.05591406249999999
2444,nothingiisreal/MN-12B-Starcannon-v2,nothingiisreal/MN-12B-Starcannon-v2 (Merge),0.3925273828995952,0.28424782963573875,0.050604229607250764,0.23648049645390068,0.038031319910514526,0.07993229166666668
2445,nothingiisreal/MN-12B-Starcannon-v3,nothingiisreal/MN-12B-Starcannon-v3 (Merge),0.38073755413414184,0.3087300162638862,0.0687311178247734,0.2516252955082742,0.031319910514541416,0.09846093749999996
2446,nvidia/Hymba-1.5B-Base,nvidia/Hymba-1.5B-Base,0.2295121389025563,0.07689941118138137,0.006797583081570997,0.10248596335697398,0.007829977628635318,0.05179427083333335
2447,nvidia/Hymba-1.5B-Instruct,nvidia/Hymba-1.5B-Instruct (Merge),0.6009055971488982,0.04591463615472479,0.0,0.1155991430260047,0.05145413870246088,0.010479166666666664
2448,nvidia/Llama-3.1-Minitron-4B-Depth-Base,nvidia/Llama-3.1-Minitron-4B-Depth-Base,0.16069362624502986,0.19444109555507938,0.012084592145015106,0.1998190011820331,0.017897091722595054,0.10699479166666669
2449,nvidia/Llama-3.1-Nemotron-70B-Instruct-HF,meta-llama/Meta-Llama-3.1-70B,0.7380672172059025,0.47109530493727275,0.2870090634441088,0.4353945035460993,0.011185682326621947,0.13195052083333336
2450,nvidia/Minitron-4B-Base,nvidia/Minitron-4B-Base,0.2217937295265451,0.17215600655061084,0.017371601208459216,0.1799645390070922,0.02572706935123044,0.09938541666666667
2451,nvidia/Minitron-8B-Base,nvidia/Minitron-8B-Base,0.24242676099416216,0.22040792970005232,0.023413897280966767,0.24229831560283685,0.031319910514541416,0.09085677083333335
2452,nvidia/Mistral-NeMo-Minitron-8B-Base,nvidia/Mistral-NeMo-Minitron-8B-Base,0.19456597383830457,0.3182201515749015,0.04607250755287009,0.3106346040189125,0.10067114093959727,0.08944531250000003
2453,nvidia/Mistral-NeMo-Minitron-8B-Instruct,nvidia/Mistral-NeMo-Minitron-8B-Instruct (Merge),0.5003889679384034,0.3412649124534617,0.005287009063444108,0.3323359929078014,0.05033557046979867,0.0737161458333333
2454,nvidia/Nemotron-Mini-4B-Instruct,nvidia/Minitron-4B-Base,0.6668761109411916,0.14203825178862053,0.0,0.18070330969267137,0.04026845637583895,0.046244791666666674
2455,nvidia/OpenMath2-Llama3.1-8B,nvidia/OpenMath2-Llama3.1-8B (Merge),0.23305939352030391,0.16294369976218587,0.04154078549848943,0.061484190307328615,0.020134228187919476,0.02010677083333334
2456,nxmwxm/Beast-Soul-new,nxmwxm/Beast-Soul-new (Merge),0.4868748254631046,0.3307275916855207,0.07477341389728097,0.2335254137115839,0.04250559284116329,0.14140885416666668
2457,occiglot/occiglot-7b-es-en-instruct,occiglot/occiglot-7b-es-en-instruct,0.34851416463871415,0.1723541035561212,0.020392749244712995,0.14561170212765956,0.01230425055928408,0.044520833333333336
2458,olabs-ai/reflection_model,olabs-ai/reflection_model,0.15986914719610634,0.2520688173881188,0.04758308157099698,0.2567966903073286,0.06711409395973152,0.057541666666666665
2459,ontocord/RedPajama-3B-v1-AutoRedteam,Removed,0.13434021729012355,0.029495223386158113,0.0,0.011986554373522447,0.0,0.028911458333333327
2460,oobabooga/CodeBooga-34B-v0.1,oobabooga/CodeBooga-34B-v0.1,0.5250180631834643,0.08562465862636054,0.005287009063444109,0.15106013593380616,0.008948545861297527,0.1297760416666667
2461,oopere/pruned10-llama-3.2-3B,oopere/pruned10-llama-3.2-3B (Merge),0.1776298000416672,0.07759477124183008,0.011329305135951661,0.07108820921985815,0.02237136465324381,0.04687499999999999
2462,oopere/pruned20-llama-1b,oopere/pruned20-llama-1b (Merge),0.19936213690784896,0.03185394259848986,0.0030211480362537764,0.013648788416075646,0.0,0.04393229166666667
2463,oopere/pruned20-llama-3.2-3b,oopere/pruned20-llama-3.2-3b (Merge),0.17887870849346402,0.06332745465227291,0.005287009063444109,0.031102245862884167,0.021252796420581685,0.02897135416666666
2464,oopere/pruned40-llama-1b,oopere/pruned40-llama-1b (Merge),0.22843832143157933,0.02655308931376619,0.0007552870090634441,0.009123817966903069,0.0,0.12483333333333334
2465,oopere/pruned40-llama-3.2-3b,oopere/pruned40-llama-3.2-3b (Merge),0.21829634259320826,0.04740101545945625,0.0015105740181268882,0.01965130023640662,0.0,0.02408854166666666
2466,oopere/pruned60-llama-1b,oopere/pruned60-llama-1b (Merge),0.18285039251408486,0.029425264807533543,0.0,0.019189568557919614,0.0,0.09432291666666666
2467,oopere/pruned60-llama-3.2-3b,oopere/pruned60-llama-3.2-3b (Merge),0.18247583079562227,0.039884019153468855,0.0,0.01457225177304964,0.026845637583892648,0.04016666666666666
2468,openai-community/gpt2,openai-community/gpt2,0.17795449407571912,0.028159113095085134,0.003021148036253777,0.018358451536643016,0.011185682326621947,0.139109375
2469,openai-community/gpt2-large,openai-community/gpt2-large,0.20478220011790937,0.0325379054497874,0.0067975830815709985,0.015772754137115833,0.01230425055928408,0.05658072916666665
2470,openai-community/gpt2-medium,openai-community/gpt2-medium,0.22084402718121252,0.027199722383562438,0.0030211480362537764,0.02020537825059101,0.016778523489932917,0.06155989583333334
2471,openai-community/gpt2-xl,openai-community/gpt2-xl,0.20385798570016445,0.02580960647452716,0.003021148036253777,0.01457225177304964,0.011185682326621947,0.04036458333333333
2472,openbmb/MiniCPM-S-1B-sft-llama-format,openbmb/MiniCPM-S-1B-sft-llama-format,0.33287676697828433,0.03898455214242885,0.023413897280966767,0.09537529550827423,0.027964205816554788,0.013596354166666672
2473,openchat/openchat-3.5-0106,mistralai/Mistral-7B-v0.1,0.5951353519771982,0.2403871121391158,0.07477341389728098,0.254580378250591,0.07718120805369126,0.11746354166666668
2474,openchat/openchat-3.5-1210,mistralai/Mistral-7B-v0.1,0.603678240402133,0.23236296582166463,0.07628398791540786,0.23805038416075647,0.06823266219239373,0.14279687500000005
2475,openchat/openchat-3.6-8b-20240522,meta-llama/Meta-Llama-3-8B,0.5343355629729118,0.3323293691836929,0.08308157099697885,0.24765440307328607,0.09060402684563762,0.08181770833333334
2476,openchat/openchat_3.5,openchat/openchat_3.5,0.5931118321608887,0.2158216684769999,0.07326283987915408,0.2392508865248227,0.06487695749440718,0.11258072916666668
2477,openchat/openchat_v3.2,openchat/openchat_v3.2,0.29805582521044166,0.2032300299720885,0.013595166163141994,0.1579861111111111,0.026845637583892648,0.13103125000000002
2478,openchat/openchat_v3.2_super,openchat/openchat_v3.2_super,0.2861906408329898,0.19153539587477536,0.01661631419939577,0.1583554964539007,0.019015659955257263,0.09916927083333332
2479,orai-nlp/Llama-eus-8B,meta-llama/Meta-Llama-3.1-8B,0.21612321972366655,0.20961371152211178,0.044561933534743206,0.22863105791962168,0.05257270693512303,0.08285677083333334
2480,oxyapi/oxy-1-small,oxyapi/oxy-1-small (Merge),0.6244608749229821,0.411754471888895,0.18277945619335348,0.4445367907801419,0.1621923937360179,0.1628333333333333
2481,paloalma/ECE-TW3-JRGL-V1,paloalma/ECE-TW3-JRGL-V1,0.5534947273235017,0.46697139053971093,0.13066465256797585,0.35791592789598103,0.12975391498881436,0.17460416666666664
2482,paloalma/ECE-TW3-JRGL-V2,paloalma/ECE-TW3-JRGL-V2,0.2254894790267601,0.4317326773447519,0.17824773413897282,0.3986406619385342,0.10850111856823269,0.19815364583333328
2483,paloalma/ECE-TW3-JRGL-V5,paloalma/ECE-TW3-JRGL-V5,0.4552509563513699,0.43462513651577017,0.18126888217522658,0.405289598108747,0.12192393736017897,0.1688984375
2484,paloalma/Le_Triomphant-ECE-TW3,paloalma/Le_Triomphant-ECE-TW3,0.5402055435134332,0.44963293624282863,0.19108761329305138,0.41812573877068554,0.1319910514541387,0.18495833333333334
2485,paloalma/TW3-JRGL-v2,paloalma/TW3-JRGL-v2,0.5316127874040878,0.4561110998256794,0.17522658610271905,0.4286532210401891,0.145413870246085,0.2069583333333333
2486,pankajmathur/Al_Dente_v1_8b,pankajmathur/Al_Dente_v1_8b,0.3693721547715617,0.27247898492647993,0.037009063444108765,0.20665263002364065,0.06599552572706939,0.08271875000000001
2487,pankajmathur/model_007_13b_v2,pankajmathur/model_007_13b_v2,0.30564901129004374,0.2545442018587247,0.01283987915407855,0.16232638888888887,0.044742729306487705,0.17203385416666664
2488,pankajmathur/orca_mini_3b,pankajmathur/orca_mini_3b,0.07421419611076388,0.046859845437903856,0.00528700906344411,0.016142139479905428,0.0,0.04199218749999999
2489,pankajmathur/orca_mini_v2_7b,pankajmathur/orca_mini_v2_7b,0.1357885964795631,0.10199953477088151,0.011329305135951664,0.06019134160756501,0.0,0.020833333333333325
2490,pankajmathur/orca_mini_v3_13b,pankajmathur/orca_mini_v3_13b,0.28966253983873896,0.2554948206460784,0.019637462235649546,0.14496527777777776,0.020134228187919476,0.17107291666666666
2491,pankajmathur/orca_mini_v3_70b,pankajmathur/orca_mini_v3_70b,0.40147032097058033,0.42975787003923044,0.038519637462235655,0.3063866725768321,0.09060402684563762,0.2511510416666667
2492,pankajmathur/orca_mini_v3_7b,pankajmathur/orca_mini_v3_7b,0.2820937335159599,0.17843955571096648,0.003021148036253777,0.1204011524822695,0.0,0.22713281249999998
2493,pankajmathur/orca_mini_v5_8b,pankajmathur/orca_mini_v5_8b,0.48060479527653294,0.29345795010726494,0.08383685800604229,0.23066267730496454,0.04921700223713646,0.07701302083333336
2494,pankajmathur/orca_mini_v5_8b_dpo,pankajmathur/orca_mini_v5_8b_dpo,0.48964746871633935,0.2960537298923375,0.08081570996978851,0.2350953014184397,0.03243847874720355,0.06938541666666667
2495,pankajmathur/orca_mini_v5_8b_orpo,pankajmathur/orca_mini_v5_8b_orpo,0.08243239050164673,0.2787762825685837,0.0649546827794562,0.21634899527186757,0.045861297539149914,0.08973958333333334
2496,pankajmathur/orca_mini_v6_8b,pankajmathur/orca_mini_v6_8b,0.011116060940526694,0.03219809856556432,0.0,0.01383348108747044,0.0,0.027656250000000004
2497,pankajmathur/orca_mini_v6_8b_dpo,pankajmathur/orca_mini_v6_8b_dpo,0.3882564927725103,0.32478825974283787,0.06117824773413898,0.2884714834515366,0.06823266219239373,0.09262239583333334
2498,pankajmathur/orca_mini_v7_72b,pankajmathur/orca_mini_v7_72b,0.5929622291076566,0.5505552307693972,0.283987915407855,0.5135195035460993,0.18008948545861295,0.2421354166666666
2499,pankajmathur/orca_mini_v7_7b,pankajmathur/orca_mini_v7_7b,0.43876469988519345,0.33950434104251476,0.027190332326283994,0.3519134160756501,0.06152125279642054,0.126640625
2500,pankajmathur/orca_mini_v9_0_3B-Instruct,pankajmathur/orca_mini_v9_0_3B-Instruct (Merge),0.5753766672429155,0.21368152564693613,0.13293051359516617,0.1781176122931442,0.06823266219239373,0.05771614583333336
2501,pankajmathur/orca_mini_v9_1_1B-Instruct,pankajmathur/orca_mini_v9_1_1B-Instruct (Merge),0.3629270336041702,0.06406448543994878,0.01812688821752266,0.04153738179669029,0.008948545861297527,0.02024479166666666
2502,pankajmathur/orca_mini_v9_5_1B-Instruct,pankajmathur/orca_mini_v9_5_1B-Instruct (Merge),0.46379384477630464,0.06698816536910114,0.027945619335347432,0.0410756501182033,0.026845637583892648,0.012695312499999995
2503,pankajmathur/orca_mini_v9_5_1B-Instruct_preview,pankajmathur/orca_mini_v9_5_1B-Instruct_preview (Merge),0.3935768206137493,0.05582691663791198,0.03096676737160121,0.03636598699763593,0.017897091722595054,0.030322916666666675
2504,pankajmathur/orca_mini_v9_5_3B-Instruct,pankajmathur/orca_mini_v9_5_3B-Instruct (Merge),0.7207066140063919,0.21517904353100734,0.11027190332326282,0.20914598108747046,0.04921700223713654,0.1227369791666667
2505,pankajmathur/orca_mini_v9_6_1B-Instruct,pankajmathur/orca_mini_v9_6_1B-Instruct (Merge),0.6085741388404987,0.09659037433840986,0.023413897280966767,0.08983451536643025,0.02460850111856823,0.022773437500000004
2506,pankajmathur/orca_mini_v9_6_3B-Instruct,pankajmathur/orca_mini_v9_6_3B-Instruct (Merge),0.731647583966099,0.22869890363570458,0.0755287009063444,0.20563682033096925,0.058165548098433995,0.08813020833333335
2507,pankajmathur/orca_mini_v9_7_1B-Instruct,pankajmathur/orca_mini_v9_7_1B-Instruct (Merge),0.5610136659618701,0.05052028049769791,0.013595166163141994,0.03830526004728132,0.030201342281879207,0.024539062499999997
2508,pankajmathur/orca_mini_v9_7_3B-Instruct,pankajmathur/orca_mini_v9_7_3B-Instruct (Merge),0.5618381450107935,0.06301038778871171,0.0324773413897281,0.04162972813238769,0.015659955257270708,0.03801041666666667
2509,paulml/ECE-ILAB-Q1,paulml/ECE-ILAB-Q1,0.7864521691334548,0.5370222770817057,0.283987915407855,0.5005910165484633,0.18232662192393737,0.18805208333333334
2510,pints-ai/1.5-Pints-16K-v0.1,pints-ai/1.5-Pints-16K-v0.1,0.1635914927946737,0.03658292060342125,0.008308157099697885,0.013187056737588652,0.0,0.027343749999999997
2511,pints-ai/1.5-Pints-2K-v0.1,pints-ai/1.5-Pints-2K-v0.1,0.17615593292463994,0.023744704635071924,0.0,0.011524822695035455,0.0,0.01840104166666666
2512,piotr25691/thea-3b-25r,chuanli11/Llama-3.2-3B-Instruct-uncensored,0.7344202272193336,0.2254671082396668,0.1797583081570997,0.24248300827423164,0.02348993288590602,0.035656250000000014
2513,piotr25691/thea-c-3b-25r,meta-llama/Llama-3.2-3B-Instruct,0.7401904723910335,0.22767850009265825,0.14803625377643506,0.24202127659574466,0.020134228187919476,0.012695312499999995
2514,piotr25691/thea-rp-3b-25r,SicariusSicariiStuff/Impish_LLAMA_3B,0.6577835698169746,0.20007380927568594,0.1253776435045317,0.2289080969267139,0.03243847874720355,0.05934375000000003
2515,postbot/gpt2-medium-emailgen,postbot/gpt2-medium-emailgen,0.1492030035860406,0.03673700346196318,0.0,0.016326832151300222,0.01342281879194629,0.06889322916666668
2516,prince-canuma/Ministral-8B-Instruct-2410-HF,prince-canuma/Ministral-8B-Instruct-2410-HF (Merge),0.5911636679565775,0.23778464927274356,0.06797583081570996,0.2553191489361702,0.04138702460850116,0.10718750000000005
2517,princeton-nlp/Llama-3-8B-ProLong-512k-Base,princeton-nlp/Llama-3-8B-ProLong-512k-Base (Merge),0.5322123077877808,0.29847246369144037,0.06873111782477341,0.25882830969267134,0.015659955257270708,0.12683854166666664
2518,princeton-nlp/Llama-3-8B-ProLong-512k-Instruct,princeton-nlp/Llama-3-8B-ProLong-512k-Instruct (Merge),0.5508218194390883,0.29151153442911765,0.05287009063444108,0.24793144208037826,0.04809843400447425,0.12530729166666663
2519,princeton-nlp/Llama-3-8B-ProLong-64k-Base,princeton-nlp/Llama-3-8B-ProLong-64k-Base (Merge),0.5200722970606878,0.28687899000980177,0.06193353474320242,0.2608599290780142,0.020134228187919476,0.1462317708333333
2520,princeton-nlp/Llama-3-8B-ProLong-64k-Instruct,princeton-nlp/Llama-3-8B-ProLong-64k-Instruct (Merge),0.5563172382611471,0.3008957216568684,0.06193353474320242,0.252733451536643,0.06040268456375841,0.14595572916666666
2521,princeton-nlp/Llama-3-Base-8B-SFT,princeton-nlp/Llama-3-Base-8B-SFT,0.30964618323825227,0.24388576484696547,0.03096676737160121,0.2166260342789598,0.044742729306487705,0.08036458333333335
2522,princeton-nlp/Llama-3-Base-8B-SFT-CPO,princeton-nlp/Llama-3-Base-8B-SFT-CPO,0.37034623687371726,0.2547464862837344,0.04984894259818731,0.21958111702127658,0.03243847874720355,0.025734375000000025
2523,princeton-nlp/Llama-3-Base-8B-SFT-DPO,princeton-nlp/Llama-3-Base-8B-SFT-DPO,0.4111125147940797,0.26001873821481,0.02870090634441088,0.23093971631205673,0.0805369127516779,0.07842447916666667
2524,princeton-nlp/Llama-3-Base-8B-SFT-IPO,princeton-nlp/Llama-3-Base-8B-SFT-IPO,0.4486562321307464,0.25705433288023943,0.012839879154078552,0.2350029550827423,0.06375838926174497,0.0796015625
2525,princeton-nlp/Llama-3-Base-8B-SFT-KTO,princeton-nlp/Llama-3-Base-8B-SFT-KTO,0.45225335443290476,0.25555230012995933,0.012084592145015106,0.22826167257683214,0.0738255033557047,0.05591406249999999
2526,princeton-nlp/Llama-3-Base-8B-SFT-ORPO,princeton-nlp/Llama-3-Base-8B-SFT-ORPO,0.4516538340492117,0.26485893693855017,0.04229607250755287,0.23140144799054377,0.08501118568232664,0.07634635416666667
2527,princeton-nlp/Llama-3-Base-8B-SFT-RDPO,princeton-nlp/Llama-3-Base-8B-SFT-RDPO,0.4480068440626427,0.2552652112720002,0.03776435045317221,0.22382904846335694,0.07494407158836691,0.08909114583333336
2528,princeton-nlp/Llama-3-Base-8B-SFT-RRHF,princeton-nlp/Llama-3-Base-8B-SFT-RRHF,0.3357247658435174,0.23659142323042404,0.03323262839879155,0.20988475177304963,0.0738255033557047,0.07561979166666669
2529,princeton-nlp/Llama-3-Base-8B-SFT-SLiC-HF,princeton-nlp/Llama-3-Base-8B-SFT-SLiC-HF,0.4890479483326463,0.2637396261839453,0.04984894259818731,0.2292774822695035,0.04921700223713646,0.10270052083333335
2530,princeton-nlp/Llama-3-Base-8B-SFT-SimPO,princeton-nlp/Llama-3-Base-8B-SFT-SimPO,0.46854014016143836,0.2639594961870209,0.020392749244712995,0.2338947990543735,0.05145413870246088,0.11852604166666665
2531,princeton-nlp/Llama-3-Instruct-8B-CPO,princeton-nlp/Llama-3-Instruct-8B-CPO,0.7292993701157374,0.28604298572618475,0.09365558912386708,0.29465868794326233,0.01342281879194629,0.017578124999999993
2532,princeton-nlp/Llama-3-Instruct-8B-CPO-v0.2,princeton-nlp/Llama-3-Instruct-8B-CPO-v0.2,0.7505817896514582,0.29086406714200835,0.10422960725075531,0.3006611997635934,0.014541387024608499,0.028382812499999997
2533,princeton-nlp/Llama-3-Instruct-8B-DPO,princeton-nlp/Llama-3-Instruct-8B-DPO,0.6757436934001783,0.2850739167799402,0.03474320241691843,0.29613622931442085,0.029082774049216997,0.03926562500000001
2534,princeton-nlp/Llama-3-Instruct-8B-DPO-v0.2,princeton-nlp/Llama-3-Instruct-8B-DPO-v0.2,0.7208063493752133,0.28939587046939985,0.06042296072507554,0.30767952127659565,0.04921700223713646,0.05555989583333333
2535,princeton-nlp/Llama-3-Instruct-8B-KTO,princeton-nlp/Llama-3-Instruct-8B-KTO,0.6864098370102439,0.28649657886954416,0.03474320241691843,0.28874852245862886,0.03467561521252797,0.03630468749999999
2536,princeton-nlp/Llama-3-Instruct-8B-KTO-v0.2,princeton-nlp/Llama-3-Instruct-8B-KTO-v0.2,0.7290245437660963,0.29648405523209775,0.08081570996978851,0.296413268321513,0.01342281879194629,0.04452083333333332
2537,princeton-nlp/Llama-3-Instruct-8B-ORPO,princeton-nlp/Llama-3-Instruct-8B-ORPO,0.712813113649561,0.28839356158957286,0.07326283987915408,0.2940122635933806,0.011185682326621947,0.03240104166666668
2538,princeton-nlp/Llama-3-Instruct-8B-ORPO-v0.2,princeton-nlp/Llama-3-Instruct-8B-ORPO-v0.2,0.7633213207622441,0.2960483732707141,0.09516616314199396,0.30343158983451535,0.044742729306487705,0.0484609375
2539,princeton-nlp/Llama-3-Instruct-8B-RDPO,princeton-nlp/Llama-3-Instruct-8B-RDPO,0.6660017642078574,0.29032479102136294,0.023413897280966767,0.28967198581560283,0.043624161073825496,0.04201041666666666
2540,princeton-nlp/Llama-3-Instruct-8B-RDPO-v0.2,princeton-nlp/Llama-3-Instruct-8B-RDPO-v0.2,0.7076922565459647,0.2885427665062166,0.05060422960725076,0.3082335992907802,0.057046979865771785,0.05355989583333333
2541,princeton-nlp/Llama-3-Instruct-8B-RRHF,princeton-nlp/Llama-3-Instruct-8B-RRHF,0.7274509412802476,0.2721648494751436,0.09516616314199394,0.29373522458628837,0.04026845637583895,0.0147734375
2542,princeton-nlp/Llama-3-Instruct-8B-RRHF-v0.2,princeton-nlp/Llama-3-Instruct-8B-RRHF-v0.2,0.7124884196155091,0.2849872399118773,0.08761329305135951,0.2758200354609929,0.01342281879194629,0.05089322916666668
2543,princeton-nlp/Llama-3-Instruct-8B-SLiC-HF,princeton-nlp/Llama-3-Instruct-8B-SLiC-HF,0.7399655137258031,0.2921161218023962,0.08232628398791542,0.287178634751773,0.04809843400447425,0.05369791666666667
2544,princeton-nlp/Llama-3-Instruct-8B-SLiC-HF-v0.2,princeton-nlp/Llama-3-Instruct-8B-SLiC-HF-v0.2,0.7109646848140712,0.2849872399118773,0.08761329305135951,0.2758200354609929,0.01342281879194629,0.05089322916666668
2545,princeton-nlp/Llama-3-Instruct-8B-SimPO,princeton-nlp/Llama-3-Instruct-8B-SimPO,0.6503898544750152,0.26709132779658223,0.02567975830815711,0.2765588061465721,0.058165548098433995,0.08154166666666668
2546,princeton-nlp/Llama-3-Instruct-8B-SimPO-v0.2,princeton-nlp/Llama-3-Instruct-8B-SimPO-v0.2,0.6808645505037744,0.2921402171082938,0.05740181268882176,0.291334219858156,0.06823266219239373,0.07850260416666671
2547,princeton-nlp/Mistral-7B-Base-SFT-CPO,princeton-nlp/Mistral-7B-Base-SFT-CPO,0.46549267055856236,0.21857696499882195,0.026435045317220546,0.1834736997635934,0.05592841163310966,0.09252083333333333
2548,princeton-nlp/Mistral-7B-Base-SFT-DPO,princeton-nlp/Mistral-7B-Base-SFT-DPO,0.4403383023710421,0.2079098038827006,0.01661631419939577,0.18282727541371158,0.030201342281879207,0.09628645833333332
2549,princeton-nlp/Mistral-7B-Base-SFT-IPO,princeton-nlp/Mistral-7B-Base-SFT-IPO,0.48295300912689443,0.23703490521304332,0.024924471299093656,0.19908023049645387,0.04026845637583895,0.048364583333333336
2550,princeton-nlp/Mistral-7B-Base-SFT-KTO,princeton-nlp/Mistral-7B-Base-SFT-KTO,0.478481540091402,0.2310764227790982,0.03625377643504533,0.20794547872340427,0.05369127516778524,0.13030989583333336
2551,princeton-nlp/Mistral-7B-Base-SFT-RDPO,princeton-nlp/Mistral-7B-Base-SFT-RDPO,0.46064663980460735,0.2298200980704625,0.020392749244712995,0.19741799645390068,0.03691275167785232,0.04275520833333334
2552,princeton-nlp/Mistral-7B-Base-SFT-RRHF,princeton-nlp/Mistral-7B-Base-SFT-RRHF,0.440662996405094,0.1959883081662414,0.0256797583081571,0.1553080673758865,0.05369127516778524,0.10034635416666665
2553,princeton-nlp/Mistral-7B-Base-SFT-SLiC-HF,princeton-nlp/Mistral-7B-Base-SFT-SLiC-HF,0.5127284494031392,0.22304722895019297,0.032477341389728104,0.19787972813238772,0.05592841163310966,0.11527083333333332
2554,princeton-nlp/Mistral-7B-Base-SFT-SimPO,princeton-nlp/Mistral-7B-Base-SFT-SimPO,0.47006387496287627,0.2233288648076616,0.006042296072507553,0.18910682624113473,0.044742729306487705,0.080328125
2555,princeton-nlp/Mistral-7B-Instruct-CPO,princeton-nlp/Mistral-7B-Instruct-CPO,0.4203047912871182,0.17248538100586852,0.021903323262839884,0.18901447990543732,0.021252796420581685,0.1089713541666667
2556,princeton-nlp/Mistral-7B-Instruct-DPO,princeton-nlp/Mistral-7B-Instruct-DPO,0.517624347841505,0.16875389341982813,0.03021148036253777,0.1942782210401891,0.02460850111856823,0.05750000000000001
2557,princeton-nlp/Mistral-7B-Instruct-IPO,princeton-nlp/Mistral-7B-Instruct-IPO,0.49291989698444566,0.20094109548877523,0.01963746223564955,0.18975325059101653,0.031319910514541416,0.12785416666666669
2558,princeton-nlp/Mistral-7B-Instruct-KTO,princeton-nlp/Mistral-7B-Instruct-KTO,0.4907966417993147,0.1781264785919903,0.024169184290030215,0.20138888888888887,0.031319910514541416,0.07408854166666667
2559,princeton-nlp/Mistral-7B-Instruct-ORPO,princeton-nlp/Mistral-7B-Instruct-ORPO,0.4719621714827768,0.18038372836612157,0.027190332326283994,0.18467420212765956,0.03243847874720355,0.06638281250000001
2560,princeton-nlp/Mistral-7B-Instruct-RDPO,princeton-nlp/Mistral-7B-Instruct-RDPO,0.4887232542985944,0.1704838760964466,0.024169184290030215,0.19741799645390068,0.04026845637583895,0.06416666666666669
2561,princeton-nlp/Mistral-7B-Instruct-RRHF,princeton-nlp/Mistral-7B-Instruct-RRHF,0.49601723427173233,0.19206552063747873,0.024169184290030215,0.1834736997635934,0.03467561521252797,0.07934375000000003
2562,princeton-nlp/Mistral-7B-Instruct-SLiC-HF,princeton-nlp/Mistral-7B-Instruct-SLiC-HF,0.5115294086357531,0.1665342943265586,0.01661631419939577,0.19058436761229317,0.030201342281879207,0.06712760416666666
2563,princeton-nlp/Mistral-7B-Instruct-SimPO,princeton-nlp/Mistral-7B-Instruct-SimPO,0.4686897432146704,0.22382277415894042,0.026435045317220546,0.19963430851063835,0.038031319910514526,0.09755989583333333
2564,princeton-nlp/Sheared-LLaMA-1.3B,princeton-nlp/Sheared-LLaMA-1.3B,0.2197702097102355,0.04744629874421679,0.008308157099697885,0.019004875886524816,0.0,0.03579427083333333
2565,princeton-nlp/Sheared-LLaMA-2.7B,princeton-nlp/Sheared-LLaMA-2.7B,0.24165214962964932,0.05655521329938437,0.006042296072507553,0.02075945626477542,0.03355704697986576,0.020911458333333348
2566,princeton-nlp/gemma-2-9b-it-DPO,google/gemma-2-9b,0.27687203287277756,0.4159365445538448,0.0,0.3026004728132387,0.11409395973154364,0.056539062500000015
2567,princeton-nlp/gemma-2-9b-it-SimPO,google/gemma-2-9b,0.3206857803960159,0.40093429916371653,0.0,0.3305814125295508,0.11409395973154364,0.10340364583333338
2568,prithivMLmods/Codepy-Deepthink-3B,prithivMLmods/Codepy-Deepthink-3B (Merge),0.4327196283638524,0.18640887671757211,0.11178247734138973,0.23223256501182032,0.039149888143176735,0.039776041666666664
2569,prithivMLmods/Deepthink-Reasoning-7B,prithivMLmods/Deepthink-Reasoning-7B (Merge),0.4840024468410485,0.35623731448580886,0.20090634441087613,0.3721372635933806,0.06599552572706939,0.13436979166666668
2570,prithivMLmods/GWQ-9B-Preview,prithivMLmods/GWQ-9B-Preview,0.5065836425129767,0.406697225433022,0.21223564954682778,0.3315048758865247,0.11968680089485462,0.21821354166666665
2571,prithivMLmods/GWQ-9B-Preview2,prithivMLmods/GWQ-9B-Preview2 (Merge),0.5208967761096115,0.40184860533159517,0.22658610271903323,0.3329824172576831,0.1017897091722595,0.20815364583333332
2572,prithivMLmods/GWQ2b,prithivMLmods/GWQ2b (Merge),0.4114870765125423,0.176803497776584,0.06117824773413897,0.1636192375886525,0.043624161073825496,0.12755989583333333
2573,prithivMLmods/Llama-3.1-5B-Instruct,prithivMLmods/Llama-3.1-5B-Instruct,0.14066011516110588,0.03109216174639221,0.0,0.020390070921985807,0.019015659955257263,0.026166666666666668
2574,prithivMLmods/Llama-3.1-8B-Open-SFT,prithivMLmods/Llama-3.1-8B-Open-SFT (Merge),0.412261687877055,0.28179927919868436,0.11555891238670694,0.2802526595744681,0.07941834451901568,0.0872890625
2575,prithivMLmods/Llama-3.2-6B-AlgoCode,prithivMLmods/Llama-3.2-6B-AlgoCode,0.21357553513566227,0.1160252636544502,0.010574018126888218,0.08863401300236404,0.04921700223713654,0.07701302083333332
2576,prithivMLmods/Llama-Deepsync-1B,prithivMLmods/Llama-Deepsync-1B (Merge),0.3570071853792382,0.07763872793811656,0.03474320241691843,0.0819850768321513,0.01342281879194629,0.04230468750000001
2577,prithivMLmods/Llama-Deepsync-3B,prithivMLmods/Llama-Deepsync-3B (Merge),0.4302218114602588,0.18963664295918167,0.11102719033232629,0.22567597517730498,0.029082774049216997,0.03814843749999999
2578,prithivMLmods/Phi-4-Empathetic,prithivMLmods/Phi-4-Empathetic (Merge),0.04965934830693671,0.5283893775599707,0.2590634441087613,0.451739804964539,0.17337807606263986,0.22725260416666668
2579,prithivMLmods/Phi-4-Math-IO,prithivMLmods/Phi-4-Math-IO (Merge),0.05897684809638425,0.52093770592369,0.09667673716012085,0.46725398936170215,0.19798657718120807,0.2064479166666666
2580,prithivMLmods/Phi-4-QwQ,prithivMLmods/Phi-4-QwQ (Merge),0.05592937849350833,0.5228684974505503,0.324773413897281,0.4750110815602837,0.18791946308724836,0.176328125
2581,prithivMLmods/Phi-4-o1,prithivMLmods/Phi-4-o1 (Merge),0.028976449154908976,0.5217086167586282,0.3942598187311178,0.46374482860520094,0.1767337807606264,0.22154687499999995
2582,prithivMLmods/QwQ-LCoT-3B-Instruct,prithivMLmods/QwQ-LCoT-3B-Instruct (Merge),0.4354424039326764,0.2662118762226838,0.10196374622356495,0.2869015957446809,0.04250559284116329,0.12773958333333332
2583,prithivMLmods/QwQ-LCoT-7B-Instruct,prithivMLmods/QwQ-LCoT-7B-Instruct (Merge),0.4986901421561457,0.34780933423406446,0.20770392749244715,0.3704750295508275,0.06935123042505593,0.19390104166666663
2584,prithivMLmods/SmolLM2-CoT-360M,prithivMLmods/SmolLM2-CoT-360M (Merge),0.22156877086131466,0.04801205481265894,0.006797583081570997,0.009493203309692663,0.0,0.05757812500000003
2585,prithivMLmods/Triangulum-10B,prithivMLmods/Triangulum-10B (Merge),0.3229353670483207,0.42240746509968047,0.34290030211480355,0.35311391843971635,0.13870246085011187,0.10589583333333336
2586,prithivMLmods/Triangulum-5B,prithivMLmods/Triangulum-5B (Merge),0.12832063369637006,0.04293501650120951,0.0015105740181268882,0.024822695035460984,0.006711409395973183,0.027343749999999997
2587,prithivMLmods/Tulu-MathLingo-8B,prithivMLmods/Tulu-MathLingo-8B (Merge),0.5589402784611497,0.2470335071867501,0.13293051359516617,0.22715351654846339,0.05369127516778524,0.07603385416666666
2588,pszemraj/Llama-3-6.3b-v0.1,meta-llama/Meta-Llama-3-8B,0.10438968603305895,0.18679996399605858,0.01812688821752266,0.2044363179669031,0.044742729306487705,0.06154166666666666
2589,pszemraj/Mistral-v0.3-6B,pszemraj/Mistral-7B-v0.3-prune6 (Merge),0.24537449522821667,0.1351509134454944,0.00906344410876133,0.12695774231678486,0.020134228187919476,0.06613020833333333
2590,qingy2019/LLaMa_3.2_3B_Catalysts,meta-llama/Llama-3.2-3B-Instruct,0.499239794855428,0.21345400954820076,0.11102719033232629,0.22309027777777776,0.05145413870246088,0.07946354166666668
2591,qingy2019/OpenMath2-Llama3.1-8B,Removed,0.23305939352030391,0.16294369976218587,0.04154078549848943,0.061484190307328615,0.020134228187919476,0.02010677083333334
2592,qingy2019/Oracle-14B,Removed,0.24007854714380067,0.2330194605898976,0.06570996978851963,0.15318410165484633,0.014541387024608499,0.10225000000000001
2593,qingy2019/Qwen2.5-Math-14B-Instruct,Qwen/Qwen2.5-14B,0.6005310354304357,0.4706557227198695,0.2764350453172205,0.48212174940898345,0.15883668903803136,0.19424999999999998
2594,qingy2019/Qwen2.5-Math-14B-Instruct-Alpha,Qwen/Qwen2.5-14B,0.598083086211253,0.47750107640063505,0.2311178247734139,0.4811982860520094,0.15995525727069348,0.17950520833333328
2595,qingy2019/Qwen2.5-Math-14B-Instruct-Pro,qingy2019/Qwen2.5-Math-14B-Instruct-Pro (Merge),0.19216789230353243,0.33036904142238144,0.2515105740181269,0.28422355200945626,0.08165548098434001,0.0425390625
2596,qingy2019/Qwen2.5-Ultimate-14B-Instruct,qingy2019/Qwen2.5-Ultimate-14B-Instruct (Merge),0.39380177927897975,0.4058060064469629,0.2802114803625378,0.4365950059101655,0.14205816554809844,0.09887500000000003
2597,qingy2024/Eyas-17B-Instruct,qingy2024/Eyas-17B-Instruct (Merge),0.6574588757829227,0.43850065532782573,0.2280966767371601,0.3713984929078014,0.08612975391498878,0.15354166666666666
2598,qingy2024/Falcon3-2x10B-MoE-Instruct,qingy2024/Falcon3-2x10B-MoE-Instruct (Merge),0.7849783020164276,0.4507385265905592,0.25755287009063443,0.38035608747044913,0.10738255033557048,0.12910937499999997
2599,qingy2024/Fusion-14B-Instruct,qingy2024/Fusion-14B-Instruct (Merge),0.7259770741632202,0.48579835913801245,0.30966767371601206,0.4493388002364066,0.13982102908277402,0.14805208333333333
2600,qingy2024/Fusion2-14B-Instruct,qingy2024/Fusion2-14B-Instruct (Merge),0.6064010159709571,0.4476704383085473,0.3081570996978852,0.4500775709219858,0.12639821029082773,0.17223177083333327
2601,qingy2024/Fusion4-14B-Instruct,qingy2024/Fusion4-14B-Instruct (Merge),0.7648949232480927,0.5069585563958964,0.3391238670694864,0.46596114066193856,0.10738255033557048,0.13971614583333328
2602,qingy2024/OwO-14B-Instruct,Qwen/Qwen2.5-14B,0.1383119013107444,0.4494845230112603,0.30438066465256797,0.4645759456264776,0.15212527964205816,0.13652604166666665
2603,qingy2024/QwQ-14B-Math-v0.2,Qwen/Qwen2.5-14B,0.33909692948044523,0.39099213742951827,0.1903323262839879,0.4221889775413712,0.016778523489932917,0.08595052083333334
2604,qingy2024/Qwarkstar-4B,qingy2024/Qwarkstar-4B (Merge),0.19941200459225963,0.16574205111821955,0.08761329305135952,0.1583554964539007,0.09955257270693513,0.140875
2605,qingy2024/Qwen2.5-Math-14B-Instruct-Alpha,Qwen/Qwen2.5-14B,0.7704402097545624,0.501795027462589,0.0007552870090634441,0.440658244680851,0.1319910514541387,0.08728385416666669
2606,qingy2024/Qwen2.5-Math-14B-Instruct-Preview,Qwen/Qwen2.5-14B,0.7825802204816554,0.4705080756828426,0.0,0.4437056737588653,0.12080536912751676,0.10165625
2607,qingy2024/Qwen2.6-14B-Instruct,qingy2024/Qwen2.6-14B-Instruct (Merge),0.5810970447302047,0.4804794799002712,0.2673716012084592,0.47611923758865243,0.17225950782997765,0.16017187500000002
2608,qingy2024/Qwen2.6-Math-14B-Instruct,Qwen/Qwen2.5-14B,0.38623186478543603,0.47022117219846393,0.0,0.47122488179669036,0.15995525727069348,0.19515104166666664
2609,qq8933/OpenLongCoT-Base-Gemma2-2B,google/gemma-2-2b,0.1965141380426158,0.03546298466806123,0.0,0.03507313829787232,0.016778523489932917,0.02114583333333334
2610,raphgg/test-2.5-72B,raphgg/test-2.5-72B,0.8437047035199936,0.621541268705062,0.3081570996978852,0.5374372044917257,0.18568232662192394,0.20515104166666664
2611,rasyosef/Mistral-NeMo-Minitron-8B-Chat,nvidia/Mistral-NeMo-Minitron-8B-Base,0.4451843331249972,0.2603669538735872,0.008308157099697885,0.1559544917257683,0.03467561521252797,0.12936718749999998
2612,rasyosef/Phi-1_5-Instruct-v0.1,microsoft/phi-1_5,0.24022815019703278,0.04820243721122045,0.0,0.06240765366430259,0.01342281879194629,0.03402864583333334
2613,rasyosef/phi-2-instruct-apo,microsoft/phi-2,0.31459194936102874,0.21672437586715604,0.0,0.12834293735224583,0.026845637583892648,0.03610677083333335
2614,rasyosef/phi-2-instruct-v0.1,microsoft/phi-2,0.3681476260765879,0.2635880186790661,0.0,0.1385010342789598,0.03243847874720355,0.050442708333333336
2615,realtreetune/rho-1b-sft-MATH,realtreetune/rho-1b-sft-MATH (Merge),0.21210166801863498,0.0419762318329166,0.02190332326283988,0.013002364066193841,0.0033557046979865533,0.02897135416666666
2616,recoilme/Gemma-2-Ataraxy-Gemmasutra-9B-slerp,recoilme/Gemma-2-Ataraxy-Gemmasutra-9B-slerp,0.28536505361330156,0.42703797634497925,0.058157099697885205,0.3513593380614657,0.10626398210290827,0.16415364583333333
2617,recoilme/recoilme-gemma-2-9B-v0.1,Removed,0.7515060040692031,0.42321861031477476,0.01661631419939577,0.35098995271867606,0.11856823266219241,0.11526562500000002
2618,recoilme/recoilme-gemma-2-9B-v0.2,recoilme/recoilme-gemma-2-9B-v0.2,0.2746989100032359,0.4356058143461737,0.07779456193353475,0.3469267139479906,0.10738255033557048,0.17807552083333328
2619,recoilme/recoilme-gemma-2-9B-v0.3,recoilme/recoilme-gemma-2-9B-v0.3,0.57607592299543,0.43326868296283616,0.1729607250755287,0.33769208037825055,0.11633109619686799,0.1703697916666666
2620,recoilme/recoilme-gemma-2-9B-v0.4,recoilme/recoilme-gemma-2-9B-v0.4,0.25618913372074986,0.4244248167542507,0.0823262839879154,0.3784168144208039,0.12080536912751676,0.18385937500000002
2621,recoilme/recoilme-gemma-2-9B-v0.5,recoilme/recoilme-gemma-2-9B-v0.5 (Merge),0.7664186580495308,0.42353355406534204,0.021148036253776436,0.35551492316784866,0.11521252796420578,0.12163802083333337
2622,redrix/AngelSlayer-12B-Unslop-Mell-RPMax-DARKNESS,redrix/AngelSlayer-12B-Unslop-Mell-RPMax-DARKNESS (Merge),0.5359590331431713,0.29965932310715315,0.0891238670694864,0.24220596926713944,0.08724832214765099,0.08822656249999997
2623,redrix/patricide-12B-Unslop-Mell,redrix/patricide-12B-Unslop-Mell (Merge),0.40739016919551235,0.33989447607459516,0.12462235649546828,0.2856087470449172,0.09843400447427292,0.11856249999999997
2624,refuelai/Llama-3-Refueled,refuelai/Llama-3-Refueled,0.4619952836252256,0.4172197100339103,0.04380664652567976,0.2327866430260047,0.06599552572706939,0.14642447916666668
2625,rhplus0831/maid-yuzu-v7,rhplus0831/maid-yuzu-v7 (Merge),0.6462430794735746,0.268198371046094,0.09516616314199394,0.2821919326241135,0.07941834451901568,0.09769791666666666
2626,rhymes-ai/Aria,rhymes-ai/Aria (Merge),0.47730798725160356,0.3928149335481041,0.1623867069486405,0.37832446808510634,0.14988814317673374,0.14052083333333332
2627,rhysjones/phi-2-orange-v2,rhysjones/phi-2-orange-v2,0.36697407323678943,0.2560654883732465,0.0,0.17026817375886524,0.015659955257270708,0.06969791666666668
2628,riaz/FineLlama-3.1-8B,meta-llama/Meta-Llama-3.1-8B,0.413660199382084,0.23773389590539723,0.045317220543806644,0.21976580969267137,0.03467561521252797,0.0776979166666667
2629,rmdhirr/Gluon-8B,rmdhirr/Gluon-8B (Merge),0.5052848663767692,0.3034224724618852,0.14274924471299094,0.31201979905437344,0.08277404921700222,0.09085677083333335
2630,rombodawg/Rombos-LLM-V2.5-Qwen-0.5b,rombodawg/Rombos-LLM-V2.5-Qwen-0.5b (Merge),0.2846669060315518,0.08412218566269734,0.027945619335347432,0.09620641252955084,0.02237136465324381,0.007812499999999996
2631,rombodawg/Rombos-LLM-V2.5-Qwen-1.5b,rombodawg/Rombos-LLM-V2.5-Qwen-1.5b (Merge),0.3402461025634206,0.18711343783972326,0.07401812688821753,0.21357860520094563,0.05145413870246088,0.10352343750000001
2632,rombodawg/Rombos-LLM-V2.5-Qwen-14b,rombodawg/Rombos-LLM-V2.5-Qwen-14b (Merge),0.5840447789642593,0.4938690027144481,0.1691842900302115,0.48618498817966904,0.1621923937360179,0.18832812499999993
2633,rombodawg/Rombos-LLM-V2.5-Qwen-32b,rombodawg/Rombos-LLM-V2.5-Qwen-32b (Merge),0.6826631116548536,0.5826189408678741,0.4199395770392749,0.5462101063829787,0.19574944071588365,0.24727083333333336
2634,rombodawg/Rombos-LLM-V2.5-Qwen-3b,rombodawg/Rombos-LLM-V2.5-Qwen-3b (Merge),0.5342358276040905,0.27213596951125696,0.055135951661631426,0.3067560579196217,0.07718120805369126,0.08554166666666667
2635,rombodawg/Rombos-LLM-V2.5-Qwen-72b,rombodawg/Rombos-LLM-V2.5-Qwen-72b (Merge),0.715535889218385,0.6126714504573664,0.506797583081571,0.5483340721040189,0.19798657718120807,0.17322916666666668
2636,rombodawg/Rombos-LLM-V2.5-Qwen-7b,rombodawg/Rombos-LLM-V2.5-Qwen-7b (Merge),0.6237117514860571,0.36372350414300636,0.28323262839879154,0.3854351359338061,0.09060402684563762,0.12003385416666669
2637,rombodawg/Rombos-LLM-V2.5.1-Qwen-3b,rombodawg/Rombos-LLM-V2.5.1-Qwen-3b (Merge),0.2566401592219755,0.15057744482096083,0.09214501510574018,0.19344710401891252,0.016778523489932917,0.07822656250000001
2638,rombodawg/Rombos-LLM-V2.6-Nemotron-70b,rombodawg/Rombos-LLM-V2.6-Nemotron-70b,0.7526551771521784,0.5580557342514652,0.3323262839879154,0.4810135933806146,0.20805369127516785,0.18391406250000003
2639,rombodawg/Rombos-LLM-V2.6-Qwen-14b,rombodawg/Rombos-LLM-V2.6-Qwen-14b (Merge),0.8431550508207113,0.4927851764033085,0.011329305135951661,0.44010416666666674,0.11185682326621922,0.12291145833333336
2640,rombodawg/rombos_Replete-Coder-Instruct-8b-Merged,rombodawg/rombos_Replete-Coder-Instruct-8b-Merged,0.5387571643239937,0.21937706578272656,0.07779456193353475,0.08983451536643025,0.02572706935123044,0.034539062499999995
2641,rombodawg/rombos_Replete-Coder-Llama3-8B,rombodawg/rombos_Replete-Coder-Llama3-8B,0.4714125187834945,0.07087845117845118,0.03096676737160121,0.03719710401891251,0.02237136465324381,0.07712760416666666
2642,rwitz/go-bruins-v2,Removed,0.40958877999264176,0.1269326018768569,0.06646525679758308,0.19566341607565016,0.016778523489932917,0.10985416666666664
2643,sabersaleh/Llama2-7B-CPO,sabersaleh/Llama2-7B-CPO (Merge),0.15454881935486728,0.08656016246266046,0.006797583081570997,0.06730200945626476,0.02348993288590602,0.09269531250000002
2644,sabersaleh/Llama2-7B-DPO,sabersaleh/Llama2-7B-DPO (Merge),0.14533105493424114,0.09362230727907603,0.0015105740181268882,0.06951832151300234,0.02460850111856823,0.10453906250000003
2645,sabersaleh/Llama2-7B-IPO,sabersaleh/Llama2-7B-IPO (Merge),0.17685518867715438,0.09019805379879918,0.005287009063444109,0.06859485815602837,0.02348993288590602,0.09328385416666668
2646,sabersaleh/Llama2-7B-KTO,sabersaleh/Llama2-7B-KTO (Merge),0.15284999357260956,0.09514963942405524,0.0022658610271903325,0.07071882387706856,0.02348993288590602,0.11187239583333337
2647,sabersaleh/Llama2-7B-SPO,sabersaleh/Llama2-7B-SPO (Merge),0.15667207453999832,0.07766130774573562,0.014350453172205437,0.08410904255319149,0.03579418344519018,0.06728385416666668
2648,sabersaleh/Llama2-7B-SimPO,sabersaleh/Llama2-7B-SimPO (Merge),0.1658643510330368,0.0898121133440231,0.0075528700906344415,0.07127290189125295,0.027964205816554788,0.08587239583333334
2649,sabersaleh/Llama3,sabersaleh/Llama3 (Merge),0.3320777758569484,0.2670679448256402,0.05513595166163141,0.24017434988179664,0.0805369127516779,0.07101302083333333
2650,sabersalehk/Llama3-001-300,sabersalehk/Llama3-001-300 (Merge),0.31786437762913516,0.2570681935525006,0.04682779456193353,0.2398049645390071,0.06599552572706939,0.09366145833333334
2651,sabersalehk/Llama3-SimPO,sabersalehk/Llama3-SimPO (Merge),0.36420142998355476,0.2744856194235693,0.05513595166163141,0.23962027186761228,0.07718120805369126,0.11007552083333332
2652,sabersalehk/Llama3_001_200,sabersalehk/Llama3_001_200 (Merge),0.321836061649756,0.25625567506925284,0.04758308157099697,0.24257535460992904,0.07158836689038028,0.09366145833333334
2653,sabersalehk/Llama3_01_300,sabersalehk/Llama3_01_300 (Merge),0.2958827023408999,0.251552501785412,0.0445619335347432,0.2360187647754137,0.07718120805369126,0.09144531250000001
2654,saishf/Fimbulvetr-Kuro-Lotus-10.7B,saishf/Fimbulvetr-Kuro-Lotus-10.7B (Merge),0.49394384677101205,0.1990882095261725,0.014350453172205437,0.2654772458628842,0.06823266219239373,0.16030468750000001
2655,sakaltcommunity/novablast-preview,sakaltcommunity/novablast-preview (Merge),0.4530279657974175,0.5818215998102388,0.43051359516616317,0.5461177600472813,0.17561521252796417,0.24497656250000002
2656,sakaltcommunity/sakaltum-7b,sakaltcommunity/sakaltum-7b (Merge),0.2603868845773658,0.2375264450329209,0.023413897280966767,0.1965868794326241,0.030201342281879207,0.057541666666666665
2657,sakhan10/quantized_open_llama_3b_v2,openlm-research/open_llama_3b_v2,0.18722212618075595,0.02805733273363854,0.0,0.010601359338061455,0.03579418344519018,0.04687499999999999
2658,saltlux/luxia-21.4b-alignment-v1.0,saltlux/luxia-21.4b-alignment-v1.0,0.36929679915956326,0.48021112961607915,0.06570996978851963,0.2670471335697399,0.06823266219239373,0.1250546875
2659,saltlux/luxia-21.4b-alignment-v1.2,saltlux/luxia-21.4b-alignment-v1.2,0.41153694419695297,0.4776916471884749,0.015861027190332326,0.27480422576832153,0.07718120805369126,0.1490364583333333
2660,sam-paech/Darkest-muse-v1,sam-paech/Darkest-muse-v1 (Merge),0.7344202272193336,0.4261173126837064,0.1163141993957704,0.35376034278959806,0.12527964205816552,0.1527604166666667
2661,sam-paech/Delirium-v1,unsloth/gemma-2-9b-it,0.7207564816908026,0.4231507908993327,0.12915407854984895,0.3544067671394799,0.12416107382550338,0.15230989583333338
2662,sam-paech/Quill-v1,sam-paech/Quill-v1 (Merge),0.712213593265868,0.4259766913903588,0.11858006042296072,0.35237514775413714,0.11968680089485462,0.16134895833333332
2663,schnapss/testmerge-7b,schnapss/testmerge-7b (Merge),0.3922281767931311,0.32638166241496713,0.06873111782477341,0.2289080969267139,0.06152125279642054,0.17703645833333334
2664,sci-m-wang/Mistral-7B-Instruct-sa-v0.1,mistralai/Mistral-7B-v0.1,0.43351861948518816,0.05743646077429951,0.010574018126888218,0.15133717494089835,0.01230425055928408,0.06683333333333334
2665,sci-m-wang/Phi-3-mini-4k-instruct-sa-v0.1,microsoft/Phi-3-mini-4k-instruct,0.5020623057930734,0.36605419148768115,0.14501510574018128,0.3316895685579196,0.1051454138702461,0.09646093750000001
2666,sci-m-wang/deepseek-llm-7b-chat-sa-v0.1,deepseek-ai/deepseek-llm-7b-chat,0.4035935761557113,0.12051974655228079,0.02114803625377644,0.13434544917257682,0.008948545861297527,0.09864062499999998
2667,securin/Securin-LLM-V2.5-Qwen-1.5B,securin/Securin-LLM-V2.5-Qwen-1.5B (Merge),0.1492030035860406,0.04863456136709561,0.0075528700906344415,0.06831781914893617,0.0,0.022460937499999997
2668,senseable/WestLake-7B-v2,senseable/WestLake-7B-v2,0.4418620371724801,0.17858141685089327,0.05287009063444109,0.1960328014184397,0.03579418344519018,0.07481510416666669
2669,sequelbox/Llama3.1-70B-PlumChat,sequelbox/Llama3.1-70B-PlumChat (Merge),0.5616131863455631,0.5281275213512472,0.2998489425981873,0.4626366725768322,0.18791946308724836,0.20138541666666665
2670,sequelbox/Llama3.1-8B-MOTH,meta-llama/Meta-Llama-3.1-8B,0.5244938984117696,0.27916332245365283,0.11253776435045318,0.25984411938534274,0.02460850111856823,0.040479166666666684
2671,sequelbox/Llama3.1-8B-PlumChat,sequelbox/Llama3.1-8B-PlumChat (Merge),0.424276475307739,0.13935991387298124,0.0324773413897281,0.12520316193853429,0.020134228187919476,0.04765625000000001
2672,sequelbox/Llama3.1-8B-PlumCode,sequelbox/Llama3.1-8B-PlumCode (Merge),0.20448299401144518,0.08502927271642019,0.026435045317220546,0.14838209219858156,0.03467561521252797,0.08967968750000002
2673,sequelbox/Llama3.1-8B-PlumMath,sequelbox/Llama3.1-8B-PlumMath (Merge),0.22424167874572803,0.1644658382894578,0.044561933534743206,0.21948877068557915,0.09060402684563762,0.08981770833333334
2674,sequelbox/gemma-2-9B-MOTH,google/gemma-2-9b,0.20588150551647405,0.03212217230049623,0.0,0.015588061465721037,0.01342281879194629,0.00618489583333333
2675,sethuiyer/Llamaverse-3.1-8B-Instruct,sethuiyer/Llamaverse-3.1-8B-Instruct (Merge),0.6185410266980501,0.34782118120897576,0.18429003021148035,0.2803450059101654,0.05480984340044745,0.08420833333333336
2676,sethuiyer/Qwen2.5-7B-Anvita,sethuiyer/Qwen2.5-7B-Anvita (Merge),0.6480416406246536,0.35482447523885746,0.15861027190332327,0.3517287234042554,0.10290827740492169,0.13473697916666671
2677,shadowml/BeagSake-7B,shadowml/BeagSake-7B (Merge),0.5215960318621258,0.25192944643113163,0.054380664652567974,0.1760859929078014,0.04138702460850116,0.09844270833333332
2678,shadowml/Mixolar-4x7b,shadowml/Mixolar-4x7b,0.3893303102434873,0.3272896357629966,0.0,0.25615026595744683,0.057046979865771785,0.12718749999999995
2679,shastraai/Shastra-LLAMA2-Math-Commonsense-SFT,Removed,0.3041507644161935,0.13659523241343652,0.01812688821752266,0.11079713356973993,0.01230425055928408,0.04822656250000001
2680,shivam9980/NEPALI-LLM,google/gemma-2-9b,0.04166611258128433,0.1312524427731519,0.0067975830815709985,0.11827718676122931,0.015659955257270708,0.09991406250000003
2681,shivam9980/mistral-7b-news-cnn-merged,mistralai/mistral-7b-instruct-v0.2,0.4634192830578421,0.11146535574656041,0.01435045317220544,0.20305112293144206,0.07829977628635347,0.1566588541666667
2682,shuttleai/shuttle-3,Qwen/Qwen2.5-72B,0.815403130360776,0.6405301565117444,0.41691842900302123,0.5240469858156028,0.21588366890380314,0.1464427083333333
2683,shyamieee/Padma-v7.0,shyamieee/Padma-v7.0 (Merge),0.38410971777106967,0.3165752076487425,0.07024169184290031,0.2254912825059102,0.04809843400447425,0.1408567708333333
2684,silma-ai/SILMA-9B-Instruct-v1.0,silma-ai/SILMA-9B-Instruct-v1.0,0.5841943820174914,0.3071300262979214,0.0,0.32439420803782504,0.0738255033557047,0.17262239583333336
2685,skymizer/Llama2-7b-sft-chat-custom-template-dpo,Removed,0.23528238407425633,0.11238865074478818,0.011329305135951661,0.10516400709219859,0.0,0.14124739583333332
2686,someon98/qwen-CoMa-0.5b,someon98/qwen-CoMa-0.5b (Merge),0.22766371006706648,0.021267939195880374,0.0,0.010970744680851066,0.0,0.08704947916666667
2687,sometimesanotion/IF-reasoning-experiment-40,Removed,0.6329793835910938,0.44306407680565457,0.277190332326284,0.4472148345153664,0.17337807606263986,0.25860416666666663
2688,sometimesanotion/IF-reasoning-experiment-80,Removed,0.5462761029623622,0.17482339572802208,0.04682779456193353,0.26307624113475175,0.045861297539149914,0.22973958333333333
2689,sometimesanotion/Lamarck-14B-v0.1-experimental,Removed,0.5353850006870658,0.5079490766919467,0.30513595166163143,0.4897864952718677,0.17561521252796417,0.18638802083333336
2690,sometimesanotion/Lamarck-14B-v0.3,sometimesanotion/Lamarck-14B-v0.3 (Merge),0.5031616111916383,0.5127430858821048,0.3240181268882175,0.4900635342789597,0.18456375838926176,0.180015625
2691,sometimesanotion/Lamarck-14B-v0.4-Qwenvergence,Removed,0.4906470387460827,0.5020804499847926,0.3368580060422961,0.48960180260047287,0.17114093959731544,0.20385937499999993
2692,sometimesanotion/Lamarck-14B-v0.6,sometimesanotion/Lamarck-14B-v0.6 (Merge),0.6972510716011294,0.4929789462939962,0.3564954682779456,0.48886303191489366,0.18568232662192394,0.20119270833333336
2693,sometimesanotion/Lamarck-14B-v0.6-002-model_stock,Removed,0.669224324791553,0.45006583559613556,0.3413897280966767,0.45044695626477543,0.16554809843400445,0.2545260416666666
2694,sometimesanotion/Lamarck-14B-v0.6-model_stock,Removed,0.6789662539838739,0.46491326082885487,0.35876132930513593,0.4664228723404256,0.17897091722595074,0.22682031249999995
2695,sometimesanotion/Qwen-14B-ProseStock-v4,Removed,0.49421867312065315,0.4954129977932439,0.3549848942598187,0.4873854905437352,0.18456375838926176,0.21695833333333328
2696,sometimesanotion/Qwen-2.5-14B-Virmarckeoso,Removed,0.48132953895663505,0.5065229487013111,0.33308157099697877,0.4863696808510639,0.17225950782997765,0.19519270833333327
2697,sometimesanotion/Qwen2.5-14B-Vimarckoso,Removed,0.4574240792209116,0.4917895641544632,0.3293051359516616,0.4810135933806146,0.1901565995525727,0.20466406249999994
2698,sometimesanotion/Qwen2.5-14B-Vimarckoso-v2,Removed,0.450530148893824,0.5041962540780511,0.3504531722054381,0.486646719858156,0.1767337807606264,0.19503645833333333
2699,sometimesanotion/Qwen2.5-14B-Vimarckoso-v3,sometimesanotion/Qwen2.5-14B-Vimarckoso-v3 (Merge),0.7256523801291683,0.48581587256263103,0.3444108761329305,0.48258348108747046,0.17337807606263986,0.19385937499999997
2700,sometimesanotion/Qwen2.5-14B-Vimarckoso-v3-IF-Variant,Removed,0.6412973133507981,0.35653096662329,0.21299093655589124,0.39873300827423164,0.12975391498881436,0.28389583333333335
2701,sometimesanotion/Qwen2.5-14B-Vimarckoso-v3-Prose01,Removed,0.6872343160591674,0.4770662461639211,0.3504531722054381,0.4750110815602837,0.18232662192393737,0.1955651041666667
2702,sometimesanotion/Qwen2.5-14B-Vimarckoso-v3-model_stock,Removed,0.7161852772864887,0.48761005566641324,0.33987915407854985,0.47953605200945626,0.17337807606263986,0.19230989583333336
2703,sometimesanotion/Qwentinuum-14B-v013,Removed,0.6711226213114536,0.4396523461481209,0.3300604229607251,0.443428634751773,0.14317673378076065,0.24993749999999992
2704,sometimesanotion/Qwentinuum-14B-v1,Removed,0.5031616111916383,0.5073749377731295,0.3240181268882175,0.4899711879432624,0.1767337807606264,0.19156510416666667
2705,sometimesanotion/Qwentinuum-14B-v2,Removed,0.5378329499062489,0.5053548026965413,0.3293051359516616,0.489878841607565,0.18456375838926176,0.18193750000000006
2706,sometimesanotion/Qwentinuum-14B-v3,Removed,0.6157683834448153,0.5003761140499875,0.3285498489425982,0.4903405732860521,0.18344519015659957,0.2061536458333333
2707,sometimesanotion/Qwentinuum-14B-v5,Removed,0.628557782240012,0.5028397367122804,0.3157099697885196,0.49089465130023646,0.18344519015659957,0.21089843749999995
2708,sometimesanotion/Qwentinuum-14B-v6,Removed,0.6304062110755019,0.502319102421481,0.338368580060423,0.48886303191489366,0.18232662192393737,0.21178124999999995
2709,sometimesanotion/Qwentinuum-14B-v6-Prose,Removed,0.5642860942299764,0.501406010244593,0.3557401812688822,0.488031914893617,0.18456375838926176,0.21340885416666663
2710,sometimesanotion/Qwentinuum-14B-v7,Removed,0.6109223526908603,0.5034706507410995,0.33383685800604224,0.4899711879432624,0.18791946308724836,0.1994869791666666
2711,sometimesanotion/Qwentinuum-14B-v8,Removed,0.5411552458587658,0.5011142993537886,0.3413897280966767,0.4902482269503546,0.17785234899328864,0.2074869791666666
2712,sometimesanotion/Qwentinuum-14B-v9,Removed,0.5107304175144174,0.5080134720526892,0.32326283987915405,0.491264036643026,0.18120805369127516,0.19364322916666665
2713,sometimesanotion/Qwenvergence-14B-qv256,Removed,0.7006232352380573,0.4707821800122079,0.343655589123867,0.4642065602836879,0.17114093959731544,0.2107421875
2714,sometimesanotion/Qwenvergence-14B-v0.6-004-model_stock,Removed,0.6859854076073707,0.46366653802814,0.31344410876132933,0.46586879432624106,0.17785234899328864,0.2334869791666666
2715,sometimesanotion/Qwenvergence-14B-v2-Prose,Removed,0.4704883043657496,0.4993347199164365,0.34290030211480355,0.48572325650118203,0.1912751677852349,0.2147421874999999
2716,sometimesanotion/Qwenvergence-14B-v3,Removed,0.504410519643435,0.5035268751505373,0.34818731117824775,0.4873854905437352,0.17897091722595074,0.20740885416666668
2717,sometimesanotion/Qwenvergence-14B-v3-Prose,sometimesanotion/Qwenvergence-14B-v3-Prose (Merge),0.4917707239014703,0.49798366680991424,0.3557401812688822,0.4855385638297872,0.19351230425055932,0.217703125
2718,sometimesanotion/Qwenvergence-14B-v3-Reason,Removed,0.5278161943642867,0.5063577613727475,0.3119335347432024,0.4884936465721041,0.17897091722595074,0.18927083333333333
2719,sometimesanotion/Qwenvergence-14B-v6-Prose,Removed,0.5990073006289978,0.5011997604002554,0.34894259818731116,0.4856309101654846,0.18456375838926176,0.21015364583333326
2720,sometimesanotion/Qwenvergence-14B-v8,Removed,0.5913387589373972,0.4983459258547442,0.3557401812688822,0.4927415780141844,0.17449664429530198,0.1909765625
2721,sometimesanotion/lamarck-14b-prose-model_stock,Removed,0.42764863894466676,0.4938387596376199,0.33610271903323263,0.4837839834515367,0.1912751677852349,0.20274218749999992
2722,sometimesanotion/lamarck-14b-reason-model_stock,Removed,0.4964671516021933,0.5071540412568496,0.3157099697885196,0.4891400709219858,0.17897091722595074,0.18793749999999992
2723,sonthenguyen/ft-unsloth-zephyr-sft-bnb-4bit-20241014-161415,unsloth/zephyr-sft-bnb-4bit,0.28933784580468713,0.12789212309485556,0.0075528700906344415,0.04458481087470449,0.0,0.06024479166666666
2724,sonthenguyen/ft-unsloth-zephyr-sft-bnb-4bit-20241014-164205,unsloth/zephyr-sft-bnb-4bit,0.3199377651298555,0.16710725154148115,0.0015105740181268884,0.12492612293144206,0.03467561521252797,0.12097135416666667
2725,sonthenguyen/ft-unsloth-zephyr-sft-bnb-4bit-20241014-170522,unsloth/zephyr-sft-bnb-4bit,0.3764411760794691,0.14138281987896179,0.009818731117824773,0.11726137706855791,0.020134228187919476,0.1411875
2726,sonthenguyen/zephyr-sft-bnb-4bit-DPO-mtbc-213steps,sonthenguyen/zephyr-sft-bnb-4bit-DPO-mtbc-213steps,0.4275489035758454,0.19669907319611504,0.02190332326283988,0.1898455969267139,0.015659955257270708,0.09579427083333336
2727,sonthenguyen/zephyr-sft-bnb-4bit-DPO-mtbo-180steps,sonthenguyen/zephyr-sft-bnb-4bit-DPO-mtbo-180steps,0.40871443325930756,0.2135140303187909,0.020392749244712995,0.19418587470449167,0.03467561521252797,0.06163802083333334
2728,sonthenguyen/zephyr-sft-bnb-4bit-DPO-mtbr-180steps,sonthenguyen/zephyr-sft-bnb-4bit-DPO-mtbr-180steps,0.40321901443724867,0.2121356840671135,0.024924471299093656,0.1901226359338061,0.04026845637583895,0.11785416666666665
2729,sophosympatheia/Midnight-Miqu-70B-v1.5,sophosympatheia/Midnight-Miqu-70B-v1.5 (Merge),0.6118465671086051,0.38541461590145987,0.02416918429003021,0.31386672576832153,0.06152125279642054,0.11652083333333332
2730,speakleash/Bielik-11B-v2,speakleash/Bielik-11B-v2,0.23810489501190177,0.2781790653786215,0.07401812688821753,0.23749630614657208,0.05145413870246088,0.07555989583333339
2731,speakleash/Bielik-11B-v2.0-Instruct,speakleash/Bielik-11B-v2,0.5252430218486949,0.33774676263963016,0.10422960725075531,0.26122931442080377,0.08948545861297541,0.14738541666666669
2732,speakleash/Bielik-11B-v2.1-Instruct,speakleash/Bielik-11B-v2,0.5089817240477488,0.3629005304442506,0.006042296072507553,0.2718491430260047,0.11633109619686799,0.1051510416666667
2733,speakleash/Bielik-11B-v2.2-Instruct,speakleash/Bielik-11B-v2,0.5551935531057595,0.3695804119871526,0.0755287009063444,0.2762817671394799,0.10850111856823269,0.10107291666666667
2734,speakleash/Bielik-11B-v2.3-Instruct,speakleash/Bielik-11B-v2.3-Instruct (Merge),0.558290890393046,0.38062787893588196,0.08006042296072508,0.2715721040189125,0.12080536912751676,0.16011197916666664
2735,spmurrayzzz/Mistral-Syndicate-7B,mistralai/Mistral-7B-v0.1,0.249595517670891,0.20506251970415948,0.027190332326283987,0.18125738770685576,0.03467561521252797,0.1361901041666667
2736,spow12/ChatWaifu_12B_v2.0,spow12/ChatWaifu_12B_v2.0 (Merge),0.4767583345523211,0.3116523957802424,0.058912386706948656,0.26529255319148937,0.03579418344519018,0.15830468749999999
2737,spow12/ChatWaifu_22B_v2.0_preview,spow12/ChatWaifu_22B_v2.0_preview (Merge),0.6744947849483814,0.4548829424136917,0.18051359516616317,0.33196660756501184,0.08724832214765099,0.03534375
2738,spow12/ChatWaifu_v1.4,spow12/ChatWaifu_v1.4 (Merge),0.5690567693719332,0.3163055380047582,0.08610271903323262,0.2749889184397163,0.07606263982102905,0.20025
2739,spow12/ChatWaifu_v2.0_22B,spow12/ChatWaifu_v2.0_22B (Merge),0.6517384982956334,0.4201979809251511,0.1933534743202417,0.3124815307328605,0.09843400447427292,0.05591406249999999
2740,ssmits/Qwen2.5-95B-Instruct,ssmits/Qwen2.5-95B-Instruct (Merge),0.8431051831363006,0.5853035132285105,0.06117824773413897,0.4685468380614657,0.15212527964205816,0.1361484375
2741,stabilityai/StableBeluga2,stabilityai/StableBeluga2,0.37871403431783224,0.41263261127223794,0.03625377643504532,0.25845892434988177,0.0883668903803132,0.18654427083333336
2742,stabilityai/stablelm-2-12b,stabilityai/stablelm-2-12b,0.1569214129620518,0.22685797482043984,0.0392749244712991,0.23020094562647755,0.038031319910514526,0.14485677083333334
2743,stabilityai/stablelm-2-12b-chat,stabilityai/stablelm-2-12b-chat,0.40816478056002525,0.2525369709081264,0.02190332326283988,0.19270833333333331,0.02237136465324381,0.0772838541666667
2744,stabilityai/stablelm-2-1_6b,stabilityai/stablelm-2-1_6b,0.11570521771122844,0.08632695204968835,0.0015105740181268884,0.05151078605200945,0.0,0.05791406249999999
2745,stabilityai/stablelm-2-1_6b-chat,stabilityai/stablelm-2-1_6b-chat,0.3059991932516833,0.07493378297410634,0.011329305135951661,0.06905658983451536,0.0,0.057127604166666686
2746,stabilityai/stablelm-2-zephyr-1_6b,stabilityai/stablelm-2-zephyr-1_6b,0.32793100085550786,0.06708710147938231,0.022658610271903322,0.07930703309692672,0.0,0.059932291666666686
2747,stabilityai/stablelm-3b-4e1t,stabilityai/stablelm-3b-4e1t,0.22031986240951784,0.09013070349546279,0.0067975830815709985,0.07432033096926711,0.0,0.04422656249999999
2748,stabilityai/stablelm-zephyr-3b,stabilityai/stablelm-zephyr-3b,0.36832271705740766,0.147591192080273,0.04229607250755287,0.08530954491725769,0.0,0.09787760416666666
2749,sthenno-com/miscii-14b-1028,sthenno-com/miscii-14b-1028 (Merge),0.8236711924360697,0.4926266765557472,0.0634441087613293,0.46143617021276595,0.14205816554809844,0.1200286458333333
2750,sthenno-com/miscii-14b-1225,sthenno-com/miscii-14b-1225 (Merge),0.787800812954073,0.5091280572690238,0.3157099697885196,0.4746416962174941,0.17002237136465323,0.1477161458333333
2751,suayptalha/HomerCreativeAnvita-Mix-Qw7B,suayptalha/HomerCreativeAnvita-Mix-Qw7B (Merge),0.7807816593305762,0.3698416750362379,0.3104229607250755,0.38275709219858156,0.08612975391498878,0.14732552083333336
2752,suayptalha/Komodo-Llama-3.2-3B-v2-fp16,suayptalha/Komodo-Llama-3.2-3B-v2-fp16 (Merge),0.6340532010620709,0.20204328973550356,0.06268882175226587,0.20582151300236406,0.03691275167785232,0.033716145833333336
2753,suayptalha/Rombos-2.5-T.E-8.1,suayptalha/Rombos-2.5-T.E-8.1 (Merge),0.6925047762159957,0.36499861205880385,0.008308157099697885,0.382849438534279,0.08165548098434001,0.10979427083333336
2754,sumink/Qmerft,sumink/Qmerft (Merge),0.15639724819035714,0.019490136326917557,0.0,0.017434988179669018,0.0033557046979865533,0.03928385416666667
2755,sumink/Qwenftmodel,sumink/Qwenftmodel,0.17290899258412126,0.14041351651308326,0.0770392749244713,0.14875147754137116,0.008948545861297527,0.0461484375
2756,sumink/Qwenmplus,sumink/Qwenmplus,0.20403307668098425,0.12706588833540888,0.030211480362537766,0.11024305555555555,0.04697986577181204,0.05020833333333335
2757,sumink/Qwensci,sumink/Qwensci,0.17398281005509827,0.06319843194764267,0.01283987915407855,0.02888593380614658,0.011185682326621947,0.03610677083333335
2758,sumink/ftgpt,sumink/ftgpt,0.0787100449030794,0.01931276714227963,0.0,0.019097222222222217,0.019015659955257263,0.10097135416666667
2759,sumink/llamamerge,sumink/llamamerge,0.26718107953563214,0.24376393916804787,0.01283987915407855,0.17664007092198578,0.06487695749440718,0.11664062500000001
2760,sumink/llmer,sumink/llmer (Merge),0.3191132860809319,0.26830896875618176,0.0634441087613293,0.2809914302600473,0.06375838926174497,0.08189583333333336
2761,sumink/qwft,sumink/qwft,0.11965252197502625,0.02872788366329503,0.0,0.014387559101654845,0.0033557046979865533,0.02024479166666666
2762,sumink/qwmer,sumink/qwmer (Merge),0.2212440768272628,0.20382371995631057,0.0,0.13499187352245862,0.04921700223713646,0.09030468750000004
2763,sumink/somer,sumink/somer (Merge),0.29902990731259727,0.3171825835265986,0.04078549848942599,0.2719414893617021,0.06487695749440718,0.18424999999999997
2764,sumink/somer2,sumink/somer2 (Merge),0.3132433055404105,0.31375840981103365,0.04758308157099698,0.2702792553191489,0.07158836689038028,0.18654427083333328
2765,sunbaby/BrainCog-8B-0.1-Instruct,meta-llama/Meta-Llama-3-8B,0.4253004250943053,0.24283467839476658,0.07628398791540786,0.20646793735224583,0.06823266219239373,0.06332552083333334
2766,swap-uniba/LLaMAntino-3-ANITA-8B-Inst-DPO-ITA,meta-llama/Meta-Llama-3-8B-Instruct,0.4815046299374548,0.27990827697552745,0.04380664652567976,0.3026004728132387,0.06487695749440718,0.13242447916666664
2767,synergetic/FrankenQwen2.5-14B,synergetic/FrankenQwen2.5-14B (Merge),0.1869472998311148,0.4427355542633096,0.0,0.3757387706855792,0.026845637583892648,0.05532552083333332
2768,talha2001/Beast-Soul-new,talha2001/Beast-Soul-new (Merge),0.4853510906616666,0.3307275916855207,0.07477341389728097,0.2335254137115839,0.04250559284116329,0.14140885416666668
2769,tangledgroup/tangled-llama-pints-1.5b-v0.1-instruct,pints-ai/1.5-Pints-16K-v0.1,0.15090182936829832,0.03842195410176515,0.0015105740181268884,0.012078900709219858,0.0,0.04850260416666665
2770,tangledgroup/tangled-llama-pints-1.5b-v0.2-instruct,pints-ai/1.5-Pints-16K-v0.1,0.1724092075692496,0.040802054869970156,0.007552870090634441,0.013002364066193841,0.0,0.045697916666666664
2771,tanliboy/lambda-gemma-2-9b-dpo,google/gemma-2-9b,0.18292463995531855,0.3573966330720827,0.0,0.31165041371158386,0.0805369127516779,0.08569791666666665
2772,tanliboy/lambda-qwen2.5-14b-dpo-test,Qwen/Qwen2.5-14B,0.8231215397367874,0.4845443982860532,0.0,0.42754506501182027,0.14988814317673374,0.12587239583333334
2773,tanliboy/lambda-qwen2.5-32b-dpo-test,Qwen/Qwen2.5-32B,0.8083839767372794,0.5440796058706254,0.0,0.51739804964539,0.14205816554809844,0.13328385416666663
2774,tannedbum/Ellaria-9B,tannedbum/Ellaria-9B (Merge),0.7825802204816554,0.41721561060084317,0.02643504531722054,0.35616134751773054,0.11073825503355701,0.10859895833333334
2775,tannedbum/L3-Nymeria-Maid-8B,tannedbum/L3-Nymeria-Maid-8B (Merge),0.7250029920610647,0.3124094477590446,0.09365558912386707,0.305186170212766,0.06152125279642054,0.06481510416666668
2776,tannedbum/L3-Nymeria-v2-8B,tannedbum/L3-Nymeria-v2-8B (Merge),0.7168346653545925,0.3226254366200003,0.09441087613293052,0.30592494089834515,0.05369127516778524,0.051343750000000014
2777,tannedbum/L3-Rhaenys-8B,tannedbum/L3-Rhaenys-8B (Merge),0.7362686560548235,0.33137944169076256,0.09063444108761329,0.31100398936170215,0.06375838926174497,0.05726562500000003
2778,teknium/CollectiveCognition-v1.1-Mistral-7B,mistralai/Mistral-7B-v0.1,0.27904626391308396,0.23476133616965922,0.03172205438066465,0.2040669326241135,0.04921700223713646,0.057325520833333324
2779,teknium/OpenHermes-13B,NousResearch/Llama-2-13b-hf,0.2668065178171695,0.18213328240408838,0.011329305135951661,0.15438460401891252,0.030201342281879207,0.08532552083333333
2780,teknium/OpenHermes-2-Mistral-7B,mistralai/Mistral-7B-v0.1,0.5286151854856226,0.2925183921122331,0.043806646525679754,0.21459441489361702,0.044742729306487705,0.16064062499999995
2781,teknium/OpenHermes-2.5-Mistral-7B,mistralai/Mistral-7B-v0.1,0.5571417173100707,0.27770026367807576,0.04758308157099698,0.22826167257683214,0.044742729306487705,0.12058072916666669
2782,teknium/OpenHermes-7B,NousResearch/Llama-2-7b-hf,0.1812513021006485,0.12081395462073649,0.01057401812688822,0.10368646572104018,0.02572706935123044,0.12681510416666666
2783,tensoropera/Fox-1-1.6B,tensoropera/Fox-1-1.6B,0.27659831469390106,0.07399760932518089,0.015861027190332326,0.041260342789598094,0.017897091722595054,0.03873697916666666
2784,tenyx/Llama3-TenyxChat-70B,tenyx/Llama3-TenyxChat-70B,0.8087086707713311,0.4961562001611543,0.24622356495468278,0.46780806737588654,0.06823266219239373,0.12520572916666667
2785,theprint/Boptruth-Agatha-7B,theprint/Boptruth-Agatha-7B,0.31241882649148706,0.29286422282807495,0.0513595166163142,0.20674497635933803,0.06599552572706939,0.11758333333333335
2786,theprint/CleverBoi-7B-v2,mistralai/Mistral-7B-v0.3,0.21699756645700075,0.23444181487331492,0.02265861027190333,0.1898455969267139,0.05145413870246088,0.18658072916666668
2787,theprint/CleverBoi-7B-v3,mistralai/Mistral-7B-v0.3,0.23823011830831084,0.2193674717909172,0.033987915407854986,0.2075760933806146,0.021252796420581685,0.09497135416666667
2788,theprint/CleverBoi-Llama-3.1-8B-Instruct,meta-llama/Meta-Llama-3.1-8B,0.16816269719898755,0.24048603081139294,0.027190332326283994,0.23057033096926716,0.06711409395973152,0.08279687500000003
2789,theprint/CleverBoi-Llama-3.1-8B-v2,meta-llama/Meta-Llama-3.1-8B,0.19613957632415324,0.24132844977310708,0.04984894259818731,0.2431294326241135,0.04809843400447425,0.06716927083333334
2790,theprint/CleverBoi-Nemo-12B-v2,unsloth/Mistral-Nemo-Instruct-2407-bnb-4bit,0.2045827293802666,0.3165269522562221,0.09290030211480364,0.24756205673758866,0.08501118568232664,0.11434635416666666
2791,theprint/Code-Llama-Bagel-8B,theprint/Code-Llama-Bagel-8B (Merge),0.2529676813078188,0.2533815455229531,0.05287009063444109,0.20240469858156027,0.03467561521252797,0.07530729166666666
2792,theprint/Conversely-Mistral-7B,mistralai/Mistral-7B-v0.3,0.2608113139802391,0.2570696557300103,0.00906344410876133,0.20286643026004725,0.04697986577181204,0.10628645833333332
2793,theprint/Llama-3.2-3B-VanRossum,meta-llama/Llama-3.2-3B-Instruct,0.4782820693537591,0.19366361887075997,0.09365558912386707,0.1966792257683215,0.02348993288590602,0.06554166666666666
2794,theprint/ReWiz-7B,mistralai/Mistral-7B-v0.3,0.4047926169230973,0.2350442985462492,0.02945619335347432,0.18559766548463355,0.03355704697986576,0.16744531249999997
2795,theprint/ReWiz-Llama-3.1-8B-v2,meta-llama/Meta-Llama-3.1-8B,0.2373059038905659,0.23773287089432596,0.045317220543806644,0.2567043439716312,0.07046979865771814,0.09338541666666669
2796,theprint/ReWiz-Llama-3.2-3B,theprint/ReWiz-Llama-3.2-3B (Merge),0.4648931501748693,0.1929372812239651,0.09743202416918428,0.20970005910165482,0.044742729306487705,0.06938541666666667
2797,theprint/ReWiz-Nemo-12B-Instruct,unsloth/Mistral-Nemo-Instruct-2407-bnb-4bit,0.10623811486854878,0.29926389365821837,0.07175226586102719,0.2599364657210401,0.09843400447427292,0.1022864583333333
2798,theprint/ReWiz-Qwen-2.5-14B,Qwen/Qwen2.5-14B,0.2785464788982123,0.4486187336352475,0.2688821752265861,0.45469488770685584,0.17337807606263986,0.15436979166666667
2799,theprint/ReWiz-Worldbuilder-7B,theprint/ReWiz-Worldbuilder-7B (Merge),0.25101951710350756,0.2507634729001636,0.02945619335347432,0.2190270390070922,0.02572706935123044,0.16389583333333335
2800,theprint/RuDolph-Hermes-7B,theprint/RuDolph-Hermes-7B (Merge),0.36042921670057665,0.30709648163100883,0.05060422960725076,0.23029329196217496,0.08277404921700222,0.11026822916666669
2801,theprint/WorldBuilder-12B,unsloth/mistral-nemo-base-2407-bnb-4bit,0.13743755457741014,0.2927799628204166,0.03625377643504532,0.24359116430260047,0.06263982102908276,0.08997395833333338
2802,theprint/phi-3-mini-4k-python,unsloth/Phi-3-mini-4k-instruct-bnb-4bit,0.24087753826513653,0.2844601616578647,0.09516616314199396,0.2863475177304965,0.05480984340044745,0.0922083333333333
2803,thomas-yanxin/XinYuan-Qwen2-1_5B,Removed,0.29855561022531324,0.1212557956003766,0.06722054380664653,0.15078309692671396,0.026845637583892648,0.026244791666666684
2804,thomas-yanxin/XinYuan-Qwen2-7B,thomas-yanxin/XinYuan-Qwen2-7B,0.44376033369238066,0.2840148852275863,0.13293051359516617,0.3249482860520094,0.05480984340044745,0.09259895833333337
2805,thomas-yanxin/XinYuan-Qwen2-7B-0917,thomas-yanxin/XinYuan-Qwen2-7B-0917,0.3719198393595659,0.3261993813582105,0.08836858006042297,0.36059397163120566,0.07941834451901568,0.136796875
2806,thomas-yanxin/XinYuan-Qwen2.5-7B-0917,thomas-yanxin/XinYuan-Qwen2.5-7B-0917,0.35770644113175265,0.3343966927024198,0.0,0.32023862293144206,0.04138702460850116,0.036773437500000006
2807,tiiuae/Falcon3-10B-Base,tiiuae/Falcon3-10B-Base,0.3647754624396601,0.4137546218651794,0.2477341389728097,0.36003989361702127,0.12751677852348994,0.1417395833333333
2808,tiiuae/Falcon3-10B-Instruct,tiiuae/Falcon3-10B-Base,0.7816560060639105,0.4482153982483132,0.2590634441087613,0.38100251182033096,0.1051454138702461,0.13607031249999996
2809,tiiuae/Falcon3-1B-Base,tiiuae/Falcon3-1B-Base,0.24280132271262475,0.11343173265854867,0.030211480362537766,0.06757904846335695,0.039149888143176735,0.09709114583333331
2810,tiiuae/Falcon3-1B-Instruct,tiiuae/Falcon3-1B-Base,0.5556678501930433,0.12961374062508185,0.01283987915407855,0.09315898345153663,0.02237136465324381,0.10561979166666667
2811,tiiuae/Falcon3-3B-Base,tiiuae/Falcon3-3B-Base,0.2764985793250797,0.21584784293773265,0.11858006042296072,0.20877659574468088,0.06263982102908276,0.06273697916666668
2812,tiiuae/Falcon3-3B-Instruct,tiiuae/Falcon3-3B-Instruct,0.6976755010040026,0.26287229468432693,0.24697885196374622,0.22281323877068554,0.05145413870246088,0.1113255208333333
2813,tiiuae/Falcon3-7B-Base,tiiuae/Falcon3-7B-Base,0.3415947463840388,0.31559918547503363,0.19259818731117825,0.32337839834515364,0.12863534675615215,0.18142708333333335
2814,tiiuae/Falcon3-7B-Instruct,tiiuae/Falcon3-7B-Base,0.761247933261524,0.3791581245917148,0.3187311178247734,0.3430481678486997,0.0805369127516779,0.21167968749999996
2815,tiiuae/Falcon3-Mamba-7B-Base,tiiuae/Falcon3-Mamba-7B-Base,0.28911288713945665,0.25534048802953163,0.1933534743202417,0.22641474586288413,0.07941834451901568,0.04393229166666667
2816,tiiuae/Falcon3-Mamba-7B-Instruct,tiiuae/Falcon3-Mamba-7B-Instruct (Merge),0.7165099713205407,0.2520350517239808,0.2726586102719033,0.26326093380614657,0.07158836689038028,0.08258072916666669
2817,tiiuae/falcon-11B,tiiuae/falcon-11B,0.3261324397044287,0.21937999462890276,0.0256797583081571,0.15438460401891252,0.027964205816554788,0.07530729166666666
2818,tiiuae/falcon-40b,tiiuae/falcon-40b,0.24964538535530173,0.16583304730312176,0.015861027190332326,0.16722074468085105,0.031319910514541416,0.05193229166666668
2819,tiiuae/falcon-40b-instruct,tiiuae/falcon-40b-instruct,0.2454487426694504,0.17220114203264525,0.01661631419939577,0.140163268321513,0.0,0.05161979166666666
2820,tiiuae/falcon-7b,tiiuae/falcon-7b,0.18205140139274903,0.059639369118760506,0.006042296072507554,0.013925827423167841,0.0,0.044971354166666665
2821,tiiuae/falcon-7b-instruct,tiiuae/falcon-7b-instruct,0.1968886997610784,0.048231784606744314,0.006042296072507553,0.01725029550827422,0.0,0.03253906250000001
2822,tiiuae/falcon-mamba-7b,tiiuae/falcon-mamba-7b,0.33357602273079867,0.19876877803543436,0.040785498489425975,0.14468823877068557,0.0805369127516779,0.10862239583333334
2823,tklohj/WindyFloLLM,tklohj/WindyFloLLM (Merge),0.26685638550158025,0.24398763197850537,0.013595166163141997,0.1757166075650118,0.03355704697986576,0.11864062500000003
2824,togethercomputer/GPT-JT-6B-v1,togethercomputer/GPT-JT-6B-v1,0.20610646418170453,0.07318523965141613,0.007552870090634441,0.06951832151300234,0.014541387024608499,0.03873697916666666
2825,togethercomputer/GPT-NeoXT-Chat-Base-20B,togethercomputer/GPT-NeoXT-Chat-Base-20B,0.18297561581049393,0.06830794983137851,0.01283987915407855,0.016142139479905428,0.0,0.017578124999999993
2826,togethercomputer/LLaMA-2-7B-32K,togethercomputer/LLaMA-2-7B-32K,0.18649738250065384,0.08089984229889549,0.008308157099697885,0.08530954491725769,0.0,0.043205729166666665
2827,togethercomputer/Llama-2-7B-32K-Instruct,togethercomputer/Llama-2-7B-32K-Instruct,0.21300039450879227,0.08563469919446953,0.012839879154078549,0.08678708628841607,0.0022371364653244186,0.09199218750000002
2828,togethercomputer/RedPajama-INCITE-7B-Base,togethercomputer/RedPajama-INCITE-7B-Base,0.20822971936683554,0.05087242272916431,0.011329305135951661,0.02186761229314421,0.006711409395973183,0.030166666666666658
2829,togethercomputer/RedPajama-INCITE-7B-Chat,togethercomputer/RedPajama-INCITE-7B-Chat,0.1557977278066641,0.04502173664381199,0.0015105740181268884,0.013464095744680847,0.0033557046979865533,0.018617187499999997
2830,togethercomputer/RedPajama-INCITE-7B-Instruct,togethercomputer/RedPajama-INCITE-7B-Instruct,0.20550694379801152,0.07905416493704163,0.015105740181268881,0.030271128841607552,0.0011185682326622093,0.0503046875
2831,togethercomputer/RedPajama-INCITE-Base-3B-v1,togethercomputer/RedPajama-INCITE-Base-3B-v1,0.22936253584932423,0.03518607767474259,0.009818731117824773,0.012355939716312053,0.0,0.040010416666666666
2832,togethercomputer/RedPajama-INCITE-Chat-3B-v1,togethercomputer/RedPajama-INCITE-Chat-3B-v1,0.16521496296493304,0.051647279270506274,0.0030211480362537764,0.014110520094562635,0.0,0.05089322916666668
2833,togethercomputer/RedPajama-INCITE-Instruct-3B-v1,togethercomputer/RedPajama-INCITE-Instruct-3B-v1,0.2124263620526869,0.04510786368926982,0.006797583081570997,0.012171247044917257,0.0,0.06408854166666669
2834,tokyotech-llm/Llama-3-Swallow-8B-Instruct-v0.1,tokyotech-llm/Llama-3-Swallow-8B-Instruct-v0.1,0.5507719517546776,0.29267966131617706,0.07250755287009064,0.23195552600472813,0.05257270693512303,0.13795572916666665
2835,unsloth/Phi-3-mini-4k-instruct,unsloth/Phi-3-mini-4k-instruct,0.544027624480822,0.36732473265614035,0.1540785498489426,0.33676861702127653,0.09731543624161071,0.13118749999999996
2836,unsloth/phi-4,microsoft/phi-4,0.6882083981613231,0.5525314499847013,0.12537764350453173,0.4864620271867611,0.11521252796420578,0.10128385416666667
2837,unsloth/phi-4-bnb-4bit,microsoft/phi-4,0.6729710501469435,0.5353519912141298,0.19410876132930516,0.4728871158392435,0.1174496644295302,0.08424479166666667
2838,unsloth/phi-4-unsloth-bnb-4bit,microsoft/phi-4,0.6793906833867471,0.5384008105932037,0.2001510574018127,0.4762115839243499,0.11521252796420578,0.087578125
2839,upstage/SOLAR-10.7B-Instruct-v1.0,upstage/SOLAR-10.7B-Instruct-v1.0 (Merge),0.4736609972650345,0.31872401888002116,0.0,0.23758865248226946,0.07829977628635347,0.06942187500000002
2840,upstage/SOLAR-10.7B-v1.0,upstage/SOLAR-10.7B-v1.0,0.17158472852032605,0.021471627638186875,0.023413897280966767,0.01872783687943262,0.014541387024608499,0.04524739583333332
2841,upstage/solar-pro-preview-instruct,upstage/solar-pro-preview-instruct,0.8415814483348626,0.5482235099983529,0.21827794561933536,0.47482638888888895,0.1610738255033557,0.15007031249999997
2842,uukuguy/speechless-code-mistral-7b-v1.0,uukuguy/speechless-code-mistral-7b-v1.0,0.3665241559063286,0.24091412067845625,0.04607250755287009,0.23841976950354613,0.045861297539149914,0.14772135416666665
2843,uukuguy/speechless-codellama-34b-v2.0,uukuguy/speechless-codellama-34b-v2.0,0.46042168113937687,0.2599329326784064,0.04305135951661631,0.17137632978723402,0.025727069351230522,0.07205208333333334
2844,uukuguy/speechless-coder-ds-6.7b,uukuguy/speechless-coder-ds-6.7b,0.2504698644042252,0.15897457343156352,0.01661631419939577,0.0798611111111111,0.019015659955257263,0.05342187500000001
2845,uukuguy/speechless-instruct-mistral-7b-v0.2,uukuguy/speechless-instruct-mistral-7b-v0.2,0.3261324397044287,0.2455874736532269,0.04380664652567976,0.211362293144208,0.04250559284116329,0.21172135416666665
2846,uukuguy/speechless-llama2-hermes-orca-platypus-wizardlm-13b,uukuguy/speechless-llama2-hermes-orca-platypus-wizardlm-13b,0.45617517076911485,0.2679172729423422,0.014350453172205437,0.17322325650118206,0.026845637583892648,0.17754166666666665
2847,uukuguy/speechless-mistral-dolphin-orca-platypus-samantha-7b,uukuguy/speechless-mistral-dolphin-orca-platypus-samantha-7b,0.3700215428396654,0.2965312947574292,0.02945619335347432,0.2211510047281324,0.044742729306487705,0.13850260416666663
2848,uukuguy/speechless-zephyr-code-functionary-7b,uukuguy/speechless-zephyr-code-functionary-7b,0.2695791610704043,0.25983622785908506,0.03625377643504532,0.2326942966903073,0.06711409395973152,0.11613020833333332
2849,v000000/L3-8B-Stheno-v3.2-abliterated,v000000/L3-8B-Stheno-v3.2-abliterated (Merge),0.6717720093795573,0.30746304965684446,0.07099697885196375,0.28930260047281325,0.07941834451901568,0.05979427083333337
2850,v000000/L3.1-Niitorm-8B-DPO-t0.0001,v000000/L3.1-Niitorm-8B-DPO-t0.0001 (Merge),0.7688666072687137,0.30513173015804207,0.16163141993957705,0.31848404255319146,0.059284116331096204,0.072640625
2851,v000000/L3.1-Storniitova-8B,v000000/L3.1-Storniitova-8B (Merge),0.7816560060639105,0.308109931855899,0.14652567975830819,0.30841829196217496,0.05257270693512303,0.09961979166666664
2852,v000000/Qwen2.5-14B-Gutenberg-1e-Delta,v000000/Qwen2.5-14B-Gutenberg-1e-Delta (Merge),0.80451202808548,0.486166718794722,0.0,0.43668735224586286,0.1051454138702461,0.09379427083333335
2853,v000000/Qwen2.5-14B-Gutenberg-Instruct-Slerpeno,v000000/Qwen2.5-14B-Gutenberg-Instruct-Slerpeno (Merge),0.8197493760998594,0.4845212383388064,0.0,0.4359485815602837,0.10850111856823269,0.10053906250000003
2854,v000000/Qwen2.5-Lumen-14B,v000000/Qwen2.5-Lumen-14B (Merge),0.8063604569209697,0.4850786084405761,0.0,0.43363992316784866,0.10402684563758392,0.10291145833333337
2855,vhab10/Llama-3.1-8B-Base-Instruct-SLERP,vhab10/Llama-3.1-8B-Base-Instruct-SLERP (Merge),0.290711977552893,0.29926041623092614,0.11858006042296071,0.29124187352245867,0.06152125279642054,0.09366145833333334
2856,vhab10/Llama-3.2-Instruct-3B-TIES,vhab10/Llama-3.2-Instruct-3B-TIES (Merge),0.4727367828472896,0.19183159360187968,0.09592145015105741,0.21283983451536645,0.02572706935123044,0.03873697916666666
2857,vhab10/llama-3-8b-merged-linear,vhab10/llama-3-8b-merged-linear (Merge),0.5916634529714492,0.278160513277408,0.08157099697885198,0.3004765070921986,0.06599552572706939,0.11681510416666667
2858,vicgalle/CarbonBeagle-11B,vicgalle/CarbonBeagle-11B (Merge),0.5415298075772285,0.3306060419684841,0.06193353474320242,0.2529181442080378,0.06935123042505593,0.09187239583333338
2859,vicgalle/CarbonBeagle-11B-truthy,vicgalle/CarbonBeagle-11B-truthy,0.5212214701436632,0.3398837559181831,0.0513595166163142,0.2618757387706856,0.06599552572706939,0.041127604166666665
2860,vicgalle/Configurable-Hermes-2-Pro-Llama-3-8B,NousResearch/Meta-Llama-3-8B,0.5762510139762497,0.30509624748954783,0.06344410876132932,0.2330636820330969,0.06263982102908276,0.10062239583333334
2861,vicgalle/Configurable-Llama-3.1-8B-Instruct,vicgalle/Configurable-Llama-3.1-8B-Instruct,0.8312399987588486,0.29661397892084385,0.1729607250755287,0.28800975177304966,0.03243847874720355,0.05934375
2862,vicgalle/Configurable-Yi-1.5-9B-Chat,vicgalle/Configurable-Yi-1.5-9B-Chat,0.43234506664538974,0.35334445084622906,0.07326283987915407,0.335014036643026,0.12416107382550338,0.1202265625
2863,vicgalle/ConfigurableBeagle-11B,vicgalle/ConfigurableBeagle-11B,0.5834452585805663,0.32392022902811185,0.04380664652567977,0.26381501182033096,0.06935123042505593,0.07379427083333333
2864,vicgalle/ConfigurableHermes-7B,vicgalle/ConfigurableHermes-7B,0.5410798902467674,0.23158164380406476,0.04758308157099698,0.2250295508274231,0.03579418344519018,0.09110937500000003
2865,vicgalle/ConfigurableSOLAR-10.7B,vicgalle/ConfigurableSOLAR-10.7B,0.5099558061499044,0.27450950141666924,0.0,0.24146719858156027,0.06487695749440718,0.051932291666666665
2866,vicgalle/Humanish-RP-Llama-3.1-8B,vicgalle/Humanish-RP-Llama-3.1-8B,0.6669259786256023,0.29958560315236676,0.14728096676737162,0.2751736111111111,0.04921700223713646,0.08267708333333329
2867,vicgalle/Merge-Mistral-Prometheus-7B,vicgalle/Merge-Mistral-Prometheus-7B (Merge),0.48480143796238423,0.1841040626692948,0.017371601208459216,0.19076906028368795,0.017897091722595054,0.09950000000000003
2868,vicgalle/Merge-Mixtral-Prometheus-8x7B,vicgalle/Merge-Mixtral-Prometheus-8x7B (Merge),0.5744025851407598,0.34651421266143134,0.09441087613293052,0.2981678486997636,0.07829977628635347,0.09585416666666667
2869,vicgalle/Roleplay-Llama-3-8B,vicgalle/Roleplay-Llama-3-8B,0.7320221456845613,0.2855460390924062,0.09516616314199396,0.30093823877068554,0.014541387024608499,0.01677343749999999
2870,vihangd/smart-dan-sft-v0.1,vihangd/smart-dan-sft-v0.1,0.15764615664215392,0.03125599264349593,0.004531722054380665,0.015772754137115833,0.006711409395973183,0.011067708333333329
2871,voidful/smol-360m-ft,voidful/smol-360m-ft (Merge),0.20131030111216017,0.03022706443149273,0.005287009063444109,0.009677895981087458,0.0,0.03787239583333333
2872,vonjack/MobileLLM-125M-HF,vonjack/MobileLLM-125M-HF,0.21072753627042914,0.031465837127991156,0.0030211480362537764,0.01817375886524822,0.01342281879194629,0.05106770833333335
2873,vonjack/Phi-3-mini-4k-instruct-LLaMAfied,vonjack/Phi-3-mini-4k-instruct-LLaMAfied,0.5787488308798432,0.4020185213345416,0.1283987915407855,0.32060800827423175,0.10738255033557048,0.07110937500000002
2874,vonjack/Phi-3.5-mini-instruct-hermes-fc-json,vonjack/Phi-3.5-mini-instruct-hermes-fc-json (Merge),0.14158432957885078,0.02390836087243887,0.0,0.015403368794326239,0.0055928411633109736,0.08450260416666668
2875,vonjack/Qwen2.5-Coder-0.5B-Merged,vonjack/Qwen2.5-Coder-0.5B-Merged (Merge),0.30997087727230416,0.03588738438643756,0.0,0.022421690307328598,0.004474272930648763,0.008263020833333334
2876,vonjack/SmolLM2-1.7B-Merged,vonjack/SmolLM2-1.7B-Merged (Merge),0.36979658417443495,0.10766530256983183,0.045317220543806644,0.11643026004728134,0.039149888143176735,0.03832291666666668
2877,vonjack/SmolLM2-135M-Merged,vonjack/SmolLM2-135M-Merged (Merge),0.24829674153468353,0.04587041236226676,0.0030211480362537764,0.012448286052009452,0.0,0.034401041666666674
2878,vonjack/SmolLM2-360M-Merged,vonjack/SmolLM2-360M-Merged (Merge),0.3205871531979592,0.04741734006734007,0.0075528700906344415,0.01087839834515365,0.007829977628635318,0.03357812500000001
2879,w4r10ck/SOLAR-10.7B-Instruct-v1.0-uncensored,w4r10ck/SOLAR-10.7B-Instruct-v1.0-uncensored,0.3884060958257423,0.33858639234912963,0.0030211480362537764,0.2603981973995272,0.059284116331096204,0.18493489583333333
2880,wannaphong/KhanomTanLLM-Instruct,wannaphong/KhanomTanLLM-Instruct,0.16211762567764645,0.039448660598049246,0.0015105740181268884,0.013187056737588652,0.017897091722595054,0.04291145833333334
2881,waqasali1707/Beast-Soul-new,waqasali1707/Beast-Soul-new (Merge),0.5029865202108184,0.33044262388969803,0.0702416918429003,0.23417183806146574,0.043624161073825496,0.14503645833333334
2882,wave-on-discord/qwent-7b,wave-on-discord/qwent-7b (Merge),0.20148539209297997,0.18066398100675865,0.0,0.06702497044917256,0.020134228187919476,0.054736979166666686
2883,win10/ArliAI-RPMax-v1.3-merge-13.3B,win10/ArliAI-RPMax-v1.3-merge-13.3B (Merge),0.3038260703821416,0.23029799582073213,0.03474320241691843,0.24442228132387706,0.03243847874720355,0.1416380208333333
2884,win10/Breeze-13B-32k-Instruct-v1_0,win10/Breeze-13B-32k-Instruct-v1_0,0.35843118481185476,0.25258698638977545,0.009818731117824773,0.17423906619385343,0.019015659955257263,0.11058072916666667
2885,win10/EVA-Norns-Qwen2.5-v0.1,win10/EVA-Norns-Qwen2.5-v0.1 (Merge),0.6219630580193884,0.3006094150146785,0.15483383685800603,0.26944813829787234,0.04697986577181204,0.08563802083333334
2886,win10/Llama-3.2-3B-Instruct-24-9-29,meta-llama/Llama-3.2-3B-Instruct,0.7332211864519474,0.24196425775209623,0.1661631419939577,0.24756205673758866,0.03243847874720355,0.014401041666666685
2887,win10/Norns-Qwen2.5-12B,win10/Norns-Qwen2.5-12B (Merge),0.48969733640074997,0.23769257476895736,0.004531722054380665,0.18448950945626477,0.044742729306487705,0.022028645833333325
2888,win10/Norns-Qwen2.5-7B,win10/Norns-Qwen2.5-7B (Merge),0.6122211288270678,0.3025041504430965,0.1555891238670695,0.2681552895981087,0.045861297539149914,0.091265625
2889,win10/Qwen2.5-2B-Instruct,win10/Qwen2.5-2B-Instruct (Merge),0.22728914834860395,0.12071945685704749,0.0015105740181268882,0.1037788120567376,0.02348993288590602,0.1363046875
2890,win10/llama3-13.45b-Instruct,win10/llama3-13.45b-Instruct (Merge),0.41443481074659677,0.2667569043948038,0.020392749244712995,0.260582890070922,0.011185682326621947,0.06328385416666665
2891,winglian/Llama-3-8b-64k-PoSE,winglian/Llama-3-8b-64k-PoSE,0.28569085581811815,0.1330731679540503,0.03323262839879154,0.16297281323877066,0.014541387024608499,0.03077343750000001
2892,winglian/llama-3-8b-256k-PoSE,winglian/llama-3-8b-256k-PoSE,0.2909114482905358,0.05502848923020156,0.015105740181268885,0.012910017730496442,0.010067114093959738,0.009440104166666663
2893,wzhouad/gemma-2-9b-it-WPO-HB,google/gemma-2-9b,0.5437029304467701,0.3666169583479774,0.0,0.26224512411347517,0.1331096196868009,0.039656250000000004
2894,xMaulana/FinMatcha-3B-Instruct,xMaulana/FinMatcha-3B-Instruct (Merge),0.7548283000217202,0.23191022969435476,0.13595166163141997,0.2423906619385342,0.02572706935123044,0.050166666666666686
2895,xinchen9/Llama3.1_8B_Instruct_CoT,xinchen9/Llama3.1_8B_Instruct_CoT,0.2973565694579272,0.2114286611806116,0.05287009063444109,0.20877659574468088,0.06935123042505593,0.13166145833333337
2896,xinchen9/Llama3.1_CoT,xinchen9/Llama3.1_CoT,0.22461624046419057,0.19899123541883054,0.015105740181268883,0.19317006501182032,0.05145413870246088,0.11773958333333333
2897,xinchen9/Llama3.1_CoT_V1,xinchen9/Llama3.1_CoT_V1,0.2452991396162183,0.20166003338515426,0.01283987915407855,0.20055777186761228,0.039149888143176735,0.16419010416666666
2898,xinchen9/Mistral-7B-CoT,xinchen9/Mistral-7B-CoT,0.2798707429620075,0.1480619341451162,0.01963746223564955,0.14265661938534277,0.0,0.08195052083333336
2899,xinchen9/llama3-b8-ft-dis,xinchen9/llama3-b8-ft-dis,0.154598687039278,0.2472745698442778,0.03474320241691843,0.24931663711583923,0.08389261744966443,0.06405208333333333
2900,xkp24/Llama-3-8B-Instruct-SPPO-Iter2_bt_2b-table,xkp24/Llama-3-8B-Instruct-SPPO-Iter2_bt_2b-table,0.6374752323834093,0.27422821201539976,0.06797583081570997,0.29844488770685573,0.01230425055928408,0.054833333333333345
2901,xkp24/Llama-3-8B-Instruct-SPPO-Iter2_bt_8b-table,xkp24/Llama-3-8B-Instruct-SPPO-Iter2_bt_8b-table,0.7274509412802476,0.29398353220629614,0.08459214501510574,0.29964539007092195,0.01342281879194629,0.05104947916666667
2902,xkp24/Llama-3-8B-Instruct-SPPO-Iter2_gp_2b-table,xkp24/Llama-3-8B-Instruct-SPPO-Iter2_gp_2b-table,0.6568593553992297,0.2769519951055004,0.0649546827794562,0.30019946808510634,0.01230425055928408,0.022911458333333332
2903,xkp24/Llama-3-8B-Instruct-SPPO-Iter2_gp_8b-table,xkp24/Llama-3-8B-Instruct-SPPO-Iter2_gp_8b-table,0.6620799478716473,0.2850858731011431,0.07779456193353473,0.2888408687943262,0.01230425055928408,0.05001041666666667
2904,xkp24/Llama-3-8B-Instruct-SPPO-score-Iter2_bt_2b-table-0.001,xkp24/Llama-3-8B-Instruct-SPPO-score-Iter2_bt_2b-table-0.001,0.6042278931014153,0.27613714067888123,0.0649546827794562,0.30093823877068554,0.01230425055928408,0.052166666666666674
2905,xkp24/Llama-3-8B-Instruct-SPPO-score-Iter2_bt_8b-table-0.002,xkp24/Llama-3-8B-Instruct-SPPO-score-Iter2_bt_8b-table-0.002,0.7131876753680235,0.28574878539626725,0.06948640483383686,0.29604388297872336,0.011185682326621947,0.06067708333333335
2906,xkp24/Llama-3-8B-Instruct-SPPO-score-Iter2_gp_2b-table-0.001,xkp24/Llama-3-8B-Instruct-SPPO-score-Iter2_gp_2b-table-0.001,0.594710922574325,0.26943904089240506,0.07326283987915408,0.3004765070921986,0.01230425055928408,0.02328385416666666
2907,xkp24/Llama-3-8B-Instruct-SPPO-score-Iter2_gp_8b-table-0.002,xkp24/Llama-3-8B-Instruct-SPPO-score-Iter2_gp_8b-table-0.002,0.6453188650558296,0.28046977965255565,0.06797583081570997,0.2810837765957446,0.01342281879194629,0.07334375000000001
2908,xukp20/Llama-3-8B-Instruct-SPPO-Iter3_bt_2b-table,xukp20/Llama-3-8B-Instruct-SPPO-Iter3_bt_2b-table,0.575601625908146,0.26866404089240514,0.07930513595166164,0.29539745862884165,0.01230425055928408,0.029794270833333324
2909,xukp20/Llama-3-8B-Instruct-SPPO-Iter3_bt_8b-table,xukp20/Llama-3-8B-Instruct-SPPO-Iter3_bt_8b-table,0.7034457461757028,0.2973123940180749,0.08685800604229607,0.29918365839243505,0.01230425055928408,0.03904947916666666
2910,xukp20/Llama-3-8B-Instruct-SPPO-Iter3_gp_2b-table,xukp20/Llama-3-8B-Instruct-SPPO-Iter3_gp_2b-table,0.6023794642659256,0.27892403263090215,0.08610271903323262,0.2953051122931442,0.01230425055928408,0.03187239583333333
2911,xukp20/Llama-3-8B-Instruct-SPPO-Iter3_gp_8b-table,xukp20/Llama-3-8B-Instruct-SPPO-Iter3_gp_8b-table,0.6620300801872366,0.2843982384277912,0.08308157099697887,0.29050310283687947,0.01230425055928408,0.051265624999999995
2912,xukp20/Llama-3-8B-Instruct-SPPO-score-Iter3_bt_2b-table-0.001,xukp20/Llama-3-8B-Instruct-SPPO-score-Iter3_bt_2b-table-0.001,0.5336363072203975,0.27145373836403247,0.06570996978851963,0.29161125886524825,0.01230425055928408,0.04712760416666668
2913,xukp20/Llama-3-8B-Instruct-SPPO-score-Iter3_bt_8b-table-0.002,xukp20/Llama-3-8B-Instruct-SPPO-score-Iter3_bt_8b-table-0.002,0.685160928558447,0.2974055030563491,0.05438066465256799,0.29124187352245867,0.011185682326621947,0.05630468750000001
2914,xukp20/Llama-3-8B-Instruct-SPPO-score-Iter3_gp_2b-table-0.001,xukp20/Llama-3-8B-Instruct-SPPO-score-Iter3_gp_2b-table-0.001,0.5482242671666733,0.26839803365680337,0.044561933534743206,0.29678265366430256,0.014541387024608499,0.029421874999999997
2915,xukp20/llama-3-8b-instruct-sppo-iter1-gp-2b-tau01-table,xukp20/llama-3-8b-instruct-sppo-iter1-gp-2b-tau01-table,0.6909311737301471,0.2811988708608538,0.09290030211480362,0.3017693557919622,0.01230425055928408,0.030833333333333327
2916,xxx777xxxASD/L3.1-ClaudeMaid-4x8B,xxx777xxxASD/L3.1-ClaudeMaid-4x8B,0.6696487541944264,0.29437347820739546,0.1283987915407855,0.28671690307328607,0.05480984340044745,0.13750520833333332
2917,yam-peleg/Hebrew-Gemma-11B-Instruct,yam-peleg/Hebrew-Gemma-11B-Instruct,0.30207737691547315,0.1686274051283721,0.05740181268882176,0.17266917848699762,0.03467561521252797,0.09973437500000003
2918,yam-peleg/Hebrew-Mistral-7B,yam-peleg/Hebrew-Mistral-7B,0.2328344348550734,0.20176940422218426,0.04984894259818731,0.19778738179669028,0.039149888143176735,0.07673697916666668
2919,yam-peleg/Hebrew-Mistral-7B-200K,yam-peleg/Hebrew-Mistral-7B-200K,0.17698041197356346,0.07671323719331374,0.02190332326283988,0.16989878841607567,0.004474272930648763,0.04416666666666667
2920,ycros/BagelMIsteryTour-v2-8x7B,ycros/BagelMIsteryTour-v2-8x7B (Merge),0.6262095683896506,0.31366123015915476,0.08761329305135951,0.2756353427895981,0.07718120805369126,0.1031875
2921,yfzp/Llama-3-8B-Instruct-SPPO-Iter1_bt_2b-table,yfzp/Llama-3-8B-Instruct-SPPO-Iter1_bt_2b-table,0.6708976626462231,0.2817010653811822,0.07326283987915408,0.3017693557919622,0.01230425055928408,0.0385390625
2922,yfzp/Llama-3-8B-Instruct-SPPO-Iter1_bt_8b-table,yfzp/Llama-3-8B-Instruct-SPPO-Iter1_bt_8b-table,0.7332710541363582,0.29308127928492556,0.09743202416918428,0.30537086288416077,0.01342281879194629,0.05008854166666667
2923,yfzp/Llama-3-8B-Instruct-SPPO-Iter1_gp_2b-table,yfzp/Llama-3-8B-Instruct-SPPO-Iter1_gp_2b-table,0.6784664689690022,0.2746958823393755,0.09516616314199396,0.301954048463357,0.01230425055928408,0.027500000000000017
2924,yfzp/Llama-3-8B-Instruct-SPPO-Iter1_gp_8b-table,yfzp/Llama-3-8B-Instruct-SPPO-Iter1_gp_8b-table,0.7131876753680235,0.28604424224788855,0.09365558912386707,0.29807550236406616,0.01230425055928408,0.03683333333333333
2925,yfzp/Llama-3-8B-Instruct-SPPO-score-Iter1_bt_2b-table-0.001,yfzp/Llama-3-8B-Instruct-SPPO-score-Iter1_bt_2b-table-0.001,0.6495653754260917,0.2809919885125768,0.04833836858006042,0.30223108747044913,0.01230425055928408,0.0484609375
2926,yfzp/Llama-3-8B-Instruct-SPPO-score-Iter1_bt_8b-table-0.002,yfzp/Llama-3-8B-Instruct-SPPO-score-Iter1_bt_8b-table-0.002,0.7196073086078272,0.2878591054243753,0.0785498489425982,0.3038009751773049,0.01342281879194629,0.05593229166666667
2927,yfzp/Llama-3-8B-Instruct-SPPO-score-Iter1_gp_2b-table-0.001,yfzp/Llama-3-8B-Instruct-SPPO-score-Iter1_gp_2b-table-0.001,0.6504397221594259,0.2782525272195498,0.07326283987915408,0.3002918144208038,0.01230425055928408,0.028539062499999993
2928,yfzp/Llama-3-8B-Instruct-SPPO-score-Iter1_gp_8b-table-0.002,yfzp/Llama-3-8B-Instruct-SPPO-score-Iter1_gp_8b-table-0.002,0.7015973173402128,0.2812061516996449,0.07326283987915409,0.29659796099290775,0.01230425055928408,0.046382812499999995
2929,yifAI/Llama-3-8B-Instruct-SPPO-score-Iter3_gp_8b-table-0.002,Removed,0.6489658550423986,0.2728106392287093,0.06873111782477341,0.27997562056737585,0.015659955257270708,0.07134375000000003
2930,ylalain/ECE-PRYMMAL-YL-1B-SLERP-V8,ylalain/ECE-PRYMMAL-YL-1B-SLERP-V8,0.1505272676498358,0.15175392374828267,0.0,0.15373817966903072,0.05257270693512303,0.06765625
2931,ymcki/gemma-2-2b-ORPO-jpn-it-abliterated-18,google/gemma-2-2b,0.4630945890237902,0.1630199203988385,0.0037764350453172208,0.14939790189125293,0.05145413870246088,0.047283854166666674
2932,ymcki/gemma-2-2b-ORPO-jpn-it-abliterated-18-merge,google/gemma-2-2b,0.5218209905273564,0.1734833699622109,0.008308157099697885,0.16232638888888887,0.044742729306487705,0.03357812500000001
2933,ymcki/gemma-2-2b-jpn-it-abliterated-17,google/gemma-2-2b,0.5081572449988253,0.1623474918432881,0.0,0.1616799645390071,0.029082774049216997,0.03891145833333333
2934,ymcki/gemma-2-2b-jpn-it-abliterated-17-18-24,google/gemma-2-2b,0.5054843371144119,0.13114728218255617,0.0,0.14247192671394798,0.04138702460850116,0.020695312500000004
2935,ymcki/gemma-2-2b-jpn-it-abliterated-17-ORPO,google/gemma-2-2b,0.47478468242042227,0.14389413087436517,0.04229607250755287,0.13231382978723402,0.03243847874720355,0.04528385416666667
2936,ymcki/gemma-2-2b-jpn-it-abliterated-17-ORPO-alpaca,Removed,0.30647349033896726,0.16922412033306475,0.0007552870090634441,0.138778073286052,0.02572706935123044,0.07914583333333336
2937,ymcki/gemma-2-2b-jpn-it-abliterated-18,google/gemma-2-2b,0.5175246124726836,0.17143414938177204,0.0,0.16722074468085105,0.031319910514541416,0.042695312500000006
2938,ymcki/gemma-2-2b-jpn-it-abliterated-18-ORPO,google/gemma-2-2b,0.47423502972113984,0.16538078577820994,0.035498489425981876,0.13166740543735225,0.015659955257270708,0.07416666666666667
2939,ymcki/gemma-2-2b-jpn-it-abliterated-24,google/gemma-2-2b,0.49786566310722213,0.16772590130572934,0.0,0.1637115839243499,0.03691275167785232,0.07002864583333333
2940,yuchenxie/ArlowGPT-3B-Multilingual,yuchenxie/ArlowGPT-3B-Multilingual (Merge),0.6395486198841297,0.19503170070297382,0.09365558912386707,0.2018506205673759,0.04026845637583895,0.04083333333333333
2941,yuchenxie/ArlowGPT-8B,yuchenxie/ArlowGPT-8B (Merge),0.7846536079823757,0.2984290870867683,0.1933534743202417,0.3096187943262411,0.058165548098433995,0.08361979166666669
2942,yuvraj17/Llama3-8B-SuperNova-Spectrum-Hermes-DPO,yuvraj17/Llama3-8B-SuperNova-Spectrum-Hermes-DPO,0.46908979286072067,0.21238562899271304,0.05589123867069487,0.18162677304964536,0.06935123042505593,0.09619010416666668
2943,yuvraj17/Llama3-8B-SuperNova-Spectrum-dare_ties,yuvraj17/Llama3-8B-SuperNova-Spectrum-dare_ties (Merge),0.40127085023293746,0.23492187889680058,0.08232628398791542,0.2859781323877068,0.03355704697986576,0.11003385416666667
2944,yuvraj17/Llama3-8B-abliterated-Spectrum-slerp,yuvraj17/Llama3-8B-abliterated-Spectrum-slerp (Merge),0.2884878788281759,0.2854692976096071,0.05815709969788519,0.2507941784869976,0.06823266219239373,0.11011197916666662
2945,zake7749/gemma-2-2b-it-chinese-kyara-dpo,zake7749/gemma-2-2b-it-chinese-kyara-dpo (Merge),0.5382075116247114,0.19061804188812648,0.06646525679758308,0.17479314420803782,0.02237136465324381,0.16761979166666666
2946,zelk12/Gemma-2-TM-9B,zelk12/Gemma-2-TM-9B (Merge),0.8044621604010692,0.4204949103777593,0.0,0.3431405141843972,0.12863534675615215,0.11238281249999994
2947,zelk12/MT-Gen1-gemma-2-9B,zelk12/MT-Gen1-gemma-2-9B (Merge),0.7886252920029965,0.4401124668886745,0.1336858006042296,0.3756464243498817,0.12863534675615215,0.11577604166666668
2948,zelk12/MT-Gen2-GI-gemma-2-9B,zelk12/MT-Gen2-GI-gemma-2-9B (Merge),0.7913979352562314,0.4400259101447648,0.1336858006042296,0.3728760342789598,0.13422818791946312,0.12673697916666668
2949,zelk12/MT-Gen2-gemma-2-9B,zelk12/MT-Gen2-gemma-2-9B (Merge),0.7907485471881275,0.4410778153097642,0.1487915407854985,0.3763851950354609,0.12863534675615215,0.13303125000000005
2950,zelk12/MT-Gen3-gemma-2-9B,zelk12/MT-Gen3-gemma-2-9B (Merge),0.8020142111818863,0.4395064827244946,0.11404833836858005,0.3728760342789598,0.1319910514541387,0.11577604166666668
2951,zelk12/MT-Gen4-gemma-2-9B,zelk12/MT-Gen4-gemma-2-9B (Merge),0.7883005979689446,0.4396040416470536,0.16540785498489427,0.3763851950354609,0.13982102908277402,0.11383593750000001
2952,zelk12/MT-Gen5-gemma-2-9B,zelk12/MT-Gen5-gemma-2-9B (Merge),0.7923221496739761,0.44398243618952615,0.16842900302114805,0.3780474290780142,0.13534675615212524,0.10887500000000001
2953,zelk12/MT-Max-Merge_02012025163610-gemma-2-9B,zelk12/MT-Max-Merge_02012025163610-gemma-2-9B (Merge),0.7907485471881275,0.445016839041576,0.18202416918429004,0.37730865839243505,0.13534675615212524,0.11250260416666669
2954,zelk12/MT-Merge-gemma-2-9B,zelk12/MT-Merge-gemma-2-9B (Merge),0.8035379459833243,0.44320841821032736,0.1314199395770393,0.3735224586288417,0.1308724832214765,0.12103125
2955,zelk12/MT-Merge1-gemma-2-9B,zelk12/MT-Merge1-gemma-2-9B (Merge),0.7886252920029965,0.4405824559954283,0.1268882175226586,0.3749076536643025,0.13534675615212524,0.12148177083333335
2956,zelk12/MT-Merge2-MU-gemma-2-MTg2MT1g2-9B,zelk12/MT-Merge2-MU-gemma-2-MTg2MT1g2-9B (Merge),0.7955945779420827,0.4384019994693836,0.13821752265861026,0.37472296099290775,0.13422818791946312,0.13228645833333336
2957,zelk12/MT-Merge2-gemma-2-9B,zelk12/MT-Merge2-gemma-2-9B (Merge),0.7877010775852515,0.44157196877023513,0.15558912386706947,0.3757387706855792,0.13422818791946312,0.11510937500000003
2958,zelk12/MT-Merge3-gemma-2-9B,zelk12/MT-Merge3-gemma-2-9B (Merge),0.7858526487497618,0.4406607310905077,0.1336858006042296,0.3748153073286053,0.1319910514541387,0.12452083333333336
2959,zelk12/MT-Merge4-gemma-2-9B,zelk12/MT-Merge4-gemma-2-9B (Merge),0.7807317916461656,0.4405349239999947,0.18806646525679757,0.37666223404255317,0.13646532438478745,0.12479687500000003
2960,zelk12/MT-Merge5-gemma-2-9B,zelk12/MT-Merge5-gemma-2-9B (Merge),0.7843787816327343,0.44240598262546504,0.1555891238670695,0.3763851950354609,0.13758389261744966,0.12250260416666668
2961,zelk12/MT-gemma-2-9B,zelk12/MT-gemma-2-9B (Merge),0.7968434863938794,0.4332424255563143,0.0030211480362537764,0.35819296690307323,0.12751677852348994,0.09555989583333338
2962,zelk12/MT1-Gen1-gemma-2-9B,zelk12/MT1-Gen1-gemma-2-9B (Merge),0.7974430067775725,0.4427328174531427,0.12235649546827794,0.3750923463356973,0.12527964205816552,0.13103125000000004
2963,zelk12/MT1-Gen2-gemma-2-9B,zelk12/MT1-Gen2-gemma-2-9B (Merge),0.7983672211953174,0.4391919055805058,0.11329305135951662,0.37278368794326233,0.13646532438478745,0.12844270833333335
2964,zelk12/MT1-Gen3-gemma-2-9B,zelk12/MT1-Gen3-gemma-2-9B (Merge),0.795969139660545,0.43990306125489664,0.11782477341389729,0.3721372635933806,0.1319910514541387,0.12007031250000003
2965,zelk12/MT1-Gen4-gemma-2-9B,zelk12/MT1-Gen4-gemma-2-9B (Merge),0.7941207108250552,0.43145368161068776,0.04909365558912387,0.3651189420803782,0.12975391498881436,0.12089322916666669
2966,zelk12/MT1-Gen5-IF-gemma-2-S2DMv1-9B,zelk12/MT1-Gen5-IF-gemma-2-S2DMv1-9B (Merge),0.7929216700576691,0.4220102785338743,0.024924471299093656,0.35754654255319146,0.12527964205816552,0.12593229166666664
2967,zelk12/MT1-Gen5-gemma-2-9B,zelk12/MT1-Gen5-gemma-2-9B (Merge),0.7794828831943686,0.42496764198998194,0.0324773413897281,0.3580082742316785,0.12863534675615215,0.11459895833333335
2968,zelk12/MT1-Max-Merge_02012025163610-gemma-2-9B,zelk12/MT1-Max-Merge_02012025163610-gemma-2-9B (Merge),0.7928718023732586,0.442263771296489,0.16163141993957703,0.3757387706855792,0.13982102908277402,0.11887500000000001
2969,zelk12/MT1-gemma-2-9B,zelk12/MT1-gemma-2-9B (Merge),0.7946703635243378,0.4416152621661877,0.14954682779456194,0.3730607269503546,0.12751677852348994,0.13161979166666668
2970,zelk12/MT2-Gen1-gemma-2-9B,zelk12/MT2-Gen1-gemma-2-9B (Merge),0.7855778224001206,0.4414110315727481,0.10120845921450151,0.3751846926713948,0.12416107382550338,0.12007031250000003
2971,zelk12/MT2-Gen2-gemma-2-9B,zelk12/MT2-Gen2-gemma-2-9B (Merge),0.7889001183526376,0.4404450256220759,0.14803625377643503,0.3764775413711584,0.12863534675615215,0.1257760416666667
2972,zelk12/MT2-Gen3-gemma-2-9B,zelk12/MT2-Gen3-gemma-2-9B (Merge),0.7810066179958066,0.44007274058843926,0.13293051359516617,0.3749076536643025,0.12863534675615215,0.12052083333333335
2973,zelk12/MT2-Gen4-gemma-2-9B,zelk12/MT2-Gen4-gemma-2-9B (Merge),0.7895993741051521,0.43778361681045225,0.08308157099697885,0.3689974881796691,0.12751677852348994,0.10467708333333337
2974,zelk12/MT2-Gen5-gemma-2-9B,zelk12/MT2-Gen5-gemma-2-9B (Merge),0.7749116787900548,0.43124281373385825,0.0634441087613293,0.3668735224586289,0.13534675615212524,0.12385416666666663
2975,zelk12/MT2-Max-Merge_02012025163610-gemma-2-9B,zelk12/MT2-Max-Merge_02012025163610-gemma-2-9B (Merge),0.7901490268044344,0.4404081717896338,0.16993957703927492,0.37675458037825055,0.13534675615212524,0.11354166666666667
2976,zelk12/MT2-gemma-2-9B,zelk12/MT2-gemma-2-9B (Merge),0.7885754243185857,0.4416748136989228,0.14728096676737162,0.37426122931442085,0.12975391498881436,0.11540364583333335
2977,zelk12/MT3-Gen1-gemma-2-9B,zelk12/MT3-Gen1-gemma-2-9B (Merge),0.7837792612490415,0.4411949468740283,0.0324773413897281,0.3696439125295508,0.12863534675615215,0.10755989583333336
2978,zelk12/MT3-Gen2-gemma-2-9B,zelk12/MT3-Gen2-gemma-2-9B (Merge),0.7843289139483238,0.4394022574925496,0.020392749244712995,0.37029033687943264,0.14317673378076065,0.10022656250000002
2979,zelk12/MT3-Gen3-gemma-2-9B,zelk12/MT3-Gen3-gemma-2-9B (Merge),0.7856276900845313,0.4378374025194924,0.09063444108761329,0.36696586879432613,0.13534675615212524,0.12518750000000003
2980,zelk12/MT3-Gen4-gemma-2-9B,zelk12/MT3-Gen4-gemma-2-9B (Merge),0.7737126380226687,0.4377959090180507,0.20468277945619334,0.3763851950354609,0.12975391498881436,0.14721093750000003
2981,zelk12/MT3-Gen5-gemma-2-9B,zelk12/MT3-Gen5-gemma-2-9B (Merge),0.7990166092634212,0.43951198645912803,0.07250755287009064,0.36853575650118203,0.13758389261744966,0.11422656250000003
2982,zelk12/MT3-Gen5-gemma-2-9B_v1,zelk12/MT3-Gen5-gemma-2-9B_v1 (Merge),0.799616129647114,0.4415960180869316,0.1095166163141994,0.3732454196217494,0.1319910514541387,0.11481510416666671
2983,zelk12/MT3-Max-Merge_02012025163610-gemma-2-9B,zelk12/MT3-Max-Merge_02012025163610-gemma-2-9B (Merge),0.17615482475387526,0.44206519793342464,0.0770392749244713,0.37656988770685573,0.13422818791946312,0.1178359375
2984,zelk12/MT3-gemma-2-9B,zelk12/MT3-gemma-2-9B (Merge),0.7786085364610345,0.4424846451595969,0.10498489425981873,0.3696439125295508,0.12639821029082773,0.11903125
2985,zelk12/MT4-Gen1-gemma-2-9B,zelk12/MT4-Gen1-gemma-2-9B (Merge),0.7894996387363307,0.440095244503664,0.15030211480362535,0.37656988770685573,0.12527964205816552,0.130953125
2986,zelk12/MT4-Gen2-gemma-2-9B,zelk12/MT4-Gen2-gemma-2-9B (Merge),0.8050616807847623,0.4417665766133724,0.15709969788519637,0.3741688829787233,0.12751677852348994,0.12207031250000001
2987,zelk12/MT4-Gen3-gemma-2-9B,zelk12/MT4-Gen3-gemma-2-9B (Merge),0.7840540875986827,0.43894390102514824,0.1510574018126888,0.3756464243498817,0.12527964205816552,0.11940364583333335
2988,zelk12/MT4-Gen4-gemma-2-9B,zelk12/MT4-Gen4-gemma-2-9B (Merge),0.7874262512356104,0.43475810110859703,0.07703927492447128,0.3692745271867611,0.13646532438478745,0.12044270833333336
2989,zelk12/MT4-Gen5-gemma-2-9B,zelk12/MT4-Gen5-gemma-2-9B (Merge),0.7788833628106758,0.43947891569041736,0.1487915407854985,0.37601580969267134,0.14205816554809844,0.12020833333333333
2990,zelk12/MT4-Max-Merge_02012025163610-gemma-2-9B,zelk12/MT4-Max-Merge_02012025163610-gemma-2-9B (Merge),0.1770790391716202,0.4417398166698081,0.0755287009063444,0.37675458037825055,0.13534675615212524,0.11383593750000001
2991,zelk12/MT4-gemma-2-9B,zelk12/MT4-gemma-2-9B (Merge),0.7761605872418517,0.4355382749958519,0.17371601208459217,0.3739841903073286,0.1174496644295302,0.12999218750000002
2992,zelk12/MT5-Gen1-gemma-2-9B,zelk12/MT5-Gen1-gemma-2-9B (Merge),0.7831298731809377,0.4418333461079421,0.06873111782477341,0.37426122931442085,0.12975391498881436,0.11614843750000003
2993,zelk12/MT5-Gen2-gemma-2-9B,zelk12/MT5-Gen2-gemma-2-9B (Merge),0.7962439660101863,0.4411321466977781,0.10347432024169184,0.37546173167848695,0.13534675615212524,0.10436458333333333
2994,zelk12/MT5-Gen3-gemma-2-9B,zelk12/MT5-Gen3-gemma-2-9B (Merge),0.7825303527972446,0.4388591333925529,0.11555891238670694,0.375,0.13534675615212524,0.12081510416666669
2995,zelk12/MT5-Gen4-gemma-2-9B,zelk12/MT5-Gen4-gemma-2-9B (Merge),0.7834545672149895,0.4432321082390572,0.17069486404833836,0.37740100472813237,0.13758389261744966,0.11354166666666667
2996,zelk12/MT5-Gen5-gemma-2-9B,zelk12/MT5-Gen5-gemma-2-9B (Merge),0.7947202312087482,0.441150811115254,0.07326283987915408,0.36992095153664306,0.1308724832214765,0.11555989583333336
2997,zelk12/MT5-Max-Merge_02012025163610-gemma-2-9B,zelk12/MT5-Max-Merge_02012025163610-gemma-2-9B (Merge),0.17615482475387526,0.4427440650358212,0.0770392749244713,0.37666223404255317,0.13534675615212524,0.11213020833333333
2998,zelk12/MT5-gemma-2-9B,zelk12/MT5-gemma-2-9B (Merge),0.8047868544351211,0.4427125659181852,0.09516616314199396,0.374076536643026,0.12416107382550338,0.11481510416666671
2999,zelk12/MTM-Merge-gemma-2-9B,zelk12/MTM-Merge-gemma-2-9B (Merge),0.7798075772284205,0.44380677269180374,0.1661631419939577,0.3764775413711584,0.13982102908277402,0.11946354166666666
3000,zelk12/Rv0.4DMv1t0.25-gemma-2-9B,zelk12/Rv0.4DMv1t0.25-gemma-2-9B (Merge),0.7496575752337131,0.4366476423073275,0.19410876132930516,0.37786273640661944,0.12751677852348994,0.12932552083333335
3001,zelk12/Rv0.4DMv1t0.25Tt0.25-gemma-2-9B,zelk12/Rv0.4DMv1t0.25Tt0.25-gemma-2-9B (Merge),0.7646200968984516,0.43914818560925767,0.11253776435045318,0.3718602245862883,0.12304250559284118,0.12703125
3002,zelk12/Rv0.4MT4g2-gemma-2-9B,zelk12/Rv0.4MT4g2-gemma-2-9B (Merge),0.7320221456845613,0.43199045798991953,0.1797583081570997,0.37970966312056736,0.13758389261744966,0.11918750000000003
3003,zelk12/T31122024203920-gemma-2-9B,zelk12/T31122024203920-gemma-2-9B (Merge),0.7676176988169169,0.4372899711113373,0.13897280966767372,0.37472296099290775,0.13422818791946312,0.13324739583333328
3004,zelk12/Test01012025155054,zelk12/Test01012025155054 (Merge),0.1555229014570229,0.012805465682883084,0.0,0.010047281323877066,0.0,0.03710937499999999
3005,zelk12/Test01012025155054t0.5_gemma-2,zelk12/Test01012025155054t0.5_gemma-2 (Merge),0.1555229014570229,0.012805465682883084,0.0,0.010047281323877066,0.0,0.03710937499999999
3006,zelk12/gemma-2-S2MTM-9B,zelk12/gemma-2-S2MTM-9B (Merge),0.7822555264476034,0.43115727522884617,0.04003021148036254,0.3663194444444445,0.12751677852348994,0.12163802083333328
3007,zelk12/recoilme-gemma-2-Ataraxy-9B-v0.1,zelk12/recoilme-gemma-2-Ataraxy-9B-v0.1 (Merge),0.7648949232480927,0.4370651609013871,0.013595166163141997,0.3689974881796691,0.1331096196868009,0.10303125000000003
3008,zelk12/recoilme-gemma-2-Ataraxy-9B-v0.1-t0.25,zelk12/recoilme-gemma-2-Ataraxy-9B-v0.1-t0.25 (Merge),0.7706651684197928,0.4385035014659934,0.1555891238670695,0.37777039007092195,0.12416107382550338,0.13132552083333338
3009,zelk12/recoilme-gemma-2-Ataraxy-9B-v0.1-t0.75,zelk12/recoilme-gemma-2-Ataraxy-9B-v0.1-t0.75 (Merge),0.7208063493752133,0.4248715312806591,0.0,0.34895833333333337,0.1331096196868009,0.07755989583333336
3010,zelk12/recoilme-gemma-2-Ataraxy-9B-v0.2,zelk12/recoilme-gemma-2-Ataraxy-9B-v0.2 (Merge),0.759999024809727,0.4363358839796041,0.012084592145015106,0.3691821808510639,0.1308724832214765,0.09836458333333338
3011,zelk12/recoilme-gemma-2-Gutenberg-Doppel-9B-v0.1,zelk12/recoilme-gemma-2-Gutenberg-Doppel-9B-v0.1 (Merge),0.7615227596111651,0.4394125829423596,0.07326283987915408,0.3683510638297872,0.12192393736017897,0.13310937499999997
3012,zelk12/recoilme-gemma-2-Ifable-9B-v0.1,zelk12/recoilme-gemma-2-Ifable-9B-v0.1 (Merge),0.7943955371746965,0.4339057008013784,0.09138972809667675,0.3692745271867611,0.13534675615212524,0.110953125
3013,zelk12/recoilme-gemma-2-psy10k-mental_healt-9B-v0.1,zelk12/recoilme-gemma-2-psy10k-mental_healt-9B-v0.1 (Merge),0.7445367181301171,0.421326829485998,0.1805135951661631,0.3533909574468085,0.12527964205816552,0.1218359375
3014,zetasepic/Qwen2.5-32B-Instruct-abliterated-v2,Qwen/Qwen2.5-32B,0.8334131216283904,0.5653381848053765,0.0,0.5135195035460993,0.15659955257270694,0.14928385416666665
3015,zetasepic/Qwen2.5-72B-Instruct-abliterated,Qwen/Qwen2.5-72B,0.7152610628687438,0.599129758350465,0.46148036253776437,0.5413157505910166,0.20917225950782994,0.19122916666666664
3016,zhengr/MixTAO-7Bx2-MoE-v8.1,zhengr/MixTAO-7Bx2-MoE-v8.1,0.41878105648568026,0.19176907173483151,0.06646525679758308,0.20517508865248227,0.06487695749440718,0.08303124999999996
